x,y,z
-2,-2,3609
-2,-1.9596,3560.68
-2,-1.91919,3512.68
-2,-1.87879,3465.01
-2,-1.83838,3417.67
-2,-1.79798,3370.66
-2,-1.75758,3323.97
-2,-1.71717,3277.61
-2,-1.67677,3231.57
-2,-1.63636,3185.86
-2,-1.59596,3140.48
-2,-1.55556,3095.42
-2,-1.51515,3050.69
-2,-1.47475,3006.29
-2,-1.43434,2962.21
-2,-1.39394,2918.46
-2,-1.35354,2875.03
-2,-1.31313,2831.94
-2,-1.27273,2789.17
-2,-1.23232,2746.72
-2,-1.19192,2704.6
-2,-1.15152,2662.81
-2,-1.11111,2621.35
-2,-1.07071,2580.21
-2,-1.0303,2539.39
-2,-0.989899,2498.91
-2,-0.949495,2458.75
-2,-0.909091,2418.92
-2,-0.868687,2379.41
-2,-0.828283,2340.23
-2,-0.787879,2301.38
-2,-0.747475,2262.85
-2,-0.707071,2224.65
-2,-0.666667,2186.78
-2,-0.626263,2149.23
-2,-0.585859,2112.01
-2,-0.545455,2075.12
-2,-0.505051,2038.55
-2,-0.464646,2002.31
-2,-0.424242,1966.39
-2,-0.383838,1930.8
-2,-0.343434,1895.54
-2,-0.30303,1860.61
-2,-0.262626,1826
-2,-0.222222,1791.72
-2,-0.181818,1757.76
-2,-0.141414,1724.13
-2,-0.10101,1690.83
-2,-0.0606061,1657.85
-2,-0.020202,1625.2
-2,0.020202,1592.88
-2,0.0606061,1560.88
-2,0.10101,1529.21
-2,0.141414,1497.87
-2,0.181818,1466.85
-2,0.222222,1436.16
-2,0.262626,1405.8
-2,0.30303,1375.76
-2,0.343434,1346.05
-2,0.383838,1316.66
-2,0.424242,1287.6
-2,0.464646,1258.87
-2,0.505051,1230.47
-2,0.545455,1202.39
-2,0.585859,1174.64
-2,0.626263,1147.21
-2,0.666667,1120.11
-2,0.707071,1093.34
-2,0.747475,1066.89
-2,0.787879,1040.77
-2,0.828283,1014.98
-2,0.868687,989.512
-2,0.909091,964.372
-2,0.949495,939.558
-2,0.989899,915.071
-2,1.0303,890.91
-2,1.07071,867.076
-2,1.11111,843.568
-2,1.15152,820.387
-2,1.19192,797.532
-2,1.23232,775.003
-2,1.27273,752.802
-2,1.31313,730.926
-2,1.35354,709.378
-2,1.39394,688.155
-2,1.43434,667.259
-2,1.47475,646.69
-2,1.51515,626.447
-2,1.55556,606.531
-2,1.59596,586.941
-2,1.63636,567.678
-2,1.67677,548.741
-2,1.71717,530.13
-2,1.75758,511.847
-2,1.79798,493.889
-2,1.83838,476.258
-2,1.87879,458.954
-2,1.91919,441.976
-2,1.9596,425.325
-2,2,409
-1.9596,-2,3419.34
-1.9596,-1.9596,3372.31
-1.9596,-1.91919,3325.61
-1.9596,-1.87879,3279.23
-1.9596,-1.83838,3233.18
-1.9596,-1.79798,3187.46
-1.9596,-1.75758,3142.06
-1.9596,-1.71717,3096.99
-1.9596,-1.67677,3052.25
-1.9596,-1.63636,3007.83
-1.9596,-1.59596,2963.74
-1.9596,-1.55556,2919.98
-1.9596,-1.51515,2876.54
-1.9596,-1.47475,2833.43
-1.9596,-1.43434,2790.65
-1.9596,-1.39394,2748.19
-1.9596,-1.35354,2706.06
-1.9596,-1.31313,2664.25
-1.9596,-1.27273,2622.77
-1.9596,-1.23232,2581.62
-1.9596,-1.19192,2540.8
-1.9596,-1.15152,2500.3
-1.9596,-1.11111,2460.13
-1.9596,-1.07071,2420.28
-1.9596,-1.0303,2380.76
-1.9596,-0.989899,2341.57
-1.9596,-0.949495,2302.7
-1.9596,-0.909091,2264.16
-1.9596,-0.868687,2225.95
-1.9596,-0.828283,2188.06
-1.9596,-0.787879,2150.5
-1.9596,-0.747475,2113.27
-1.9596,-0.707071,2076.36
-1.9596,-0.666667,2039.78
-1.9596,-0.626263,2003.52
-1.9596,-0.585859,1967.6
-1.9596,-0.545455,1931.99
-1.9596,-0.505051,1896.72
-1.9596,-0.464646,1861.77
-1.9596,-0.424242,1827.15
-1.9596,-0.383838,1792.85
-1.9596,-0.343434,1758.89
-1.9596,-0.30303,1725.24
-1.9596,-0.262626,1691.93
-1.9596,-0.222222,1658.94
-1.9596,-0.181818,1626.27
-1.9596,-0.141414,1593.94
-1.9596,-0.10101,1561.93
-1.9596,-0.0606061,1530.24
-1.9596,-0.020202,1498.89
-1.9596,0.020202,1467.86
-1.9596,0.0606061,1437.15
-1.9596,0.10101,1406.78
-1.9596,0.141414,1376.73
-1.9596,0.181818,1347
-1.9596,0.222222,1317.6
-1.9596,0.262626,1288.53
-1.9596,0.30303,1259.79
-1.9596,0.343434,1231.37
-1.9596,0.383838,1203.28
-1.9596,0.424242,1175.51
-1.9596,0.464646,1148.07
-1.9596,0.505051,1120.96
-1.9596,0.545455,1094.17
-1.9596,0.585859,1067.71
-1.9596,0.626263,1041.58
-1.9596,0.666667,1015.77
-1.9596,0.707071,990.294
-1.9596,0.747475,965.141
-1.9596,0.787879,940.314
-1.9596,0.828283,915.813
-1.9596,0.868687,891.639
-1.9596,0.909091,867.792
-1.9596,0.949495,844.271
-1.9596,0.989899,821.076
-1.9596,1.0303,798.208
-1.9596,1.07071,775.667
-1.9596,1.11111,753.452
-1.9596,1.15152,731.563
-1.9596,1.19192,710.001
-1.9596,1.23232,688.766
-1.9596,1.27273,667.857
-1.9596,1.31313,647.274
-1.9596,1.35354,627.018
-1.9596,1.39394,607.088
-1.9596,1.43434,587.485
-1.9596,1.47475,568.209
-1.9596,1.51515,549.259
-1.9596,1.55556,530.635
-1.9596,1.59596,512.338
-1.9596,1.63636,494.368
-1.9596,1.67677,476.724
-1.9596,1.71717,459.406
-1.9596,1.75758,442.415
-1.9596,1.79798,425.751
-1.9596,1.83838,409.412
-1.9596,1.87879,393.401
-1.9596,1.91919,377.716
-1.9596,1.9596,362.357
-1.9596,2,347.325
-1.91919,-2,3238.51
-1.91919,-1.9596,3192.75
-1.91919,-1.91919,3147.31
-1.91919,-1.87879,3102.2
-1.91919,-1.83838,3057.42
-1.91919,-1.79798,3012.96
-1.91919,-1.75758,2968.83
-1.91919,-1.71717,2925.03
-1.91919,-1.67677,2881.55
-1.91919,-1.63636,2838.4
-1.91919,-1.59596,2795.58
-1.91919,-1.55556,2753.08
-1.91919,-1.51515,2710.91
-1.91919,-1.47475,2669.06
-1.91919,-1.43434,2627.55
-1.91919,-1.39394,2586.36
-1.91919,-1.35354,2545.49
-1.91919,-1.31313,2504.95
-1.91919,-1.27273,2464.74
-1.91919,-1.23232,2424.85
-1.91919,-1.19192,2385.3
-1.91919,-1.15152,2346.06
-1.91919,-1.11111,2307.16
-1.91919,-1.07071,2268.58
-1.91919,-1.0303,2230.32
-1.91919,-0.989899,2192.4
-1.91919,-0.949495,2154.8
-1.91919,-0.909091,2117.52
-1.91919,-0.868687,2080.58
-1.91919,-0.828283,2043.96
-1.91919,-0.787879,2007.66
-1.91919,-0.747475,1971.7
-1.91919,-0.707071,1936.06
-1.91919,-0.666667,1900.74
-1.91919,-0.626263,1865.75
-1.91919,-0.585859,1831.09
-1.91919,-0.545455,1796.76
-1.91919,-0.505051,1762.75
-1.91919,-0.464646,1729.07
-1.91919,-0.424242,1695.71
-1.91919,-0.383838,1662.68
-1.91919,-0.343434,1629.98
-1.91919,-0.30303,1597.6
-1.91919,-0.262626,1565.55
-1.91919,-0.222222,1533.83
-1.91919,-0.181818,1502.43
-1.91919,-0.141414,1471.36
-1.91919,-0.10101,1440.62
-1.91919,-0.0606061,1410.2
-1.91919,-0.020202,1380.11
-1.91919,0.020202,1350.35
-1.91919,0.0606061,1320.91
-1.91919,0.10101,1291.8
-1.91919,0.141414,1263.02
-1.91919,0.181818,1234.56
-1.91919,0.222222,1206.43
-1.91919,0.262626,1178.62
-1.91919,0.30303,1151.14
-1.91919,0.343434,1123.99
-1.91919,0.383838,1097.16
-1.91919,0.424242,1070.67
-1.91919,0.464646,1044.49
-1.91919,0.505051,1018.65
-1.91919,0.545455,993.128
-1.91919,0.585859,967.935
-1.91919,0.626263,943.068
-1.91919,0.666667,918.528
-1.91919,0.707071,894.314
-1.91919,0.747475,870.427
-1.91919,0.787879,846.867
-1.91919,0.828283,823.633
-1.91919,0.868687,800.725
-1.91919,0.909091,778.144
-1.91919,0.949495,755.889
-1.91919,0.989899,733.961
-1.91919,1.0303,712.36
-1.91919,1.07071,691.085
-1.91919,1.11111,670.136
-1.91919,1.15152,649.514
-1.91919,1.19192,629.218
-1.91919,1.23232,609.249
-1.91919,1.27273,589.607
-1.91919,1.31313,570.291
-1.91919,1.35354,551.301
-1.91919,1.39394,532.638
-1.91919,1.43434,514.301
-1.91919,1.47475,496.291
-1.91919,1.51515,478.607
-1.91919,1.55556,461.25
-1.91919,1.59596,444.22
-1.91919,1.63636,427.516
-1.91919,1.67677,411.138
-1.91919,1.71717,395.087
-1.91919,1.75758,379.362
-1.91919,1.79798,363.964
-1.91919,1.83838,348.892
-1.91919,1.87879,334.147
-1.91919,1.91919,319.729
-1.91919,1.9596,305.636
-1.91919,2,291.871
-1.87879,-2,3066.2
-1.87879,-1.9596,3021.68
-1.87879,-1.91919,2977.49
-1.87879,-1.87879,2933.62
-1.87879,-1.83838,2890.07
-1.87879,-1.79798,2846.86
-1.87879,-1.75758,2803.97
-1.87879,-1.71717,2761.4
-1.87879,-1.67677,2719.17
-1.87879,-1.63636,2677.26
-1.87879,-1.59596,2635.67
-1.87879,-1.55556,2594.42
-1.87879,-1.51515,2553.49
-1.87879,-1.47475,2512.88
-1.87879,-1.43434,2472.6
-1.87879,-1.39394,2432.65
-1.87879,-1.35354,2393.03
-1.87879,-1.31313,2353.73
-1.87879,-1.27273,2314.76
-1.87879,-1.23232,2276.11
-1.87879,-1.19192,2237.79
-1.87879,-1.15152,2199.8
-1.87879,-1.11111,2162.13
-1.87879,-1.07071,2124.79
-1.87879,-1.0303,2087.78
-1.87879,-0.989899,2051.09
-1.87879,-0.949495,2014.74
-1.87879,-0.909091,1978.7
-1.87879,-0.868687,1942.99
-1.87879,-0.828283,1907.61
-1.87879,-0.787879,1872.56
-1.87879,-0.747475,1837.83
-1.87879,-0.707071,1803.43
-1.87879,-0.666667,1769.36
-1.87879,-0.626263,1735.61
-1.87879,-0.585859,1702.19
-1.87879,-0.545455,1669.09
-1.87879,-0.505051,1636.32
-1.87879,-0.464646,1603.88
-1.87879,-0.424242,1571.77
-1.87879,-0.383838,1539.98
-1.87879,-0.343434,1508.52
-1.87879,-0.30303,1477.38
-1.87879,-0.262626,1446.57
-1.87879,-0.222222,1416.09
-1.87879,-0.181818,1385.93
-1.87879,-0.141414,1356.1
-1.87879,-0.10101,1326.6
-1.87879,-0.0606061,1297.42
-1.87879,-0.020202,1268.57
-1.87879,0.020202,1240.05
-1.87879,0.0606061,1211.85
-1.87879,0.10101,1183.98
-1.87879,0.141414,1156.43
-1.87879,0.181818,1129.22
-1.87879,0.222222,1102.32
-1.87879,0.262626,1075.76
-1.87879,0.30303,1049.52
-1.87879,0.343434,1023.61
-1.87879,0.383838,998.022
-1.87879,0.424242,972.763
-1.87879,0.464646,947.831
-1.87879,0.505051,923.225
-1.87879,0.545455,898.945
-1.87879,0.585859,874.992
-1.87879,0.626263,851.366
-1.87879,0.666667,828.066
-1.87879,0.707071,805.092
-1.87879,0.747475,782.445
-1.87879,0.787879,760.125
-1.87879,0.828283,738.131
-1.87879,0.868687,716.463
-1.87879,0.909091,695.122
-1.87879,0.949495,674.107
-1.87879,0.989899,653.419
-1.87879,1.0303,633.058
-1.87879,1.07071,613.023
-1.87879,1.11111,593.314
-1.87879,1.15152,573.932
-1.87879,1.19192,554.877
-1.87879,1.23232,536.148
-1.87879,1.27273,517.745
-1.87879,1.31313,499.669
-1.87879,1.35354,481.919
-1.87879,1.39394,464.496
-1.87879,1.43434,447.4
-1.87879,1.47475,430.63
-1.87879,1.51515,414.186
-1.87879,1.55556,398.069
-1.87879,1.59596,382.278
-1.87879,1.63636,366.814
-1.87879,1.67677,351.677
-1.87879,1.71717,336.865
-1.87879,1.75758,322.381
-1.87879,1.79798,308.223
-1.87879,1.83838,294.391
-1.87879,1.87879,280.886
-1.87879,1.91919,267.707
-1.87879,1.9596,254.855
-1.87879,2,242.33
-1.83838,-2,2902.13
-1.83838,-1.9596,2858.82
-1.83838,-1.91919,2815.83
-1.83838,-1.87879,2773.18
-1.83838,-1.83838,2730.85
-1.83838,-1.79798,2688.85
-1.83838,-1.75758,2647.17
-1.83838,-1.71717,2605.82
-1.83838,-1.67677,2564.8
-1.83838,-1.63636,2524.1
-1.83838,-1.59596,2483.73
-1.83838,-1.55556,2443.69
-1.83838,-1.51515,2403.97
-1.83838,-1.47475,2364.58
-1.83838,-1.43434,2325.51
-1.83838,-1.39394,2286.78
-1.83838,-1.35354,2248.37
-1.83838,-1.31313,2210.28
-1.83838,-1.27273,2172.52
-1.83838,-1.23232,2135.09
-1.83838,-1.19192,2097.99
-1.83838,-1.15152,2061.21
-1.83838,-1.11111,2024.75
-1.83838,-1.07071,1988.63
-1.83838,-1.0303,1952.83
-1.83838,-0.989899,1917.36
-1.83838,-0.949495,1882.21
-1.83838,-0.909091,1847.39
-1.83838,-0.868687,1812.9
-1.83838,-0.828283,1778.73
-1.83838,-0.787879,1744.89
-1.83838,-0.747475,1711.38
-1.83838,-0.707071,1678.19
-1.83838,-0.666667,1645.33
-1.83838,-0.626263,1612.79
-1.83838,-0.585859,1580.59
-1.83838,-0.545455,1548.71
-1.83838,-0.505051,1517.15
-1.83838,-0.464646,1485.92
-1.83838,-0.424242,1455.02
-1.83838,-0.383838,1424.44
-1.83838,-0.343434,1394.2
-1.83838,-0.30303,1364.27
-1.83838,-0.262626,1334.68
-1.83838,-0.222222,1305.41
-1.83838,-0.181818,1276.47
-1.83838,-0.141414,1247.85
-1.83838,-0.10101,1219.56
-1.83838,-0.0606061,1191.6
-1.83838,-0.020202,1163.96
-1.83838,0.020202,1136.65
-1.83838,0.0606061,1109.67
-1.83838,0.10101,1083.01
-1.83838,0.141414,1056.68
-1.83838,0.181818,1030.67
-1.83838,0.222222,1004.99
-1.83838,0.262626,979.643
-1.83838,0.30303,954.618
-1.83838,0.343434,929.92
-1.83838,0.383838,905.548
-1.83838,0.424242,881.503
-1.83838,0.464646,857.784
-1.83838,0.505051,834.392
-1.83838,0.545455,811.326
-1.83838,0.585859,788.586
-1.83838,0.626263,766.173
-1.83838,0.666667,744.087
-1.83838,0.707071,722.327
-1.83838,0.747475,700.894
-1.83838,0.787879,679.787
-1.83838,0.828283,659.006
-1.83838,0.868687,638.553
-1.83838,0.909091,618.425
-1.83838,0.949495,598.624
-1.83838,0.989899,579.15
-1.83838,1.0303,560.002
-1.83838,1.07071,541.181
-1.83838,1.11111,522.686
-1.83838,1.15152,504.517
-1.83838,1.19192,486.675
-1.83838,1.23232,469.16
-1.83838,1.27273,451.971
-1.83838,1.31313,435.108
-1.83838,1.35354,418.573
-1.83838,1.39394,402.363
-1.83838,1.43434,386.48
-1.83838,1.47475,370.924
-1.83838,1.51515,355.694
-1.83838,1.55556,340.79
-1.83838,1.59596,326.213
-1.83838,1.63636,311.963
-1.83838,1.67677,298.039
-1.83838,1.71717,284.442
-1.83838,1.75758,271.171
-1.83838,1.79798,258.226
-1.83838,1.83838,245.608
-1.83838,1.87879,233.317
-1.83838,1.91919,221.352
-1.83838,1.9596,209.713
-1.83838,2,198.401
-1.79798,-2,2745.98
-1.79798,-1.9596,2703.85
-1.79798,-1.91919,2662.06
-1.79798,-1.87879,2620.59
-1.79798,-1.83838,2579.45
-1.79798,-1.79798,2538.63
-1.79798,-1.75758,2498.15
-1.79798,-1.71717,2457.98
-1.79798,-1.67677,2418.15
-1.79798,-1.63636,2378.64
-1.79798,-1.59596,2339.45
-1.79798,-1.55556,2300.6
-1.79798,-1.51515,2262.07
-1.79798,-1.47475,2223.86
-1.79798,-1.43434,2185.99
-1.79798,-1.39394,2148.44
-1.79798,-1.35354,2111.21
-1.79798,-1.31313,2074.32
-1.79798,-1.27273,2037.74
-1.79798,-1.23232,2001.5
-1.79798,-1.19192,1965.58
-1.79798,-1.15152,1929.99
-1.79798,-1.11111,1894.73
-1.79798,-1.07071,1859.79
-1.79798,-1.0303,1825.17
-1.79798,-0.989899,1790.89
-1.79798,-0.949495,1756.93
-1.79798,-0.909091,1723.3
-1.79798,-0.868687,1689.99
-1.79798,-0.828283,1657.01
-1.79798,-0.787879,1624.36
-1.79798,-0.747475,1592.03
-1.79798,-0.707071,1560.03
-1.79798,-0.666667,1528.36
-1.79798,-0.626263,1497.01
-1.79798,-0.585859,1465.99
-1.79798,-0.545455,1435.3
-1.79798,-0.505051,1404.93
-1.79798,-0.464646,1374.89
-1.79798,-0.424242,1345.17
-1.79798,-0.383838,1315.79
-1.79798,-0.343434,1286.72
-1.79798,-0.30303,1257.99
-1.79798,-0.262626,1229.58
-1.79798,-0.222222,1201.5
-1.79798,-0.181818,1173.74
-1.79798,-0.141414,1146.31
-1.79798,-0.10101,1119.21
-1.79798,-0.0606061,1092.44
-1.79798,-0.020202,1065.99
-1.79798,0.020202,1039.86
-1.79798,0.0606061,1014.07
-1.79798,0.10101,988.596
-1.79798,0.141414,963.453
-1.79798,0.181818,938.636
-1.79798,0.222222,914.145
-1.79798,0.262626,889.981
-1.79798,0.30303,866.144
-1.79798,0.343434,842.632
-1.79798,0.383838,819.448
-1.79798,0.424242,796.59
-1.79798,0.464646,774.058
-1.79798,0.505051,751.853
-1.79798,0.545455,729.974
-1.79798,0.585859,708.422
-1.79798,0.626263,687.197
-1.79798,0.666667,666.297
-1.79798,0.707071,645.725
-1.79798,0.747475,625.479
-1.79798,0.787879,605.559
-1.79798,0.828283,585.966
-1.79798,0.868687,566.699
-1.79798,0.909091,547.759
-1.79798,0.949495,529.146
-1.79798,0.989899,510.858
-1.79798,1.0303,492.898
-1.79798,1.07071,475.264
-1.79798,1.11111,457.956
-1.79798,1.15152,440.975
-1.79798,1.19192,424.32
-1.79798,1.23232,407.992
-1.79798,1.27273,391.99
-1.79798,1.31313,376.315
-1.79798,1.35354,360.966
-1.79798,1.39394,345.944
-1.79798,1.43434,331.249
-1.79798,1.47475,316.879
-1.79798,1.51515,302.837
-1.79798,1.55556,289.121
-1.79798,1.59596,275.731
-1.79798,1.63636,262.668
-1.79798,1.67677,249.931
-1.79798,1.71717,237.521
-1.79798,1.75758,225.437
-1.79798,1.79798,213.68
-1.79798,1.83838,202.249
-1.79798,1.87879,191.145
-1.79798,1.91919,180.367
-1.79798,1.9596,169.916
-1.79798,2,159.791
-1.75758,-2,2597.47
-1.75758,-1.9596,2556.51
-1.75758,-1.91919,2515.88
-1.75758,-1.87879,2475.57
-1.75758,-1.83838,2435.59
-1.75758,-1.79798,2395.93
-1.75758,-1.75758,2356.6
-1.75758,-1.71717,2317.6
-1.75758,-1.67677,2278.93
-1.75758,-1.63636,2240.58
-1.75758,-1.59596,2202.56
-1.75758,-1.55556,2164.86
-1.75758,-1.51515,2127.49
-1.75758,-1.47475,2090.45
-1.75758,-1.43434,2053.73
-1.75758,-1.39394,2017.34
-1.75758,-1.35354,1981.28
-1.75758,-1.31313,1945.54
-1.75758,-1.27273,1910.13
-1.75758,-1.23232,1875.05
-1.75758,-1.19192,1840.29
-1.75758,-1.15152,1805.86
-1.75758,-1.11111,1771.76
-1.75758,-1.07071,1737.98
-1.75758,-1.0303,1704.53
-1.75758,-0.989899,1671.41
-1.75758,-0.949495,1638.61
-1.75758,-0.909091,1606.14
-1.75758,-0.868687,1573.99
-1.75758,-0.828283,1542.17
-1.75758,-0.787879,1510.68
-1.75758,-0.747475,1479.51
-1.75758,-0.707071,1448.67
-1.75758,-0.666667,1418.16
-1.75758,-0.626263,1387.98
-1.75758,-0.585859,1358.12
-1.75758,-0.545455,1328.58
-1.75758,-0.505051,1299.38
-1.75758,-0.464646,1270.5
-1.75758,-0.424242,1241.94
-1.75758,-0.383838,1213.72
-1.75758,-0.343434,1185.81
-1.75758,-0.30303,1158.24
-1.75758,-0.262626,1130.99
-1.75758,-0.222222,1104.07
-1.75758,-0.181818,1077.48
-1.75758,-0.141414,1051.21
-1.75758,-0.10101,1025.27
-1.75758,-0.0606061,999.652
-1.75758,-0.020202,974.363
-1.75758,0.020202,949.401
-1.75758,0.0606061,924.765
-1.75758,0.10101,900.456
-1.75758,0.141414,876.473
-1.75758,0.181818,852.817
-1.75758,0.222222,829.487
-1.75758,0.262626,806.484
-1.75758,0.30303,783.807
-1.75758,0.343434,761.457
-1.75758,0.383838,739.433
-1.75758,0.424242,717.736
-1.75758,0.464646,696.365
-1.75758,0.505051,675.321
-1.75758,0.545455,654.603
-1.75758,0.585859,634.212
-1.75758,0.626263,614.147
-1.75758,0.666667,594.409
-1.75758,0.707071,574.997
-1.75758,0.747475,555.912
-1.75758,0.787879,537.153
-1.75758,0.828283,518.721
-1.75758,0.868687,500.615
-1.75758,0.909091,482.836
-1.75758,0.949495,465.383
-1.75758,0.989899,448.257
-1.75758,1.0303,431.457
-1.75758,1.07071,414.984
-1.75758,1.11111,398.837
-1.75758,1.15152,383.017
-1.75758,1.19192,367.523
-1.75758,1.23232,352.356
-1.75758,1.27273,337.515
-1.75758,1.31313,323.001
-1.75758,1.35354,308.813
-1.75758,1.39394,294.952
-1.75758,1.43434,281.417
-1.75758,1.47475,268.209
-1.75758,1.51515,255.327
-1.75758,1.55556,242.772
-1.75758,1.59596,230.543
-1.75758,1.63636,218.641
-1.75758,1.67677,207.065
-1.75758,1.71717,195.815
-1.75758,1.75758,184.893
-1.75758,1.79798,174.296
-1.75758,1.83838,164.026
-1.75758,1.87879,154.083
-1.75758,1.91919,144.466
-1.75758,1.9596,135.176
-1.75758,2,126.212
-1.71717,-2,2456.33
-1.71717,-1.9596,2416.5
-1.71717,-1.91919,2377
-1.71717,-1.87879,2337.83
-1.71717,-1.83838,2298.98
-1.71717,-1.79798,2260.46
-1.71717,-1.75758,2222.27
-1.71717,-1.71717,2184.4
-1.71717,-1.67677,2146.86
-1.71717,-1.63636,2109.64
-1.71717,-1.59596,2072.76
-1.71717,-1.55556,2036.2
-1.71717,-1.51515,1999.96
-1.71717,-1.47475,1964.05
-1.71717,-1.43434,1928.47
-1.71717,-1.39394,1893.22
-1.71717,-1.35354,1858.29
-1.71717,-1.31313,1823.69
-1.71717,-1.27273,1789.41
-1.71717,-1.23232,1755.46
-1.71717,-1.19192,1721.84
-1.71717,-1.15152,1688.54
-1.71717,-1.11111,1655.57
-1.71717,-1.07071,1622.93
-1.71717,-1.0303,1590.61
-1.71717,-0.989899,1558.62
-1.71717,-0.949495,1526.96
-1.71717,-0.909091,1495.62
-1.71717,-0.868687,1464.61
-1.71717,-0.828283,1433.93
-1.71717,-0.787879,1403.57
-1.71717,-0.747475,1373.54
-1.71717,-0.707071,1343.83
-1.71717,-0.666667,1314.46
-1.71717,-0.626263,1285.4
-1.71717,-0.585859,1256.68
-1.71717,-0.545455,1228.28
-1.71717,-0.505051,1200.21
-1.71717,-0.464646,1172.46
-1.71717,-0.424242,1145.04
-1.71717,-0.383838,1117.95
-1.71717,-0.343434,1091.18
-1.71717,-0.30303,1064.74
-1.71717,-0.262626,1038.63
-1.71717,-0.222222,1012.84
-1.71717,-0.181818,987.384
-1.71717,-0.141414,962.25
-1.71717,-0.10101,937.443
-1.71717,-0.0606061,912.963
-1.71717,-0.020202,888.808
-1.71717,0.020202,864.981
-1.71717,0.0606061,841.479
-1.71717,0.10101,818.305
-1.71717,0.141414,795.456
-1.71717,0.181818,772.935
-1.71717,0.222222,750.74
-1.71717,0.262626,728.871
-1.71717,0.30303,707.329
-1.71717,0.343434,686.113
-1.71717,0.383838,665.224
-1.71717,0.424242,644.661
-1.71717,0.464646,624.425
-1.71717,0.505051,604.515
-1.71717,0.545455,584.932
-1.71717,0.585859,565.675
-1.71717,0.626263,546.745
-1.71717,0.666667,528.141
-1.71717,0.707071,509.864
-1.71717,0.747475,491.913
-1.71717,0.787879,474.289
-1.71717,0.828283,456.991
-1.71717,0.868687,440.02
-1.71717,0.909091,423.375
-1.71717,0.949495,407.057
-1.71717,0.989899,391.065
-1.71717,1.0303,375.4
-1.71717,1.07071,360.061
-1.71717,1.11111,345.048
-1.71717,1.15152,330.363
-1.71717,1.19192,316.003
-1.71717,1.23232,301.971
-1.71717,1.27273,288.264
-1.71717,1.31313,274.885
-1.71717,1.35354,261.831
-1.71717,1.39394,249.104
-1.71717,1.43434,236.704
-1.71717,1.47475,224.63
-1.71717,1.51515,212.883
-1.71717,1.55556,201.462
-1.71717,1.59596,190.368
-1.71717,1.63636,179.6
-1.71717,1.67677,169.159
-1.71717,1.71717,159.044
-1.71717,1.75758,149.256
-1.71717,1.79798,139.794
-1.71717,1.83838,130.658
-1.71717,1.87879,121.85
-1.71717,1.91919,113.367
-1.71717,1.9596,105.211
-1.71717,2,97.3822
-1.67677,-2,2322.27
-1.67677,-1.9596,2283.55
-1.67677,-1.91919,2245.16
-1.67677,-1.87879,2207.09
-1.67677,-1.83838,2169.35
-1.67677,-1.79798,2131.94
-1.67677,-1.75758,2094.86
-1.67677,-1.71717,2058.1
-1.67677,-1.67677,2021.66
-1.67677,-1.63636,1985.56
-1.67677,-1.59596,1949.78
-1.67677,-1.55556,1914.33
-1.67677,-1.51515,1879.2
-1.67677,-1.47475,1844.4
-1.67677,-1.43434,1809.93
-1.67677,-1.39394,1775.78
-1.67677,-1.35354,1741.96
-1.67677,-1.31313,1708.46
-1.67677,-1.27273,1675.3
-1.67677,-1.23232,1642.46
-1.67677,-1.19192,1609.94
-1.67677,-1.15152,1577.75
-1.67677,-1.11111,1545.89
-1.67677,-1.07071,1514.36
-1.67677,-1.0303,1483.15
-1.67677,-0.989899,1452.27
-1.67677,-0.949495,1421.71
-1.67677,-0.909091,1391.48
-1.67677,-0.868687,1361.58
-1.67677,-0.828283,1332
-1.67677,-0.787879,1302.75
-1.67677,-0.747475,1273.83
-1.67677,-0.707071,1245.23
-1.67677,-0.666667,1216.96
-1.67677,-0.626263,1189.02
-1.67677,-0.585859,1161.4
-1.67677,-0.545455,1134.11
-1.67677,-0.505051,1107.15
-1.67677,-0.464646,1080.51
-1.67677,-0.424242,1054.2
-1.67677,-0.383838,1028.22
-1.67677,-0.343434,1002.56
-1.67677,-0.30303,977.226
-1.67677,-0.262626,952.221
-1.67677,-0.222222,927.542
-1.67677,-0.181818,903.19
-1.67677,-0.141414,879.165
-1.67677,-0.10101,855.466
-1.67677,-0.0606061,832.093
-1.67677,-0.020202,809.047
-1.67677,0.020202,786.327
-1.67677,0.0606061,763.934
-1.67677,0.10101,741.868
-1.67677,0.141414,720.128
-1.67677,0.181818,698.714
-1.67677,0.222222,677.627
-1.67677,0.262626,656.866
-1.67677,0.30303,636.432
-1.67677,0.343434,616.324
-1.67677,0.383838,596.543
-1.67677,0.424242,577.089
-1.67677,0.464646,557.961
-1.67677,0.505051,539.159
-1.67677,0.545455,520.684
-1.67677,0.585859,502.535
-1.67677,0.626263,484.713
-1.67677,0.666667,467.217
-1.67677,0.707071,450.048
-1.67677,0.747475,433.206
-1.67677,0.787879,416.69
-1.67677,0.828283,400.5
-1.67677,0.868687,384.637
-1.67677,0.909091,369.1
-1.67677,0.949495,353.89
-1.67677,0.989899,339.006
-1.67677,1.0303,324.449
-1.67677,1.07071,310.218
-1.67677,1.11111,296.314
-1.67677,1.15152,282.737
-1.67677,1.19192,269.485
-1.67677,1.23232,256.561
-1.67677,1.27273,243.963
-1.67677,1.31313,231.691
-1.67677,1.35354,219.746
-1.67677,1.39394,208.127
-1.67677,1.43434,196.835
-1.67677,1.47475,185.869
-1.67677,1.51515,175.23
-1.67677,1.55556,164.917
-1.67677,1.59596,154.931
-1.67677,1.63636,145.271
-1.67677,1.67677,135.938
-1.67677,1.71717,126.931
-1.67677,1.75758,118.251
-1.67677,1.79798,109.898
-1.67677,1.83838,101.87
-1.67677,1.87879,94.1696
-1.67677,1.91919,86.7954
-1.67677,1.9596,79.7476
-1.67677,2,73.0264
-1.63636,-2,2195.02
-1.63636,-1.9596,2157.39
-1.63636,-1.91919,2120.08
-1.63636,-1.87879,2083.1
-1.63636,-1.83838,2046.44
-1.63636,-1.79798,2010.11
-1.63636,-1.75758,1974.11
-1.63636,-1.71717,1938.43
-1.63636,-1.67677,1903.08
-1.63636,-1.63636,1868.05
-1.63636,-1.59596,1833.36
-1.63636,-1.55556,1798.98
-1.63636,-1.51515,1764.94
-1.63636,-1.47475,1731.22
-1.63636,-1.43434,1697.83
-1.63636,-1.39394,1664.76
-1.63636,-1.35354,1632.02
-1.63636,-1.31313,1599.61
-1.63636,-1.27273,1567.53
-1.63636,-1.23232,1535.77
-1.63636,-1.19192,1504.33
-1.63636,-1.15152,1473.23
-1.63636,-1.11111,1442.45
-1.63636,-1.07071,1412
-1.63636,-1.0303,1381.87
-1.63636,-0.989899,1352.07
-1.63636,-0.949495,1322.59
-1.63636,-0.909091,1293.45
-1.63636,-0.868687,1264.63
-1.63636,-0.828283,1236.13
-1.63636,-0.787879,1207.96
-1.63636,-0.747475,1180.12
-1.63636,-0.707071,1152.61
-1.63636,-0.666667,1125.42
-1.63636,-0.626263,1098.56
-1.63636,-0.585859,1072.02
-1.63636,-0.545455,1045.81
-1.63636,-0.505051,1019.93
-1.63636,-0.464646,994.376
-1.63636,-0.424242,969.146
-1.63636,-0.383838,944.244
-1.63636,-0.343434,919.667
-1.63636,-0.30303,895.417
-1.63636,-0.262626,871.494
-1.63636,-0.222222,847.897
-1.63636,-0.181818,824.627
-1.63636,-0.141414,801.683
-1.63636,-0.10101,779.066
-1.63636,-0.0606061,756.775
-1.63636,-0.020202,734.81
-1.63636,0.020202,713.172
-1.63636,0.0606061,691.861
-1.63636,0.10101,670.876
-1.63636,0.141414,650.218
-1.63636,0.181818,629.886
-1.63636,0.222222,609.881
-1.63636,0.262626,590.202
-1.63636,0.30303,570.849
-1.63636,0.343434,551.823
-1.63636,0.383838,533.124
-1.63636,0.424242,514.751
-1.63636,0.464646,496.705
-1.63636,0.505051,478.985
-1.63636,0.545455,461.591
-1.63636,0.585859,444.525
-1.63636,0.626263,427.784
-1.63636,0.666667,411.37
-1.63636,0.707071,395.283
-1.63636,0.747475,379.522
-1.63636,0.787879,364.088
-1.63636,0.828283,348.98
-1.63636,0.868687,334.198
-1.63636,0.909091,319.743
-1.63636,0.949495,305.615
-1.63636,0.989899,291.813
-1.63636,1.0303,278.337
-1.63636,1.07071,265.189
-1.63636,1.11111,252.366
-1.63636,1.15152,239.87
-1.63636,1.19192,227.701
-1.63636,1.23232,215.858
-1.63636,1.27273,204.341
-1.63636,1.31313,193.151
-1.63636,1.35354,182.288
-1.63636,1.39394,171.751
-1.63636,1.43434,161.54
-1.63636,1.47475,151.657
-1.63636,1.51515,142.099
-1.63636,1.55556,132.868
-1.63636,1.59596,123.964
-1.63636,1.63636,115.386
-1.63636,1.67677,107.134
-1.63636,1.71717,99.2092
-1.63636,1.75758,91.6107
-1.63636,1.79798,84.3387
-1.63636,1.83838,77.3932
-1.63636,1.87879,70.7742
-1.63636,1.91919,64.4817
-1.63636,1.9596,58.5157
-1.63636,2,52.8762
-1.59596,-2,2074.34
-1.59596,-1.9596,2037.76
-1.59596,-1.91919,2001.5
-1.59596,-1.87879,1965.58
-1.59596,-1.83838,1929.97
-1.59596,-1.79798,1894.7
-1.59596,-1.75758,1859.75
-1.59596,-1.71717,1825.13
-1.59596,-1.67677,1790.83
-1.59596,-1.63636,1756.86
-1.59596,-1.59596,1723.22
-1.59596,-1.55556,1689.91
-1.59596,-1.51515,1656.92
-1.59596,-1.47475,1624.25
-1.59596,-1.43434,1591.92
-1.59596,-1.39394,1559.91
-1.59596,-1.35354,1528.22
-1.59596,-1.31313,1496.87
-1.59596,-1.27273,1465.84
-1.59596,-1.23232,1435.13
-1.59596,-1.19192,1404.76
-1.59596,-1.15152,1374.7
-1.59596,-1.11111,1344.98
-1.59596,-1.07071,1315.58
-1.59596,-1.0303,1286.51
-1.59596,-0.989899,1257.77
-1.59596,-0.949495,1229.35
-1.59596,-0.909091,1201.26
-1.59596,-0.868687,1173.49
-1.59596,-0.828283,1146.05
-1.59596,-0.787879,1118.94
-1.59596,-0.747475,1092.15
-1.59596,-0.707071,1065.69
-1.59596,-0.666667,1039.56
-1.59596,-0.626263,1013.75
-1.59596,-0.585859,988.274
-1.59596,-0.545455,963.12
-1.59596,-0.505051,938.293
-1.59596,-0.464646,913.793
-1.59596,-0.424242,889.619
-1.59596,-0.383838,865.771
-1.59596,-0.343434,842.25
-1.59596,-0.30303,819.056
-1.59596,-0.262626,796.188
-1.59596,-0.222222,773.646
-1.59596,-0.181818,751.431
-1.59596,-0.141414,729.543
-1.59596,-0.10101,707.981
-1.59596,-0.0606061,686.745
-1.59596,-0.020202,665.836
-1.59596,0.020202,645.254
-1.59596,0.0606061,624.998
-1.59596,0.10101,605.068
-1.59596,0.141414,585.465
-1.59596,0.181818,566.189
-1.59596,0.222222,547.239
-1.59596,0.262626,528.615
-1.59596,0.30303,510.318
-1.59596,0.343434,492.348
-1.59596,0.383838,474.703
-1.59596,0.424242,457.386
-1.59596,0.464646,440.395
-1.59596,0.505051,423.73
-1.59596,0.545455,407.392
-1.59596,0.585859,391.381
-1.59596,0.626263,375.696
-1.59596,0.666667,360.337
-1.59596,0.707071,345.305
-1.59596,0.747475,330.599
-1.59596,0.787879,316.22
-1.59596,0.828283,302.168
-1.59596,0.868687,288.442
-1.59596,0.909091,275.042
-1.59596,0.949495,261.969
-1.59596,0.989899,249.222
-1.59596,1.0303,236.802
-1.59596,1.07071,224.709
-1.59596,1.11111,212.942
-1.59596,1.15152,201.501
-1.59596,1.19192,190.387
-1.59596,1.23232,179.599
-1.59596,1.27273,169.138
-1.59596,1.31313,159.004
-1.59596,1.35354,149.196
-1.59596,1.39394,139.714
-1.59596,1.43434,130.559
-1.59596,1.47475,121.73
-1.59596,1.51515,113.228
-1.59596,1.55556,105.052
-1.59596,1.59596,97.2033
-1.59596,1.63636,89.6807
-1.59596,1.67677,82.4846
-1.59596,1.71717,75.6149
-1.59596,1.75758,69.0718
-1.59596,1.79798,62.8552
-1.59596,1.83838,56.965
-1.59596,1.87879,51.4014
-1.59596,1.91919,46.1642
-1.59596,1.9596,41.2536
-1.59596,2,36.6694
-1.55556,-2,1959.95
-1.55556,-1.9596,1924.4
-1.55556,-1.91919,1889.18
-1.55556,-1.87879,1854.28
-1.55556,-1.83838,1819.7
-1.55556,-1.79798,1785.46
-1.55556,-1.75758,1751.54
-1.55556,-1.71717,1717.95
-1.55556,-1.67677,1684.68
-1.55556,-1.63636,1651.74
-1.55556,-1.59596,1619.13
-1.55556,-1.55556,1586.84
-1.55556,-1.51515,1554.88
-1.55556,-1.47475,1523.24
-1.55556,-1.43434,1491.94
-1.55556,-1.39394,1460.96
-1.55556,-1.35354,1430.3
-1.55556,-1.31313,1399.97
-1.55556,-1.27273,1369.97
-1.55556,-1.23232,1340.3
-1.55556,-1.19192,1310.95
-1.55556,-1.15152,1281.93
-1.55556,-1.11111,1253.23
-1.55556,-1.07071,1224.86
-1.55556,-1.0303,1196.82
-1.55556,-0.989899,1169.1
-1.55556,-0.949495,1141.71
-1.55556,-0.909091,1114.65
-1.55556,-0.868687,1087.91
-1.55556,-0.828283,1061.5
-1.55556,-0.787879,1035.42
-1.55556,-0.747475,1009.66
-1.55556,-0.707071,984.234
-1.55556,-0.666667,959.13
-1.55556,-0.626263,934.352
-1.55556,-0.585859,909.901
-1.55556,-0.545455,885.776
-1.55556,-0.505051,861.978
-1.55556,-0.464646,838.507
-1.55556,-0.424242,815.362
-1.55556,-0.383838,792.543
-1.55556,-0.343434,770.051
-1.55556,-0.30303,747.886
-1.55556,-0.262626,726.047
-1.55556,-0.222222,704.534
-1.55556,-0.181818,683.348
-1.55556,-0.141414,662.489
-1.55556,-0.10101,641.956
-1.55556,-0.0606061,621.749
-1.55556,-0.020202,601.869
-1.55556,0.020202,582.315
-1.55556,0.0606061,563.088
-1.55556,0.10101,544.188
-1.55556,0.141414,525.614
-1.55556,0.181818,507.366
-1.55556,0.222222,489.445
-1.55556,0.262626,471.85
-1.55556,0.30303,454.582
-1.55556,0.343434,437.641
-1.55556,0.383838,421.026
-1.55556,0.424242,404.737
-1.55556,0.464646,388.775
-1.55556,0.505051,373.139
-1.55556,0.545455,357.83
-1.55556,0.585859,342.848
-1.55556,0.626263,328.192
-1.55556,0.666667,313.862
-1.55556,0.707071,299.859
-1.55556,0.747475,286.182
-1.55556,0.787879,272.832
-1.55556,0.828283,259.809
-1.55556,0.868687,247.112
-1.55556,0.909091,234.741
-1.55556,0.949495,222.697
-1.55556,0.989899,210.979
-1.55556,1.0303,199.588
-1.55556,1.07071,188.523
-1.55556,1.11111,177.785
-1.55556,1.15152,167.374
-1.55556,1.19192,157.288
-1.55556,1.23232,147.53
-1.55556,1.27273,138.098
-1.55556,1.31313,128.992
-1.55556,1.35354,120.213
-1.55556,1.39394,111.76
-1.55556,1.43434,103.634
-1.55556,1.47475,95.8344
-1.55556,1.51515,88.3613
-1.55556,1.55556,81.2146
-1.55556,1.59596,74.3944
-1.55556,1.63636,67.9008
-1.55556,1.67677,61.7336
-1.55556,1.71717,55.8929
-1.55556,1.75758,50.3787
-1.55556,1.79798,45.1911
-1.55556,1.83838,40.3299
-1.55556,1.87879,35.7952
-1.55556,1.91919,31.587
-1.55556,1.9596,27.7053
-1.55556,2,24.1501
-1.51515,-2,1851.62
-1.51515,-1.9596,1817.07
-1.51515,-1.91919,1782.84
-1.51515,-1.87879,1748.95
-1.51515,-1.83838,1715.38
-1.51515,-1.79798,1682.13
-1.51515,-1.75758,1649.22
-1.51515,-1.71717,1616.63
-1.51515,-1.67677,1584.36
-1.51515,-1.63636,1552.43
-1.51515,-1.59596,1520.82
-1.51515,-1.55556,1489.53
-1.51515,-1.51515,1458.57
-1.51515,-1.47475,1427.94
-1.51515,-1.43434,1397.64
-1.51515,-1.39394,1367.66
-1.51515,-1.35354,1338.01
-1.51515,-1.31313,1308.68
-1.51515,-1.27273,1279.68
-1.51515,-1.23232,1251.01
-1.51515,-1.19192,1222.66
-1.51515,-1.15152,1194.64
-1.51515,-1.11111,1166.95
-1.51515,-1.07071,1139.58
-1.51515,-1.0303,1112.55
-1.51515,-0.989899,1085.83
-1.51515,-0.949495,1059.44
-1.51515,-0.909091,1033.38
-1.51515,-0.868687,1007.65
-1.51515,-0.828283,982.243
-1.51515,-0.787879,957.162
-1.51515,-0.747475,932.408
-1.51515,-0.707071,907.98
-1.51515,-0.666667,883.878
-1.51515,-0.626263,860.103
-1.51515,-0.585859,836.655
-1.51515,-0.545455,813.533
-1.51515,-0.505051,790.737
-1.51515,-0.464646,768.268
-1.51515,-0.424242,746.126
-1.51515,-0.383838,724.31
-1.51515,-0.343434,702.821
-1.51515,-0.30303,681.658
-1.51515,-0.262626,660.821
-1.51515,-0.222222,640.311
-1.51515,-0.181818,620.128
-1.51515,-0.141414,600.271
-1.51515,-0.10101,580.74
-1.51515,-0.0606061,561.536
-1.51515,-0.020202,542.659
-1.51515,0.020202,524.108
-1.51515,0.0606061,505.883
-1.51515,0.10101,487.985
-1.51515,0.141414,470.414
-1.51515,0.181818,453.169
-1.51515,0.222222,436.25
-1.51515,0.262626,419.658
-1.51515,0.30303,403.393
-1.51515,0.343434,387.454
-1.51515,0.383838,371.841
-1.51515,0.424242,356.555
-1.51515,0.464646,341.596
-1.51515,0.505051,326.963
-1.51515,0.545455,312.656
-1.51515,0.585859,298.676
-1.51515,0.626263,285.023
-1.51515,0.666667,271.696
-1.51515,0.707071,258.695
-1.51515,0.747475,246.021
-1.51515,0.787879,233.674
-1.51515,0.828283,221.653
-1.51515,0.868687,209.958
-1.51515,0.909091,198.59
-1.51515,0.949495,187.549
-1.51515,0.989899,176.833
-1.51515,1.0303,166.445
-1.51515,1.07071,156.383
-1.51515,1.11111,146.647
-1.51515,1.15152,137.238
-1.51515,1.19192,128.156
-1.51515,1.23232,119.4
-1.51515,1.27273,110.97
-1.51515,1.31313,102.867
-1.51515,1.35354,95.0904
-1.51515,1.39394,87.6403
-1.51515,1.43434,80.5168
-1.51515,1.47475,73.7197
-1.51515,1.51515,67.2491
-1.51515,1.55556,61.105
-1.51515,1.59596,55.2874
-1.51515,1.63636,49.7963
-1.51515,1.67677,44.6317
-1.51515,1.71717,39.7936
-1.51515,1.75758,35.282
-1.51515,1.79798,31.0969
-1.51515,1.83838,27.2383
-1.51515,1.87879,23.7062
-1.51515,1.91919,20.5006
-1.51515,1.9596,17.6215
-1.51515,2,15.0689
-1.47475,-2,1749.09
-1.47475,-1.9596,1715.51
-1.47475,-1.91919,1682.27
-1.47475,-1.87879,1649.35
-1.47475,-1.83838,1616.75
-1.47475,-1.79798,1584.49
-1.47475,-1.75758,1552.55
-1.47475,-1.71717,1520.93
-1.47475,-1.67677,1489.64
-1.47475,-1.63636,1458.68
-1.47475,-1.59596,1428.05
-1.47475,-1.55556,1397.74
-1.47475,-1.51515,1367.76
-1.47475,-1.47475,1338.1
-1.47475,-1.43434,1308.77
-1.47475,-1.39394,1279.77
-1.47475,-1.35354,1251.1
-1.47475,-1.31313,1222.75
-1.47475,-1.27273,1194.72
-1.47475,-1.23232,1167.03
-1.47475,-1.19192,1139.66
-1.47475,-1.15152,1112.61
-1.47475,-1.11111,1085.9
-1.47475,-1.07071,1059.51
-1.47475,-1.0303,1033.44
-1.47475,-0.989899,1007.71
-1.47475,-0.949495,982.296
-1.47475,-0.909091,957.212
-1.47475,-0.868687,932.454
-1.47475,-0.828283,908.023
-1.47475,-0.787879,883.918
-1.47475,-0.747475,860.14
-1.47475,-0.707071,836.688
-1.47475,-0.666667,813.563
-1.47475,-0.626263,790.764
-1.47475,-0.585859,768.292
-1.47475,-0.545455,746.146
-1.47475,-0.505051,724.327
-1.47475,-0.464646,702.834
-1.47475,-0.424242,681.668
-1.47475,-0.383838,660.828
-1.47475,-0.343434,640.315
-1.47475,-0.30303,620.128
-1.47475,-0.262626,600.268
-1.47475,-0.222222,580.734
-1.47475,-0.181818,561.527
-1.47475,-0.141414,542.646
-1.47475,-0.10101,524.092
-1.47475,-0.0606061,505.864
-1.47475,-0.020202,487.963
-1.47475,0.020202,470.388
-1.47475,0.0606061,453.14
-1.47475,0.10101,436.218
-1.47475,0.141414,419.623
-1.47475,0.181818,403.354
-1.47475,0.222222,387.412
-1.47475,0.262626,371.796
-1.47475,0.30303,356.507
-1.47475,0.343434,341.544
-1.47475,0.383838,326.907
-1.47475,0.424242,312.598
-1.47475,0.464646,298.614
-1.47475,0.505051,284.957
-1.47475,0.545455,271.627
-1.47475,0.585859,258.623
-1.47475,0.626263,245.946
-1.47475,0.666667,233.595
-1.47475,0.707071,221.571
-1.47475,0.747475,209.873
-1.47475,0.787879,198.502
-1.47475,0.828283,187.457
-1.47475,0.868687,176.738
-1.47475,0.909091,166.347
-1.47475,0.949495,156.281
-1.47475,0.989899,146.542
-1.47475,1.0303,137.13
-1.47475,1.07071,128.044
-1.47475,1.11111,119.285
-1.47475,1.15152,110.852
-1.47475,1.19192,102.746
-1.47475,1.23232,94.9657
-1.47475,1.27273,87.5124
-1.47475,1.31313,80.3855
-1.47475,1.35354,73.5851
-1.47475,1.39394,67.1112
-1.47475,1.43434,60.9638
-1.47475,1.47475,55.1429
-1.47475,1.51515,49.6486
-1.47475,1.55556,44.4807
-1.47475,1.59596,39.6393
-1.47475,1.63636,35.1244
-1.47475,1.67677,30.936
-1.47475,1.71717,27.0741
-1.47475,1.75758,23.5387
-1.47475,1.79798,20.3298
-1.47475,1.83838,17.4473
-1.47475,1.87879,14.8914
-1.47475,1.91919,12.662
-1.47475,1.9596,10.7591
-1.47475,2,9.18268
-1.43434,-2,1652.13
-1.43434,-1.9596,1619.5
-1.43434,-1.91919,1587.21
-1.43434,-1.87879,1555.24
-1.43434,-1.83838,1523.59
-1.43434,-1.79798,1492.28
-1.43434,-1.75758,1461.29
-1.43434,-1.71717,1430.62
-1.43434,-1.67677,1400.28
-1.43434,-1.63636,1370.27
-1.43434,-1.59596,1340.59
-1.43434,-1.55556,1311.23
-1.43434,-1.51515,1282.2
-1.43434,-1.47475,1253.49
-1.43434,-1.43434,1225.11
-1.43434,-1.39394,1197.06
-1.43434,-1.35354,1169.33
-1.43434,-1.31313,1141.93
-1.43434,-1.27273,1114.86
-1.43434,-1.23232,1088.12
-1.43434,-1.19192,1061.7
-1.43434,-1.15152,1035.6
-1.43434,-1.11111,1009.83
-1.43434,-1.07071,984.395
-1.43434,-1.0303,959.281
-1.43434,-0.989899,934.493
-1.43434,-0.949495,910.032
-1.43434,-0.909091,885.898
-1.43434,-0.868687,862.09
-1.43434,-0.828283,838.609
-1.43434,-0.787879,815.454
-1.43434,-0.747475,792.625
-1.43434,-0.707071,770.123
-1.43434,-0.666667,747.948
-1.43434,-0.626263,726.099
-1.43434,-0.585859,704.576
-1.43434,-0.545455,683.381
-1.43434,-0.505051,662.511
-1.43434,-0.464646,641.968
-1.43434,-0.424242,621.752
-1.43434,-0.383838,601.862
-1.43434,-0.343434,582.298
-1.43434,-0.30303,563.061
-1.43434,-0.262626,544.151
-1.43434,-0.222222,525.567
-1.43434,-0.181818,507.309
-1.43434,-0.141414,489.378
-1.43434,-0.10101,471.774
-1.43434,-0.0606061,454.496
-1.43434,-0.020202,437.545
-1.43434,0.020202,420.92
-1.43434,0.0606061,404.621
-1.43434,0.10101,388.649
-1.43434,0.141414,373.004
-1.43434,0.181818,357.685
-1.43434,0.222222,342.692
-1.43434,0.262626,328.026
-1.43434,0.30303,313.687
-1.43434,0.343434,299.674
-1.43434,0.383838,285.987
-1.43434,0.424242,272.627
-1.43434,0.464646,259.594
-1.43434,0.505051,246.887
-1.43434,0.545455,234.506
-1.43434,0.585859,222.452
-1.43434,0.626263,210.725
-1.43434,0.666667,199.324
-1.43434,0.707071,188.249
-1.43434,0.747475,177.501
-1.43434,0.787879,167.079
-1.43434,0.828283,156.984
-1.43434,0.868687,147.216
-1.43434,0.909091,137.774
-1.43434,0.949495,128.658
-1.43434,0.989899,119.869
-1.43434,1.0303,111.407
-1.43434,1.07071,103.271
-1.43434,1.11111,95.4611
-1.43434,1.15152,87.9781
-1.43434,1.19192,80.8215
-1.43434,1.23232,73.9915
-1.43434,1.27273,67.4879
-1.43434,1.31313,61.3108
-1.43434,1.35354,55.4603
-1.43434,1.39394,49.9362
-1.43434,1.43434,44.7386
-1.43434,1.47475,39.8676
-1.43434,1.51515,35.323
-1.43434,1.55556,31.1049
-1.43434,1.59596,27.2133
-1.43434,1.63636,23.6482
-1.43434,1.67677,20.4096
-1.43434,1.71717,17.4975
-1.43434,1.75758,14.912
-1.43434,1.79798,12.6529
-1.43434,1.83838,10.7203
-1.43434,1.87879,9.11415
-1.43434,1.91919,7.83455
-1.43434,1.9596,6.88144
-1.43434,2,6.25483
-1.39394,-2,1560.51
-1.39394,-1.9596,1528.81
-1.39394,-1.91919,1497.44
-1.39394,-1.87879,1466.39
-1.39394,-1.83838,1435.67
-1.39394,-1.79798,1405.27
-1.39394,-1.75758,1375.21
-1.39394,-1.71717,1345.47
-1.39394,-1.67677,1316.05
-1.39394,-1.63636,1286.96
-1.39394,-1.59596,1258.2
-1.39394,-1.55556,1229.77
-1.39394,-1.51515,1201.66
-1.39394,-1.47475,1173.88
-1.39394,-1.43434,1146.42
-1.39394,-1.39394,1119.29
-1.39394,-1.35354,1092.49
-1.39394,-1.31313,1066.01
-1.39394,-1.27273,1039.86
-1.39394,-1.23232,1014.04
-1.39394,-1.19192,988.545
-1.39394,-1.15152,963.375
-1.39394,-1.11111,938.531
-1.39394,-1.07071,914.014
-1.39394,-1.0303,889.824
-1.39394,-0.989899,865.96
-1.39394,-0.949495,842.422
-1.39394,-0.909091,819.211
-1.39394,-0.868687,796.327
-1.39394,-0.828283,773.769
-1.39394,-0.787879,751.537
-1.39394,-0.747475,729.632
-1.39394,-0.707071,708.054
-1.39394,-0.666667,686.802
-1.39394,-0.626263,665.876
-1.39394,-0.585859,645.277
-1.39394,-0.545455,625.005
-1.39394,-0.505051,605.059
-1.39394,-0.464646,585.439
-1.39394,-0.424242,566.146
-1.39394,-0.383838,547.18
-1.39394,-0.343434,528.54
-1.39394,-0.30303,510.226
-1.39394,-0.262626,492.239
-1.39394,-0.222222,474.579
-1.39394,-0.181818,457.245
-1.39394,-0.141414,440.237
-1.39394,-0.10101,423.556
-1.39394,-0.0606061,407.202
-1.39394,-0.020202,391.173
-1.39394,0.020202,375.472
-1.39394,0.0606061,360.097
-1.39394,0.10101,345.048
-1.39394,0.141414,330.326
-1.39394,0.181818,315.931
-1.39394,0.222222,301.862
-1.39394,0.262626,288.119
-1.39394,0.30303,274.703
-1.39394,0.343434,261.613
-1.39394,0.383838,248.85
-1.39394,0.424242,236.414
-1.39394,0.464646,224.304
-1.39394,0.505051,212.52
-1.39394,0.545455,201.063
-1.39394,0.585859,189.932
-1.39394,0.626263,179.128
-1.39394,0.666667,168.651
-1.39394,0.707071,158.5
-1.39394,0.747475,148.675
-1.39394,0.787879,139.177
-1.39394,0.828283,130.005
-1.39394,0.868687,121.16
-1.39394,0.909091,112.642
-1.39394,0.949495,104.449
-1.39394,0.989899,96.5839
-1.39394,1.0303,89.0448
-1.39394,1.07071,81.8321
-1.39394,1.11111,74.946
-1.39394,1.15152,68.3864
-1.39394,1.19192,62.1533
-1.39394,1.23232,56.2466
-1.39394,1.27273,50.6665
-1.39394,1.31313,45.4128
-1.39394,1.35354,40.4857
-1.39394,1.39394,35.8851
-1.39394,1.43434,31.6109
-1.39394,1.47475,27.6633
-1.39394,1.51515,24.0421
-1.39394,1.55556,20.7475
-1.39394,1.59596,17.7793
-1.39394,1.63636,15.1376
-1.39394,1.67677,12.8225
-1.39394,1.71717,10.8338
-1.39394,1.75758,9.17165
-1.39394,1.79798,7.83598
-1.39394,1.83838,6.8268
-1.39394,1.87879,6.14413
-1.39394,1.91919,5.78795
-1.39394,1.9596,5.75827
-1.39394,2,6.05508
-1.35354,-2,1474.01
-1.35354,-1.9596,1443.2
-1.35354,-1.91919,1412.73
-1.35354,-1.87879,1382.58
-1.35354,-1.83838,1352.75
-1.35354,-1.79798,1323.26
-1.35354,-1.75758,1294.09
-1.35354,-1.71717,1265.24
-1.35354,-1.67677,1236.72
-1.35354,-1.63636,1208.53
-1.35354,-1.59596,1180.67
-1.35354,-1.55556,1153.13
-1.35354,-1.51515,1125.92
-1.35354,-1.47475,1099.04
-1.35354,-1.43434,1072.48
-1.35354,-1.39394,1046.25
-1.35354,-1.35354,1020.34
-1.35354,-1.31313,994.761
-1.35354,-1.27273,969.508
-1.35354,-1.23232,944.582
-1.35354,-1.19192,919.983
-1.35354,-1.15152,895.71
-1.35354,-1.11111,871.764
-1.35354,-1.07071,848.144
-1.35354,-1.0303,824.85
-1.35354,-0.989899,801.883
-1.35354,-0.949495,779.243
-1.35354,-0.909091,756.929
-1.35354,-0.868687,734.941
-1.35354,-0.828283,713.28
-1.35354,-0.787879,691.946
-1.35354,-0.747475,670.938
-1.35354,-0.707071,650.257
-1.35354,-0.666667,629.902
-1.35354,-0.626263,609.873
-1.35354,-0.585859,590.171
-1.35354,-0.545455,570.796
-1.35354,-0.505051,551.747
-1.35354,-0.464646,533.024
-1.35354,-0.424242,514.628
-1.35354,-0.383838,496.559
-1.35354,-0.343434,478.816
-1.35354,-0.30303,461.399
-1.35354,-0.262626,444.309
-1.35354,-0.222222,427.546
-1.35354,-0.181818,411.109
-1.35354,-0.141414,394.998
-1.35354,-0.10101,379.214
-1.35354,-0.0606061,363.757
-1.35354,-0.020202,348.626
-1.35354,0.020202,333.821
-1.35354,0.0606061,319.343
-1.35354,0.10101,305.192
-1.35354,0.141414,291.367
-1.35354,0.181818,277.868
-1.35354,0.222222,264.696
-1.35354,0.262626,251.851
-1.35354,0.30303,239.332
-1.35354,0.343434,227.139
-1.35354,0.383838,215.273
-1.35354,0.424242,203.734
-1.35354,0.464646,192.521
-1.35354,0.505051,181.634
-1.35354,0.545455,171.074
-1.35354,0.585859,160.84
-1.35354,0.626263,150.933
-1.35354,0.666667,141.353
-1.35354,0.707071,132.099
-1.35354,0.747475,123.171
-1.35354,0.787879,114.57
-1.35354,0.828283,106.296
-1.35354,0.868687,98.3475
-1.35354,0.909091,90.7259
-1.35354,0.949495,83.4309
-1.35354,0.989899,76.4623
-1.35354,1.0303,69.8202
-1.35354,1.07071,63.5046
-1.35354,1.11111,57.5156
-1.35354,1.15152,51.853
-1.35354,1.19192,46.5169
-1.35354,1.23232,41.5073
-1.35354,1.27273,36.8242
-1.35354,1.31313,32.4676
-1.35354,1.35354,28.4375
-1.35354,1.39394,24.7339
-1.35354,1.43434,21.3568
-1.35354,1.47475,18.3062
-1.35354,1.51515,15.5821
-1.35354,1.55556,13.1845
-1.35354,1.59596,11.1134
-1.35354,1.63636,9.36876
-1.35354,1.67677,7.95064
-1.35354,1.71717,6.85901
-1.35354,1.75758,6.09389
-1.35354,1.79798,5.65526
-1.35354,1.83838,5.54313
-1.35354,1.87879,5.7575
-1.35354,1.91919,6.29836
-1.35354,1.9596,7.16572
-1.35354,2,8.35958
-1.31313,-2,1392.4
-1.31313,-1.9596,1362.47
-1.31313,-1.91919,1332.86
-1.31313,-1.87879,1303.58
-1.31313,-1.83838,1274.63
-1.31313,-1.79798,1246.01
-1.31313,-1.75758,1217.71
-1.31313,-1.71717,1189.73
-1.31313,-1.67677,1162.09
-1.31313,-1.63636,1134.77
-1.31313,-1.59596,1107.77
-1.31313,-1.55556,1081.1
-1.31313,-1.51515,1054.76
-1.31313,-1.47475,1028.75
-1.31313,-1.43434,1003.06
-1.31313,-1.39394,977.701
-1.31313,-1.35354,952.666
-1.31313,-1.31313,927.958
-1.31313,-1.27273,903.576
-1.31313,-1.23232,879.521
-1.31313,-1.19192,855.792
-1.31313,-1.15152,832.39
-1.31313,-1.11111,809.314
-1.31313,-1.07071,786.565
-1.31313,-1.0303,764.142
-1.31313,-0.989899,742.046
-1.31313,-0.949495,720.276
-1.31313,-0.909091,698.833
-1.31313,-0.868687,677.716
-1.31313,-0.828283,656.926
-1.31313,-0.787879,636.462
-1.31313,-0.747475,616.324
-1.31313,-0.707071,596.514
-1.31313,-0.666667,577.029
-1.31313,-0.626263,557.872
-1.31313,-0.585859,539.04
-1.31313,-0.545455,520.535
-1.31313,-0.505051,502.357
-1.31313,-0.464646,484.505
-1.31313,-0.424242,466.98
-1.31313,-0.383838,449.781
-1.31313,-0.343434,432.909
-1.31313,-0.30303,416.363
-1.31313,-0.262626,400.144
-1.31313,-0.222222,384.251
-1.31313,-0.181818,368.685
-1.31313,-0.141414,353.445
-1.31313,-0.10101,338.531
-1.31313,-0.0606061,323.944
-1.31313,-0.020202,309.684
-1.31313,0.020202,295.75
-1.31313,0.0606061,282.143
-1.31313,0.10101,268.862
-1.31313,0.141414,255.908
-1.31313,0.181818,243.28
-1.31313,0.222222,230.979
-1.31313,0.262626,219.004
-1.31313,0.30303,207.355
-1.31313,0.343434,196.033
-1.31313,0.383838,185.038
-1.31313,0.424242,174.369
-1.31313,0.464646,164.027
-1.31313,0.505051,154.011
-1.31313,0.545455,144.322
-1.31313,0.585859,134.959
-1.31313,0.626263,125.922
-1.31313,0.666667,117.212
-1.31313,0.707071,108.829
-1.31313,0.747475,100.772
-1.31313,0.787879,93.0416
-1.31313,0.828283,85.6377
-1.31313,0.868687,78.5603
-1.31313,0.909091,71.8094
-1.31313,0.949495,65.385
-1.31313,0.989899,59.2871
-1.31313,1.0303,53.5157
-1.31313,1.07071,48.0708
-1.31313,1.11111,42.9523
-1.31313,1.15152,38.1604
-1.31313,1.19192,33.695
-1.31313,1.23232,29.5561
-1.31313,1.27273,25.7436
-1.31313,1.31313,22.2577
-1.31313,1.35354,19.0982
-1.31313,1.39394,16.2653
-1.31313,1.43434,13.7589
-1.31313,1.47475,11.5789
-1.31313,1.51515,9.72546
-1.31313,1.55556,8.19851
-1.31313,1.59596,6.99806
-1.31313,1.63636,6.1241
-1.31313,1.67677,5.57664
-1.31313,1.71717,5.35568
-1.31313,1.75758,5.46121
-1.31313,1.79798,5.89324
-1.31313,1.83838,6.65177
-1.31313,1.87879,7.7368
-1.31313,1.91919,9.14832
-1.31313,1.9596,10.8863
-1.31313,2,12.9509
-1.27273,-2,1315.49
-1.27273,-1.9596,1286.4
-1.27273,-1.91919,1257.64
-1.27273,-1.87879,1229.2
-1.27273,-1.83838,1201.09
-1.27273,-1.79798,1173.31
-1.27273,-1.75758,1145.86
-1.27273,-1.71717,1118.73
-1.27273,-1.67677,1091.92
-1.27273,-1.63636,1065.45
-1.27273,-1.59596,1039.3
-1.27273,-1.55556,1013.48
-1.27273,-1.51515,987.979
-1.27273,-1.47475,962.809
-1.27273,-1.43434,937.966
-1.27273,-1.39394,913.449
-1.27273,-1.35354,889.258
-1.27273,-1.31313,865.394
-1.27273,-1.27273,841.857
-1.27273,-1.23232,818.646
-1.27273,-1.19192,795.761
-1.27273,-1.15152,773.203
-1.27273,-1.11111,750.972
-1.27273,-1.07071,729.067
-1.27273,-1.0303,707.488
-1.27273,-0.989899,686.236
-1.27273,-0.949495,665.311
-1.27273,-0.909091,644.712
-1.27273,-0.868687,624.439
-1.27273,-0.828283,604.493
-1.27273,-0.787879,584.874
-1.27273,-0.747475,565.581
-1.27273,-0.707071,546.614
-1.27273,-0.666667,527.974
-1.27273,-0.626263,509.661
-1.27273,-0.585859,491.674
-1.27273,-0.545455,474.013
-1.27273,-0.505051,456.679
-1.27273,-0.464646,439.671
-1.27273,-0.424242,422.99
-1.27273,-0.383838,406.636
-1.27273,-0.343434,390.608
-1.27273,-0.30303,374.906
-1.27273,-0.262626,359.531
-1.27273,-0.222222,344.483
-1.27273,-0.181818,329.761
-1.27273,-0.141414,315.365
-1.27273,-0.10101,301.296
-1.27273,-0.0606061,287.553
-1.27273,-0.020202,274.137
-1.27273,0.020202,261.048
-1.27273,0.0606061,248.285
-1.27273,0.10101,235.848
-1.27273,0.141414,223.738
-1.27273,0.181818,211.954
-1.27273,0.222222,200.497
-1.27273,0.262626,189.367
-1.27273,0.30303,178.563
-1.27273,0.343434,168.085
-1.27273,0.383838,157.934
-1.27273,0.424242,148.109
-1.27273,0.464646,138.611
-1.27273,0.505051,129.44
-1.27273,0.545455,120.595
-1.27273,0.585859,112.076
-1.27273,0.626263,103.884
-1.27273,0.666667,96.0182
-1.27273,0.707071,88.4791
-1.27273,0.747475,81.2665
-1.27273,0.787879,74.3804
-1.27273,0.828283,67.8207
-1.27273,0.868687,61.5876
-1.27273,0.909091,55.681
-1.27273,0.949495,50.1008
-1.27273,0.989899,44.8472
-1.27273,1.0303,39.92
-1.27273,1.07071,35.3194
-1.27273,1.11111,31.0453
-1.27273,1.15152,27.0976
-1.27273,1.19192,23.4765
-1.27273,1.23232,20.1818
-1.27273,1.27273,17.2136
-1.27273,1.31313,14.572
-1.27273,1.35354,12.2568
-1.27273,1.39394,10.2682
-1.27273,1.43434,8.60599
-1.27273,1.47475,7.27032
-1.27273,1.51515,6.26115
-1.27273,1.55556,5.57847
-1.27273,1.59596,5.22229
-1.27273,1.63636,5.19261
-1.27273,1.67677,5.48943
-1.27273,1.71717,6.11274
-1.27273,1.75758,7.06255
-1.27273,1.79798,8.33886
-1.27273,1.83838,9.94166
-1.27273,1.87879,11.871
-1.27273,1.91919,14.1268
-1.27273,1.9596,16.7091
-1.27273,2,19.6179
-1.23232,-2,1243.05
-1.23232,-1.9596,1214.78
-1.23232,-1.91919,1186.84
-1.23232,-1.87879,1159.22
-1.23232,-1.83838,1131.93
-1.23232,-1.79798,1104.97
-1.23232,-1.75758,1078.33
-1.23232,-1.71717,1052.02
-1.23232,-1.67677,1026.03
-1.23232,-1.63636,1000.38
-1.23232,-1.59596,975.044
-1.23232,-1.55556,950.039
-1.23232,-1.51515,925.361
-1.23232,-1.47475,901.008
-1.23232,-1.43434,876.983
-1.23232,-1.39394,853.284
-1.23232,-1.35354,829.911
-1.23232,-1.31313,806.865
-1.23232,-1.27273,784.146
-1.23232,-1.23232,761.752
-1.23232,-1.19192,739.686
-1.23232,-1.15152,717.946
-1.23232,-1.11111,696.532
-1.23232,-1.07071,675.445
-1.23232,-1.0303,654.684
-1.23232,-0.989899,634.25
-1.23232,-0.949495,614.143
-1.23232,-0.909091,594.362
-1.23232,-0.868687,574.907
-1.23232,-0.828283,555.779
-1.23232,-0.787879,536.977
-1.23232,-0.747475,518.502
-1.23232,-0.707071,500.353
-1.23232,-0.666667,482.531
-1.23232,-0.626263,465.036
-1.23232,-0.585859,447.867
-1.23232,-0.545455,431.024
-1.23232,-0.505051,414.508
-1.23232,-0.464646,398.318
-1.23232,-0.424242,382.455
-1.23232,-0.383838,366.918
-1.23232,-0.343434,351.708
-1.23232,-0.30303,336.824
-1.23232,-0.262626,322.267
-1.23232,-0.222222,308.037
-1.23232,-0.181818,294.132
-1.23232,-0.141414,280.555
-1.23232,-0.10101,267.304
-1.23232,-0.0606061,254.379
-1.23232,-0.020202,241.781
-1.23232,0.020202,229.509
-1.23232,0.0606061,217.564
-1.23232,0.10101,205.945
-1.23232,0.141414,194.653
-1.23232,0.181818,183.687
-1.23232,0.222222,173.048
-1.23232,0.262626,162.735
-1.23232,0.30303,152.749
-1.23232,0.343434,143.09
-1.23232,0.383838,133.756
-1.23232,0.424242,124.75
-1.23232,0.464646,116.069
-1.23232,0.505051,107.716
-1.23232,0.545455,99.6885
-1.23232,0.585859,91.9878
-1.23232,0.626263,84.6135
-1.23232,0.666667,77.5658
-1.23232,0.707071,70.8446
-1.23232,0.747475,64.4499
-1.23232,0.787879,58.3816
-1.23232,0.828283,52.6399
-1.23232,0.868687,47.2246
-1.23232,0.909091,42.1359
-1.23232,0.949495,37.3737
-1.23232,0.989899,32.9379
-1.23232,1.0303,28.8287
-1.23232,1.07071,25.0459
-1.23232,1.11111,21.5897
-1.23232,1.15152,18.4599
-1.23232,1.19192,15.6566
-1.23232,1.23232,13.1799
-1.23232,1.27273,11.0296
-1.23232,1.31313,9.20585
-1.23232,1.35354,7.70858
-1.23232,1.39394,6.53781
-1.23232,1.43434,5.69353
-1.23232,1.47475,5.17575
-1.23232,1.51515,4.98447
-1.23232,1.55556,5.11969
-1.23232,1.59596,5.5814
-1.23232,1.63636,6.36961
-1.23232,1.67677,7.48432
-1.23232,1.71717,8.92552
-1.23232,1.75758,10.6932
-1.23232,1.79798,12.7874
-1.23232,1.83838,15.2081
-1.23232,1.87879,17.9553
-1.23232,1.91919,21.029
-1.23232,1.9596,24.4292
-1.23232,2,28.1559
-1.19192,-2,1174.9
-1.19192,-1.9596,1147.43
-1.19192,-1.91919,1120.27
-1.19192,-1.87879,1093.45
-1.19192,-1.83838,1066.95
-1.19192,-1.79798,1040.78
-1.19192,-1.75758,1014.93
-1.19192,-1.71717,989.41
-1.19192,-1.67677,964.217
-1.19192,-1.63636,939.351
-1.19192,-1.59596,914.811
-1.19192,-1.55556,890.597
-1.19192,-1.51515,866.71
-1.19192,-1.47475,843.15
-1.19192,-1.43434,819.915
-1.19192,-1.39394,797.008
-1.19192,-1.35354,774.427
-1.19192,-1.31313,752.172
-1.19192,-1.27273,730.244
-1.19192,-1.23232,708.643
-1.19192,-1.19192,687.367
-1.19192,-1.15152,666.419
-1.19192,-1.11111,645.797
-1.19192,-1.07071,625.501
-1.19192,-1.0303,605.532
-1.19192,-0.989899,585.889
-1.19192,-0.949495,566.573
-1.19192,-0.909091,547.584
-1.19192,-0.868687,528.921
-1.19192,-0.828283,510.584
-1.19192,-0.787879,492.574
-1.19192,-0.747475,474.89
-1.19192,-0.707071,457.533
-1.19192,-0.666667,440.503
-1.19192,-0.626263,423.798
-1.19192,-0.585859,407.421
-1.19192,-0.545455,391.37
-1.19192,-0.505051,375.645
-1.19192,-0.464646,360.247
-1.19192,-0.424242,345.175
-1.19192,-0.383838,330.43
-1.19192,-0.343434,316.011
-1.19192,-0.30303,301.919
-1.19192,-0.262626,288.154
-1.19192,-0.222222,274.714
-1.19192,-0.181818,261.602
-1.19192,-0.141414,248.816
-1.19192,-0.10101,236.356
-1.19192,-0.0606061,224.223
-1.19192,-0.020202,212.416
-1.19192,0.020202,200.936
-1.19192,0.0606061,189.782
-1.19192,0.10101,178.955
-1.19192,0.141414,168.454
-1.19192,0.181818,158.28
-1.19192,0.222222,148.433
-1.19192,0.262626,138.911
-1.19192,0.30303,129.717
-1.19192,0.343434,120.848
-1.19192,0.383838,112.307
-1.19192,0.424242,104.092
-1.19192,0.464646,96.2029
-1.19192,0.505051,88.6407
-1.19192,0.545455,81.405
-1.19192,0.585859,74.4957
-1.19192,0.626263,67.913
-1.19192,0.666667,61.6568
-1.19192,0.707071,55.7271
-1.19192,0.747475,50.1239
-1.19192,0.787879,44.8472
-1.19192,0.828283,39.8969
-1.19192,0.868687,35.2732
-1.19192,0.909091,30.976
-1.19192,0.949495,27.0052
-1.19192,0.989899,23.361
-1.19192,1.0303,20.0433
-1.19192,1.07071,17.052
-1.19192,1.11111,14.3873
-1.19192,1.15152,12.049
-1.19192,1.19192,10.0373
-1.19192,1.23232,8.35201
-1.19192,1.27273,6.99326
-1.19192,1.31313,5.961
-1.19192,1.35354,5.25523
-1.19192,1.39394,4.87597
-1.19192,1.43434,4.8232
-1.19192,1.47475,5.09693
-1.19192,1.51515,5.69716
-1.19192,1.55556,6.62388
-1.19192,1.59596,7.87711
-1.19192,1.63636,9.45683
-1.19192,1.67677,11.363
-1.19192,1.71717,13.5958
-1.19192,1.75758,16.155
-1.19192,1.79798,19.0407
-1.19192,1.83838,22.2529
-1.19192,1.87879,25.7916
-1.19192,1.91919,29.6568
-1.19192,1.9596,33.8485
-1.19192,2,38.3667
-1.15152,-2,1110.85
-1.15152,-1.9596,1084.13
-1.15152,-1.91919,1057.75
-1.15152,-1.87879,1031.69
-1.15152,-1.83838,1005.95
-1.15152,-1.79798,980.546
-1.15152,-1.75758,955.465
-1.15152,-1.71717,930.711
-1.15152,-1.67677,906.283
-1.15152,-1.63636,882.181
-1.15152,-1.59596,858.406
-1.15152,-1.55556,834.958
-1.15152,-1.51515,811.836
-1.15152,-1.47475,789.04
-1.15152,-1.43434,766.572
-1.15152,-1.39394,744.429
-1.15152,-1.35354,722.613
-1.15152,-1.31313,701.124
-1.15152,-1.27273,679.961
-1.15152,-1.23232,659.124
-1.15152,-1.19192,638.614
-1.15152,-1.15152,618.431
-1.15152,-1.11111,598.574
-1.15152,-1.07071,579.043
-1.15152,-1.0303,559.839
-1.15152,-0.989899,540.962
-1.15152,-0.949495,522.411
-1.15152,-0.909091,504.186
-1.15152,-0.868687,486.288
-1.15152,-0.828283,468.717
-1.15152,-0.787879,451.472
-1.15152,-0.747475,434.553
-1.15152,-0.707071,417.961
-1.15152,-0.666667,401.696
-1.15152,-0.626263,385.757
-1.15152,-0.585859,370.144
-1.15152,-0.545455,354.858
-1.15152,-0.505051,339.899
-1.15152,-0.464646,325.266
-1.15152,-0.424242,310.959
-1.15152,-0.383838,296.979
-1.15152,-0.343434,283.326
-1.15152,-0.30303,269.999
-1.15152,-0.262626,256.998
-1.15152,-0.222222,244.324
-1.15152,-0.181818,231.977
-1.15152,-0.141414,219.956
-1.15152,-0.10101,208.261
-1.15152,-0.0606061,196.893
-1.15152,-0.020202,185.852
-1.15152,0.020202,175.136
-1.15152,0.0606061,164.748
-1.15152,0.10101,154.686
-1.15152,0.141414,144.95
-1.15152,0.181818,135.541
-1.15152,0.222222,126.459
-1.15152,0.262626,117.703
-1.15152,0.30303,109.273
-1.15152,0.343434,101.17
-1.15152,0.383838,93.3934
-1.15152,0.424242,85.9434
-1.15152,0.464646,78.8198
-1.15152,0.505051,72.0227
-1.15152,0.545455,65.5521
-1.15152,0.585859,59.408
-1.15152,0.626263,53.5905
-1.15152,0.666667,48.0994
-1.15152,0.707071,42.9348
-1.15152,0.747475,38.0967
-1.15152,0.787879,33.5851
-1.15152,0.828283,29.4
-1.15152,0.868687,25.5414
-1.15152,0.909091,22.0093
-1.15152,0.949495,18.8037
-1.15152,0.989899,15.9245
-1.15152,1.0303,13.3719
-1.15152,1.07071,11.1458
-1.15152,1.11111,9.24619
-1.15152,1.15152,7.67307
-1.15152,1.19192,6.42644
-1.15152,1.23232,5.50631
-1.15152,1.27273,4.91268
-1.15152,1.31313,4.64554
-1.15152,1.35354,4.70491
-1.15152,1.39394,5.09077
-1.15152,1.43434,5.80313
-1.15152,1.47475,6.84198
-1.15152,1.51515,8.20733
-1.15152,1.55556,9.89918
-1.15152,1.59596,11.9175
-1.15152,1.63636,14.2624
-1.15152,1.67677,16.9337
-1.15152,1.71717,19.9316
-1.15152,1.75758,23.2559
-1.15152,1.79798,26.9067
-1.15152,1.83838,30.8841
-1.15152,1.87879,35.1879
-1.15152,1.91919,39.8182
-1.15152,1.9596,44.775
-1.15152,2,50.0584
-1.11111,-2,1050.7
-1.11111,-1.9596,1024.73
-1.11111,-1.91919,999.077
-1.11111,-1.87879,973.755
-1.11111,-1.83838,948.76
-1.11111,-1.79798,924.091
-1.11111,-1.75758,899.749
-1.11111,-1.71717,875.733
-1.11111,-1.67677,852.044
-1.11111,-1.63636,828.682
-1.11111,-1.59596,805.645
-1.11111,-1.55556,782.936
-1.11111,-1.51515,760.552
-1.11111,-1.47475,738.496
-1.11111,-1.43434,716.766
-1.11111,-1.39394,695.362
-1.11111,-1.35354,674.285
-1.11111,-1.31313,653.534
-1.11111,-1.27273,633.11
-1.11111,-1.23232,613.012
-1.11111,-1.19192,593.241
-1.11111,-1.15152,573.796
-1.11111,-1.11111,554.678
-1.11111,-1.07071,535.886
-1.11111,-1.0303,517.421
-1.11111,-0.989899,499.282
-1.11111,-0.949495,481.47
-1.11111,-0.909091,463.984
-1.11111,-0.868687,446.825
-1.11111,-0.828283,429.992
-1.11111,-0.787879,413.486
-1.11111,-0.747475,397.306
-1.11111,-0.707071,381.453
-1.11111,-0.666667,365.926
-1.11111,-0.626263,350.726
-1.11111,-0.585859,335.852
-1.11111,-0.545455,321.305
-1.11111,-0.505051,307.084
-1.11111,-0.464646,293.19
-1.11111,-0.424242,279.622
-1.11111,-0.383838,266.381
-1.11111,-0.343434,253.466
-1.11111,-0.30303,240.878
-1.11111,-0.262626,228.616
-1.11111,-0.222222,216.681
-1.11111,-0.181818,205.072
-1.11111,-0.141414,193.789
-1.11111,-0.10101,182.834
-1.11111,-0.0606061,172.204
-1.11111,-0.020202,161.902
-1.11111,0.020202,151.925
-1.11111,0.0606061,142.275
-1.11111,0.10101,132.952
-1.11111,0.141414,123.955
-1.11111,0.181818,115.285
-1.11111,0.222222,106.941
-1.11111,0.262626,98.9238
-1.11111,0.30303,91.233
-1.11111,0.343434,83.8687
-1.11111,0.383838,76.8309
-1.11111,0.424242,70.1195
-1.11111,0.464646,63.7347
-1.11111,0.505051,57.6764
-1.11111,0.545455,51.9445
-1.11111,0.585859,46.5392
-1.11111,0.626263,41.4603
-1.11111,0.666667,36.708
-1.11111,0.707071,32.2821
-1.11111,0.747475,28.1828
-1.11111,0.787879,24.4099
-1.11111,0.828283,20.9635
-1.11111,0.868687,17.8437
-1.11111,0.909091,15.0503
-1.11111,0.949495,12.5834
-1.11111,0.989899,10.4431
-1.11111,1.0303,8.6292
-1.11111,1.07071,7.14183
-1.11111,1.11111,5.98095
-1.11111,1.15152,5.14657
-1.11111,1.19192,4.63868
-1.11111,1.23232,4.45729
-1.11111,1.27273,4.6024
-1.11111,1.31313,5.07401
-1.11111,1.35354,5.87212
-1.11111,1.39394,6.99672
-1.11111,1.43434,8.44782
-1.11111,1.47475,10.2254
-1.11111,1.51515,12.3295
-1.11111,1.55556,14.7601
-1.11111,1.59596,17.5172
-1.11111,1.63636,20.6008
-1.11111,1.67677,24.0109
-1.11111,1.71717,27.7474
-1.11111,1.75758,31.8105
-1.11111,1.79798,36.2001
-1.11111,1.83838,40.9162
-1.11111,1.87879,45.9587
-1.11111,1.91919,51.3278
-1.11111,1.9596,57.0234
-1.11111,2,63.0454
-1.07071,-2,994.28
-1.07071,-1.9596,969.017
-1.07071,-1.91919,944.082
-1.07071,-1.87879,919.472
-1.07071,-1.83838,895.189
-1.07071,-1.79798,871.233
-1.07071,-1.75758,847.603
-1.07071,-1.71717,824.3
-1.07071,-1.67677,801.323
-1.07071,-1.63636,778.673
-1.07071,-1.59596,756.349
-1.07071,-1.55556,734.352
-1.07071,-1.51515,712.681
-1.07071,-1.47475,691.336
-1.07071,-1.43434,670.319
-1.07071,-1.39394,649.627
-1.07071,-1.35354,629.262
-1.07071,-1.31313,609.224
-1.07071,-1.27273,589.512
-1.07071,-1.23232,570.127
-1.07071,-1.19192,551.068
-1.07071,-1.15152,532.335
-1.07071,-1.11111,513.93
-1.07071,-1.07071,495.85
-1.07071,-1.0303,478.097
-1.07071,-0.989899,460.671
-1.07071,-0.949495,443.571
-1.07071,-0.909091,426.798
-1.07071,-0.868687,410.351
-1.07071,-0.828283,394.23
-1.07071,-0.787879,378.437
-1.07071,-0.747475,362.969
-1.07071,-0.707071,347.828
-1.07071,-0.666667,333.014
-1.07071,-0.626263,318.526
-1.07071,-0.585859,304.365
-1.07071,-0.545455,290.53
-1.07071,-0.505051,277.021
-1.07071,-0.464646,263.839
-1.07071,-0.424242,250.984
-1.07071,-0.383838,238.455
-1.07071,-0.343434,226.253
-1.07071,-0.30303,214.377
-1.07071,-0.262626,202.827
-1.07071,-0.222222,191.604
-1.07071,-0.181818,180.708
-1.07071,-0.141414,170.138
-1.07071,-0.10101,159.894
-1.07071,-0.0606061,149.977
-1.07071,-0.020202,140.387
-1.07071,0.020202,131.123
-1.07071,0.0606061,122.186
-1.07071,0.10101,113.575
-1.07071,0.141414,105.29
-1.07071,0.181818,97.3323
-1.07071,0.222222,89.7008
-1.07071,0.262626,82.3958
-1.07071,0.30303,75.4174
-1.07071,0.343434,68.7654
-1.07071,0.383838,62.4399
-1.07071,0.424242,56.441
-1.07071,0.464646,50.7685
-1.07071,0.505051,45.4225
-1.07071,0.545455,40.403
-1.07071,0.585859,35.71
-1.07071,0.626263,31.3435
-1.07071,0.666667,27.3035
-1.07071,0.707071,23.59
-1.07071,0.747475,20.2031
-1.07071,0.787879,17.1426
-1.07071,0.828283,14.4085
-1.07071,0.868687,12.001
-1.07071,0.909091,9.92004
-1.07071,0.949495,8.16552
-1.07071,0.989899,6.73751
-1.07071,1.0303,5.63599
-1.07071,1.07071,4.86098
-1.07071,1.11111,4.41245
-1.07071,1.15152,4.29043
-1.07071,1.19192,4.4949
-1.07071,1.23232,5.02587
-1.07071,1.27273,5.88334
-1.07071,1.31313,7.06731
-1.07071,1.35354,8.57777
-1.07071,1.39394,10.4147
-1.07071,1.43434,12.5782
-1.07071,1.47475,15.0681
-1.07071,1.51515,17.8846
-1.07071,1.55556,21.0275
-1.07071,1.59596,24.497
-1.07071,1.63636,28.2929
-1.07071,1.67677,32.4154
-1.07071,1.71717,36.8643
-1.07071,1.75758,41.6397
-1.07071,1.79798,46.7417
-1.07071,1.83838,52.1701
-1.07071,1.87879,57.925
-1.07071,1.91919,64.0065
-1.07071,1.9596,70.4144
-1.07071,2,77.1488
-1.0303,-2,941.415
-1.0303,-1.9596,916.839
-1.0303,-1.91919,892.589
-1.0303,-1.87879,868.666
-1.0303,-1.83838,845.069
-1.0303,-1.79798,821.799
-1.0303,-1.75758,798.855
-1.0303,-1.71717,776.237
-1.0303,-1.67677,753.946
-1.0303,-1.63636,731.982
-1.0303,-1.59596,710.344
-1.0303,-1.55556,689.033
-1.0303,-1.51515,668.048
-1.0303,-1.47475,647.39
-1.0303,-1.43434,627.058
-1.0303,-1.39394,607.052
-1.0303,-1.35354,587.373
-1.0303,-1.31313,568.021
-1.0303,-1.27273,548.995
-1.0303,-1.23232,530.296
-1.0303,-1.19192,511.923
-1.0303,-1.15152,493.877
-1.0303,-1.11111,476.157
-1.0303,-1.07071,458.763
-1.0303,-1.0303,441.696
-1.0303,-0.989899,424.956
-1.0303,-0.949495,408.542
-1.0303,-0.909091,392.455
-1.0303,-0.868687,376.694
-1.0303,-0.828283,361.259
-1.0303,-0.787879,346.151
-1.0303,-0.747475,331.37
-1.0303,-0.707071,316.915
-1.0303,-0.666667,302.787
-1.0303,-0.626263,288.985
-1.0303,-0.585859,275.509
-1.0303,-0.545455,262.36
-1.0303,-0.505051,249.538
-1.0303,-0.464646,237.042
-1.0303,-0.424242,224.872
-1.0303,-0.383838,213.029
-1.0303,-0.343434,201.513
-1.0303,-0.30303,190.323
-1.0303,-0.262626,179.46
-1.0303,-0.222222,168.923
-1.0303,-0.181818,158.712
-1.0303,-0.141414,148.828
-1.0303,-0.10101,139.271
-1.0303,-0.0606061,130.04
-1.0303,-0.020202,121.135
-1.0303,0.020202,112.557
-1.0303,0.0606061,104.306
-1.0303,0.10101,96.3809
-1.0303,0.141414,88.7824
-1.0303,0.181818,81.5104
-1.0303,0.222222,74.5649
-1.0303,0.262626,67.9459
-1.0303,0.30303,61.6534
-1.0303,0.343434,55.6875
-1.0303,0.383838,50.048
-1.0303,0.424242,44.735
-1.0303,0.464646,39.7484
-1.0303,0.505051,35.0884
-1.0303,0.545455,30.7549
-1.0303,0.585859,26.7479
-1.0303,0.626263,23.0674
-1.0303,0.666667,19.7134
-1.0303,0.707071,16.6859
-1.0303,0.747475,13.9848
-1.0303,0.787879,11.6103
-1.0303,0.828283,9.56229
-1.0303,0.868687,7.84076
-1.0303,0.909091,6.44573
-1.0303,0.949495,5.37719
-1.0303,0.989899,4.63515
-1.0303,1.0303,4.21961
-1.0303,1.07071,4.13056
-1.0303,1.11111,4.36802
-1.0303,1.15152,4.93197
-1.0303,1.19192,5.82241
-1.0303,1.23232,7.03936
-1.0303,1.27273,8.5828
-1.0303,1.31313,10.4527
-1.0303,1.35354,12.6492
-1.0303,1.39394,15.1721
-1.0303,1.43434,18.0215
-1.0303,1.47475,21.1975
-1.0303,1.51515,24.6999
-1.0303,1.55556,28.5288
-1.0303,1.59596,32.6842
-1.0303,1.63636,37.1662
-1.0303,1.67677,41.9746
-1.0303,1.71717,47.1095
-1.0303,1.75758,52.5709
-1.0303,1.79798,58.3588
-1.0303,1.83838,64.4732
-1.0303,1.87879,70.9141
-1.0303,1.91919,77.6815
-1.0303,1.9596,84.7754
-1.0303,2,92.1958
-0.989899,-2,891.94
-0.989899,-1.9596,868.023
-0.989899,-1.91919,844.433
-0.989899,-1.87879,821.169
-0.989899,-1.83838,798.232
-0.989899,-1.79798,775.621
-0.989899,-1.75758,753.337
-0.989899,-1.71717,731.379
-0.989899,-1.67677,709.748
-0.989899,-1.63636,688.443
-0.989899,-1.59596,667.465
-0.989899,-1.55556,646.813
-0.989899,-1.51515,626.488
-0.989899,-1.47475,606.489
-0.989899,-1.43434,586.817
-0.989899,-1.39394,567.471
-0.989899,-1.35354,548.452
-0.989899,-1.31313,529.759
-0.989899,-1.27273,511.393
-0.989899,-1.23232,493.353
-0.989899,-1.19192,475.64
-0.989899,-1.15152,458.253
-0.989899,-1.11111,441.192
-0.989899,-1.07071,424.459
-0.989899,-1.0303,408.051
-0.989899,-0.989899,391.971
-0.989899,-0.949495,376.216
-0.989899,-0.909091,360.788
-0.989899,-0.868687,345.687
-0.989899,-0.828283,330.912
-0.989899,-0.787879,316.464
-0.989899,-0.747475,302.342
-0.989899,-0.707071,288.547
-0.989899,-0.666667,275.078
-0.989899,-0.626263,261.936
-0.989899,-0.585859,249.12
-0.989899,-0.545455,236.63
-0.989899,-0.505051,224.468
-0.989899,-0.464646,212.631
-0.989899,-0.424242,201.121
-0.989899,-0.383838,189.938
-0.989899,-0.343434,179.081
-0.989899,-0.30303,168.551
-0.989899,-0.262626,158.347
-0.989899,-0.222222,148.469
-0.989899,-0.181818,138.919
-0.989899,-0.141414,129.694
-0.989899,-0.10101,120.796
-0.989899,-0.0606061,112.225
-0.989899,-0.020202,103.98
-0.989899,0.020202,96.0617
-0.989899,0.0606061,88.4698
-0.989899,0.10101,81.2044
-0.989899,0.141414,74.2656
-0.989899,0.181818,67.6532
-0.989899,0.222222,61.3673
-0.989899,0.262626,55.4079
-0.989899,0.30303,49.775
-0.989899,0.343434,44.4686
-0.989899,0.383838,39.4886
-0.989899,0.424242,34.8352
-0.989899,0.464646,30.5083
-0.989899,0.505051,26.5079
-0.989899,0.545455,22.834
-0.989899,0.585859,19.4866
-0.989899,0.626263,16.4656
-0.989899,0.666667,13.7712
-0.989899,0.707071,11.4033
-0.989899,0.747475,9.36185
-0.989899,0.787879,7.64691
-0.989899,0.828283,6.25847
-0.989899,0.868687,5.19653
-0.989899,0.909091,4.46109
-0.989899,0.949495,4.05214
-0.989899,0.989899,3.9697
-0.989899,1.0303,4.21374
-0.989899,1.07071,4.78429
-0.989899,1.11111,5.68133
-0.989899,1.15152,6.90487
-0.989899,1.19192,8.45491
-0.989899,1.23232,10.3314
-0.989899,1.27273,12.5345
-0.989899,1.31313,15.064
-0.989899,1.35354,17.92
-0.989899,1.39394,21.1026
-0.989899,1.43434,24.6116
-0.989899,1.47475,28.4471
-0.989899,1.51515,32.6091
-0.989899,1.55556,37.0976
-0.989899,1.59596,41.9126
-0.989899,1.63636,47.0541
-0.989899,1.67677,52.5222
-0.989899,1.71717,58.3167
-0.989899,1.75758,64.4377
-0.989899,1.79798,70.8852
-0.989899,1.83838,77.6591
-0.989899,1.87879,84.7596
-0.989899,1.91919,92.1866
-0.989899,1.9596,99.9401
-0.989899,2,108.02
-0.949495,-2,845.694
-0.949495,-1.9596,822.411
-0.949495,-1.91919,799.454
-0.949495,-1.87879,776.823
-0.949495,-1.83838,754.519
-0.949495,-1.79798,732.542
-0.949495,-1.75758,710.891
-0.949495,-1.71717,689.566
-0.949495,-1.67677,668.568
-0.949495,-1.63636,647.896
-0.949495,-1.59596,627.551
-0.949495,-1.55556,607.533
-0.949495,-1.51515,587.841
-0.949495,-1.47475,568.475
-0.949495,-1.43434,549.436
-0.949495,-1.39394,530.723
-0.949495,-1.35354,512.337
-0.949495,-1.31313,494.278
-0.949495,-1.27273,476.545
-0.949495,-1.23232,459.138
-0.949495,-1.19192,442.058
-0.949495,-1.15152,425.304
-0.949495,-1.11111,408.877
-0.949495,-1.07071,392.777
-0.949495,-1.0303,377.003
-0.949495,-0.989899,361.555
-0.949495,-0.949495,346.434
-0.949495,-0.909091,331.639
-0.949495,-0.868687,317.171
-0.949495,-0.828283,303.029
-0.949495,-0.787879,289.214
-0.949495,-0.747475,275.726
-0.949495,-0.707071,262.564
-0.949495,-0.666667,249.728
-0.949495,-0.626263,237.219
-0.949495,-0.585859,225.036
-0.949495,-0.545455,213.18
-0.949495,-0.505051,201.65
-0.949495,-0.464646,190.447
-0.949495,-0.424242,179.571
-0.949495,-0.383838,169.02
-0.949495,-0.343434,158.797
-0.949495,-0.30303,148.9
-0.949495,-0.262626,139.329
-0.949495,-0.222222,130.085
-0.949495,-0.181818,121.167
-0.949495,-0.141414,112.576
-0.949495,-0.10101,104.311
-0.949495,-0.0606061,96.3732
-0.949495,-0.020202,88.7615
-0.949495,0.020202,81.4763
-0.949495,0.0606061,74.5176
-0.949495,0.10101,67.8854
-0.949495,0.141414,61.5798
-0.949495,0.181818,55.6006
-0.949495,0.222222,49.9479
-0.949495,0.262626,44.6217
-0.949495,0.30303,39.622
-0.949495,0.343434,34.9488
-0.949495,0.383838,30.6021
-0.949495,0.424242,26.5819
-0.949495,0.464646,22.8882
-0.949495,0.505051,19.521
-0.949495,0.545455,16.4803
-0.949495,0.585859,13.766
-0.949495,0.626263,11.3783
-0.949495,0.666667,9.31711
-0.949495,0.707071,7.58239
-0.949495,0.747475,6.17416
-0.949495,0.787879,5.09243
-0.949495,0.828283,4.3372
-0.949495,0.868687,3.90847
-0.949495,0.909091,3.80623
-0.949495,0.949495,4.03049
-0.949495,0.989899,4.58125
-0.949495,1.0303,5.45851
-0.949495,1.07071,6.66226
-0.949495,1.11111,8.19251
-0.949495,1.15152,10.0493
-0.949495,1.19192,12.2325
-0.949495,1.23232,14.7422
-0.949495,1.27273,17.5785
-0.949495,1.31313,20.7412
-0.949495,1.35354,24.2305
-0.949495,1.39394,28.0462
-0.949495,1.43434,32.1884
-0.949495,1.47475,36.6571
-0.949495,1.51515,41.4524
-0.949495,1.55556,46.5741
-0.949495,1.59596,52.0223
-0.949495,1.63636,57.797
-0.949495,1.67677,63.8982
-0.949495,1.71717,70.3259
-0.949495,1.75758,77.0801
-0.949495,1.79798,84.1608
-0.949495,1.83838,91.568
-0.949495,1.87879,99.3017
-0.949495,1.91919,107.362
-0.949495,1.9596,115.749
-0.949495,2,124.462
-0.909091,-2,802.524
-0.909091,-1.9596,779.848
-0.909091,-1.91919,757.498
-0.909091,-1.87879,735.474
-0.909091,-1.83838,713.777
-0.909091,-1.79798,692.406
-0.909091,-1.75758,671.362
-0.909091,-1.71717,650.644
-0.909091,-1.67677,630.253
-0.909091,-1.63636,610.188
-0.909091,-1.59596,590.45
-0.909091,-1.55556,571.038
-0.909091,-1.51515,551.953
-0.909091,-1.47475,533.194
-0.909091,-1.43434,514.762
-0.909091,-1.39394,496.656
-0.909091,-1.35354,478.877
-0.909091,-1.31313,461.424
-0.909091,-1.27273,444.298
-0.909091,-1.23232,427.498
-0.909091,-1.19192,411.025
-0.909091,-1.15152,394.878
-0.909091,-1.11111,379.057
-0.909091,-1.07071,363.564
-0.909091,-1.0303,348.396
-0.909091,-0.989899,333.556
-0.909091,-0.949495,319.041
-0.909091,-0.909091,304.854
-0.909091,-0.868687,290.992
-0.909091,-0.828283,277.457
-0.909091,-0.787879,264.249
-0.909091,-0.747475,251.367
-0.909091,-0.707071,238.812
-0.909091,-0.666667,226.583
-0.909091,-0.626263,214.681
-0.909091,-0.585859,203.105
-0.909091,-0.545455,191.856
-0.909091,-0.505051,180.933
-0.909091,-0.464646,170.337
-0.909091,-0.424242,160.067
-0.909091,-0.383838,150.124
-0.909091,-0.343434,140.507
-0.909091,-0.30303,131.216
-0.909091,-0.262626,122.253
-0.909091,-0.222222,113.615
-0.909091,-0.181818,105.304
-0.909091,-0.141414,97.32
-0.909091,-0.10101,89.6622
-0.909091,-0.0606061,82.3308
-0.909091,-0.020202,75.326
-0.909091,0.020202,68.6476
-0.909091,0.0606061,62.2958
-0.909091,0.10101,56.2704
-0.909091,0.141414,50.5715
-0.909091,0.181818,45.1992
-0.909091,0.222222,40.1533
-0.909091,0.262626,35.4339
-0.909091,0.30303,31.0411
-0.909091,0.343434,26.9747
-0.909091,0.383838,23.2348
-0.909091,0.424242,19.8214
-0.909091,0.464646,16.7345
-0.909091,0.505051,13.9742
-0.909091,0.545455,11.5403
-0.909091,0.585859,9.43287
-0.909091,0.626263,7.65198
-0.909091,0.666667,6.19758
-0.909091,0.707071,5.06968
-0.909091,0.747475,4.26828
-0.909091,0.787879,3.79337
-0.909091,0.828283,3.64497
-0.909091,0.868687,3.82305
-0.909091,0.909091,4.32764
-0.909091,0.949495,5.15873
-0.909091,0.989899,6.31631
-0.909091,1.0303,7.80039
-0.909091,1.07071,9.61096
-0.909091,1.11111,11.748
-0.909091,1.15152,14.2116
-0.909091,1.19192,17.0017
-0.909091,1.23232,20.1182
-0.909091,1.27273,23.5613
-0.909091,1.31313,27.3309
-0.909091,1.35354,31.4269
-0.909091,1.39394,35.8495
-0.909091,1.43434,40.5985
-0.909091,1.47475,45.6741
-0.909091,1.51515,51.0761
-0.909091,1.55556,56.8047
-0.909091,1.59596,62.8597
-0.909091,1.63636,69.2412
-0.909091,1.67677,75.9493
-0.909091,1.71717,82.9838
-0.909091,1.75758,90.3448
-0.909091,1.79798,98.0324
-0.909091,1.83838,106.046
-0.909091,1.87879,114.387
-0.909091,1.91919,123.054
-0.909091,1.9596,132.047
-0.909091,2,141.367
-0.868687,-2,762.283
-0.868687,-1.9596,740.187
-0.868687,-1.91919,718.417
-0.868687,-1.87879,696.974
-0.868687,-1.83838,675.857
-0.868687,-1.79798,655.067
-0.868687,-1.75758,634.603
-0.868687,-1.71717,614.466
-0.868687,-1.67677,594.655
-0.868687,-1.63636,575.171
-0.868687,-1.59596,556.013
-0.868687,-1.55556,537.182
-0.868687,-1.51515,518.677
-0.868687,-1.47475,500.499
-0.868687,-1.43434,482.647
-0.868687,-1.39394,465.121
-0.868687,-1.35354,447.923
-0.868687,-1.31313,431.05
-0.868687,-1.27273,414.504
-0.868687,-1.23232,398.285
-0.868687,-1.19192,382.392
-0.868687,-1.15152,366.826
-0.868687,-1.11111,351.586
-0.868687,-1.07071,336.673
-0.868687,-1.0303,322.086
-0.868687,-0.989899,307.826
-0.868687,-0.949495,293.892
-0.868687,-0.909091,280.284
-0.868687,-0.868687,267.003
-0.868687,-0.828283,254.049
-0.868687,-0.787879,241.421
-0.868687,-0.747475,229.12
-0.868687,-0.707071,217.145
-0.868687,-0.666667,205.497
-0.868687,-0.626263,194.175
-0.868687,-0.585859,183.179
-0.868687,-0.545455,172.511
-0.868687,-0.505051,162.168
-0.868687,-0.464646,152.152
-0.868687,-0.424242,142.463
-0.868687,-0.383838,133.1
-0.868687,-0.343434,124.064
-0.868687,-0.30303,115.354
-0.868687,-0.262626,106.97
-0.868687,-0.222222,98.9135
-0.868687,-0.181818,91.1831
-0.868687,-0.141414,83.7791
-0.868687,-0.10101,76.7017
-0.868687,-0.0606061,69.9508
-0.868687,-0.020202,63.5264
-0.868687,0.020202,57.4285
-0.868687,0.0606061,51.6571
-0.868687,0.10101,46.2122
-0.868687,0.141414,41.0937
-0.868687,0.181818,36.3018
-0.868687,0.222222,31.8364
-0.868687,0.262626,27.6975
-0.868687,0.30303,23.885
-0.868687,0.343434,20.3991
-0.868687,0.383838,17.2397
-0.868687,0.424242,14.4067
-0.868687,0.464646,11.9003
-0.868687,0.505051,9.72033
-0.868687,0.545455,7.86688
-0.868687,0.585859,6.33993
-0.868687,0.626263,5.13947
-0.868687,0.666667,4.26551
-0.868687,0.707071,3.71805
-0.868687,0.747475,3.49709
-0.868687,0.787879,3.60263
-0.868687,0.828283,4.03466
-0.868687,0.868687,4.79319
-0.868687,0.909091,5.87821
-0.868687,0.949495,7.28974
-0.868687,0.989899,9.02776
-0.868687,1.0303,11.0923
-0.868687,1.07071,13.4833
-0.868687,1.11111,16.2008
-0.868687,1.15152,19.2448
-0.868687,1.19192,22.6153
-0.868687,1.23232,26.3123
-0.868687,1.27273,30.3358
-0.868687,1.31313,34.6858
-0.868687,1.35354,39.3623
-0.868687,1.39394,44.3653
-0.868687,1.43434,49.6948
-0.868687,1.47475,55.3508
-0.868687,1.51515,61.3333
-0.868687,1.55556,67.6423
-0.868687,1.59596,74.2777
-0.868687,1.63636,81.2397
-0.868687,1.67677,88.5282
-0.868687,1.71717,96.1432
-0.868687,1.75758,104.085
-0.868687,1.79798,112.353
-0.868687,1.83838,120.947
-0.868687,1.87879,129.868
-0.868687,1.91919,139.115
-0.868687,1.9596,148.689
-0.868687,2,158.59
-0.828283,-2,724.83
-0.828283,-1.9596,703.288
-0.828283,-1.91919,682.072
-0.828283,-1.87879,661.183
-0.828283,-1.83838,640.62
-0.828283,-1.79798,620.384
-0.828283,-1.75758,600.474
-0.828283,-1.71717,580.891
-0.828283,-1.67677,561.635
-0.828283,-1.63636,542.704
-0.828283,-1.59596,524.101
-0.828283,-1.55556,505.823
-0.828283,-1.51515,487.873
-0.828283,-1.47475,470.248
-0.828283,-1.43434,452.95
-0.828283,-1.39394,435.979
-0.828283,-1.35354,419.334
-0.828283,-1.31313,403.016
-0.828283,-1.27273,387.024
-0.828283,-1.23232,371.359
-0.828283,-1.19192,356.02
-0.828283,-1.15152,341.008
-0.828283,-1.11111,326.322
-0.828283,-1.07071,311.963
-0.828283,-1.0303,297.93
-0.828283,-0.989899,284.224
-0.828283,-0.949495,270.844
-0.828283,-0.909091,257.791
-0.828283,-0.868687,245.064
-0.828283,-0.828283,232.664
-0.828283,-0.787879,220.59
-0.828283,-0.747475,208.843
-0.828283,-0.707071,197.422
-0.828283,-0.666667,186.328
-0.828283,-0.626263,175.56
-0.828283,-0.585859,165.118
-0.828283,-0.545455,155.004
-0.828283,-0.505051,145.215
-0.828283,-0.464646,135.753
-0.828283,-0.424242,126.618
-0.828283,-0.383838,117.809
-0.828283,-0.343434,109.327
-0.828283,-0.30303,101.171
-0.828283,-0.262626,93.3417
-0.828283,-0.222222,85.8389
-0.828283,-0.181818,78.6626
-0.828283,-0.141414,71.8127
-0.828283,-0.10101,65.2894
-0.828283,-0.0606061,59.0925
-0.828283,-0.020202,53.2222
-0.828283,0.020202,47.6783
-0.828283,0.0606061,42.4609
-0.828283,0.10101,37.5701
-0.828283,0.141414,33.0057
-0.828283,0.181818,28.7678
-0.828283,0.222222,24.8565
-0.828283,0.262626,21.2716
-0.828283,0.30303,18.0132
-0.828283,0.343434,15.0813
-0.828283,0.383838,12.476
-0.828283,0.424242,10.1971
-0.828283,0.464646,8.24468
-0.828283,0.505051,6.61879
-0.828283,0.545455,5.31939
-0.828283,0.585859,4.3465
-0.828283,0.626263,3.7001
-0.828283,0.666667,3.3802
-0.828283,0.707071,3.38679
-0.828283,0.747475,3.71989
-0.828283,0.787879,4.37948
-0.828283,0.828283,5.36557
-0.828283,0.868687,6.67815
-0.828283,0.909091,8.31723
-0.828283,0.949495,10.2828
-0.828283,0.989899,12.5749
-0.828283,1.0303,15.1935
-0.828283,1.07071,18.1385
-0.828283,1.11111,21.4101
-0.828283,1.15152,25.0082
-0.828283,1.19192,28.9327
-0.828283,1.23232,33.1838
-0.828283,1.27273,37.7614
-0.828283,1.31313,42.6654
-0.828283,1.35354,47.896
-0.828283,1.39394,53.453
-0.828283,1.43434,59.3366
-0.828283,1.47475,65.5466
-0.828283,1.51515,72.0831
-0.828283,1.55556,78.9462
-0.828283,1.59596,86.1357
-0.828283,1.63636,93.6518
-0.828283,1.67677,101.494
-0.828283,1.71717,109.663
-0.828283,1.75758,118.159
-0.828283,1.79798,126.981
-0.828283,1.83838,136.129
-0.828283,1.87879,145.604
-0.828283,1.91919,155.406
-0.828283,1.9596,165.534
-0.828283,2,175.988
-0.787879,-2,690.031
-0.787879,-1.9596,669.017
-0.787879,-1.91919,648.329
-0.787879,-1.87879,627.967
-0.787879,-1.83838,607.932
-0.787879,-1.79798,588.223
-0.787879,-1.75758,568.841
-0.787879,-1.71717,549.786
-0.787879,-1.67677,531.057
-0.787879,-1.63636,512.654
-0.787879,-1.59596,494.578
-0.787879,-1.55556,476.828
-0.787879,-1.51515,459.405
-0.787879,-1.47475,442.309
-0.787879,-1.43434,425.539
-0.787879,-1.39394,409.095
-0.787879,-1.35354,392.978
-0.787879,-1.31313,377.187
-0.787879,-1.27273,361.723
-0.787879,-1.23232,346.586
-0.787879,-1.19192,331.775
-0.787879,-1.15152,317.29
-0.787879,-1.11111,303.132
-0.787879,-1.07071,289.3
-0.787879,-1.0303,275.795
-0.787879,-0.989899,262.616
-0.787879,-0.949495,249.764
-0.787879,-0.909091,237.239
-0.787879,-0.868687,225.04
-0.787879,-0.828283,213.167
-0.787879,-0.787879,201.621
-0.787879,-0.747475,190.401
-0.787879,-0.707071,179.508
-0.787879,-0.666667,168.941
-0.787879,-0.626263,158.701
-0.787879,-0.585859,148.788
-0.787879,-0.545455,139.201
-0.787879,-0.505051,129.94
-0.787879,-0.464646,121.006
-0.787879,-0.424242,112.398
-0.787879,-0.383838,104.117
-0.787879,-0.343434,96.1622
-0.787879,-0.30303,88.5341
-0.787879,-0.262626,81.2324
-0.787879,-0.222222,74.2572
-0.787879,-0.181818,67.6086
-0.787879,-0.141414,61.2864
-0.787879,-0.10101,55.2907
-0.787879,-0.0606061,49.6215
-0.787879,-0.020202,44.2788
-0.787879,0.020202,39.2627
-0.787879,0.0606061,34.573
-0.787879,0.10101,30.2098
-0.787879,0.141414,26.1731
-0.787879,0.181818,22.4629
-0.787879,0.222222,19.0792
-0.787879,0.262626,16.022
-0.787879,0.30303,13.2913
-0.787879,0.343434,10.8871
-0.787879,0.383838,8.80936
-0.787879,0.424242,7.05815
-0.787879,0.464646,5.63344
-0.787879,0.505051,4.53522
-0.787879,0.545455,3.7635
-0.787879,0.585859,3.31827
-0.787879,0.626263,3.19955
-0.787879,0.666667,3.40732
-0.787879,0.707071,3.94159
-0.787879,0.747475,4.80235
-0.787879,0.787879,5.98961
-0.787879,0.828283,7.50337
-0.787879,0.868687,9.34363
-0.787879,0.909091,11.5104
-0.787879,0.949495,14.0036
-0.787879,0.989899,16.8234
-0.787879,1.0303,19.9696
-0.787879,1.07071,23.4424
-0.787879,1.11111,27.2416
-0.787879,1.15152,31.3674
-0.787879,1.19192,35.8196
-0.787879,1.23232,40.5983
-0.787879,1.27273,45.7036
-0.787879,1.31313,51.1353
-0.787879,1.35354,56.8935
-0.787879,1.39394,62.9782
-0.787879,1.43434,69.3895
-0.787879,1.47475,76.1272
-0.787879,1.51515,83.1914
-0.787879,1.55556,90.5821
-0.787879,1.59596,98.2993
-0.787879,1.63636,106.343
-0.787879,1.67677,114.713
-0.787879,1.71717,123.41
-0.787879,1.75758,132.433
-0.787879,1.79798,141.783
-0.787879,1.83838,151.459
-0.787879,1.87879,161.462
-0.787879,1.91919,171.791
-0.787879,1.9596,182.447
-0.787879,2,193.429
-0.747475,-2,657.758
-0.747475,-1.9596,637.244
-0.747475,-1.91919,617.058
-0.747475,-1.87879,597.197
-0.747475,-1.83838,577.664
-0.747475,-1.79798,558.456
-0.747475,-1.75758,539.576
-0.747475,-1.71717,521.021
-0.747475,-1.67677,502.794
-0.747475,-1.63636,484.892
-0.747475,-1.59596,467.317
-0.747475,-1.55556,450.069
-0.747475,-1.51515,433.147
-0.747475,-1.47475,416.552
-0.747475,-1.43434,400.283
-0.747475,-1.39394,384.341
-0.747475,-1.35354,368.725
-0.747475,-1.31313,353.436
-0.747475,-1.27273,338.473
-0.747475,-1.23232,323.837
-0.747475,-1.19192,309.527
-0.747475,-1.15152,295.544
-0.747475,-1.11111,281.887
-0.747475,-1.07071,268.556
-0.747475,-1.0303,255.553
-0.747475,-0.989899,242.875
-0.747475,-0.949495,230.524
-0.747475,-0.909091,218.5
-0.747475,-0.868687,206.802
-0.747475,-0.828283,195.431
-0.747475,-0.787879,184.386
-0.747475,-0.747475,173.668
-0.747475,-0.707071,163.276
-0.747475,-0.666667,153.211
-0.747475,-0.626263,143.472
-0.747475,-0.585859,134.059
-0.747475,-0.545455,124.973
-0.747475,-0.505051,116.214
-0.747475,-0.464646,107.781
-0.747475,-0.424242,99.6749
-0.747475,-0.383838,91.895
-0.747475,-0.343434,84.4416
-0.747475,-0.30303,77.3148
-0.747475,-0.262626,70.5144
-0.747475,-0.222222,64.0405
-0.747475,-0.181818,57.8931
-0.747475,-0.141414,52.0722
-0.747475,-0.10101,46.5779
-0.747475,-0.0606061,41.41
-0.747475,-0.020202,36.5686
-0.747475,0.020202,32.0537
-0.747475,0.0606061,27.8653
-0.747475,0.10101,24.0034
-0.747475,0.141414,20.468
-0.747475,0.181818,17.2591
-0.747475,0.222222,14.3766
-0.747475,0.262626,11.8207
-0.747475,0.30303,9.59131
-0.747475,0.343434,7.68839
-0.747475,0.383838,6.11197
-0.747475,0.424242,4.86205
-0.747475,0.464646,3.93862
-0.747475,0.505051,3.34169
-0.747475,0.545455,3.07126
-0.747475,0.585859,3.12733
-0.747475,0.626263,3.50989
-0.747475,0.666667,4.21895
-0.747475,0.707071,5.25451
-0.747475,0.747475,6.61656
-0.747475,0.787879,8.30511
-0.747475,0.828283,10.3202
-0.747475,0.868687,12.6617
-0.747475,0.909091,15.3298
-0.747475,0.949495,18.3243
-0.747475,0.989899,21.6453
-0.747475,1.0303,25.2929
-0.747475,1.07071,29.2669
-0.747475,1.11111,33.5674
-0.747475,1.15152,38.1945
-0.747475,1.19192,43.148
-0.747475,1.23232,48.428
-0.747475,1.27273,54.0345
-0.747475,1.31313,59.9675
-0.747475,1.35354,66.2271
-0.747475,1.39394,72.8131
-0.747475,1.43434,79.7256
-0.747475,1.47475,86.9646
-0.747475,1.51515,94.5301
-0.747475,1.55556,102.422
-0.747475,1.59596,110.641
-0.747475,1.63636,119.186
-0.747475,1.67677,128.057
-0.747475,1.71717,137.255
-0.747475,1.75758,146.78
-0.747475,1.79798,156.631
-0.747475,1.83838,166.808
-0.747475,1.87879,177.312
-0.747475,1.91919,188.142
-0.747475,1.9596,199.299
-0.747475,2,210.783
-0.707071,-2,627.889
-0.707071,-1.9596,607.85
-0.707071,-1.91919,588.138
-0.707071,-1.87879,568.753
-0.707071,-1.83838,549.694
-0.707071,-1.79798,530.962
-0.707071,-1.75758,512.556
-0.707071,-1.71717,494.477
-0.707071,-1.67677,476.724
-0.707071,-1.63636,459.297
-0.707071,-1.59596,442.197
-0.707071,-1.55556,425.424
-0.707071,-1.51515,408.977
-0.707071,-1.47475,392.857
-0.707071,-1.43434,377.063
-0.707071,-1.39394,361.595
-0.707071,-1.35354,346.455
-0.707071,-1.31313,331.64
-0.707071,-1.27273,317.152
-0.707071,-1.23232,302.991
-0.707071,-1.19192,289.156
-0.707071,-1.15152,275.647
-0.707071,-1.11111,262.466
-0.707071,-1.07071,249.61
-0.707071,-1.0303,237.081
-0.707071,-0.989899,224.879
-0.707071,-0.949495,213.003
-0.707071,-0.909091,201.453
-0.707071,-0.868687,190.231
-0.707071,-0.828283,179.334
-0.707071,-0.787879,168.764
-0.707071,-0.747475,158.521
-0.707071,-0.707071,148.604
-0.707071,-0.666667,139.013
-0.707071,-0.626263,129.749
-0.707071,-0.585859,120.812
-0.707071,-0.545455,112.201
-0.707071,-0.505051,103.916
-0.707071,-0.464646,95.9585
-0.707071,-0.424242,88.3271
-0.707071,-0.383838,81.0221
-0.707071,-0.343434,74.0436
-0.707071,-0.30303,67.3917
-0.707071,-0.262626,61.0662
-0.707071,-0.222222,55.0672
-0.707071,-0.181818,49.3947
-0.707071,-0.141414,44.0488
-0.707071,-0.10101,39.0293
-0.707071,-0.0606061,34.3363
-0.707071,-0.020202,29.9698
-0.707071,0.020202,25.9298
-0.707071,0.0606061,22.2163
-0.707071,0.10101,18.8293
-0.707071,0.141414,15.7688
-0.707071,0.181818,13.0348
-0.707071,0.222222,10.6273
-0.707071,0.262626,8.5463
-0.707071,0.30303,6.79179
-0.707071,0.343434,5.36377
-0.707071,0.383838,4.26226
-0.707071,0.424242,3.48724
-0.707071,0.464646,3.03872
-0.707071,0.505051,2.91669
-0.707071,0.545455,3.12117
-0.707071,0.585859,3.65214
-0.707071,0.626263,4.5096
-0.707071,0.666667,5.69357
-0.707071,0.707071,7.20403
-0.707071,0.747475,9.04099
-0.707071,0.787879,11.2044
-0.707071,0.828283,13.6944
-0.707071,0.868687,16.5109
-0.707071,0.909091,19.6538
-0.707071,0.949495,23.1232
-0.707071,0.989899,26.9192
-0.707071,1.0303,31.0416
-0.707071,1.07071,35.4906
-0.707071,1.11111,40.266
-0.707071,1.15152,45.3679
-0.707071,1.19192,50.7964
-0.707071,1.23232,56.5513
-0.707071,1.27273,62.6327
-0.707071,1.31313,69.0406
-0.707071,1.35354,75.7751
-0.707071,1.39394,82.836
-0.707071,1.43434,90.2234
-0.707071,1.47475,97.9373
-0.707071,1.51515,105.978
-0.707071,1.55556,114.345
-0.707071,1.59596,123.038
-0.707071,1.63636,132.058
-0.707071,1.67677,141.404
-0.707071,1.71717,151.077
-0.707071,1.75758,161.077
-0.707071,1.79798,171.402
-0.707071,1.83838,182.055
-0.707071,1.87879,193.034
-0.707071,1.91919,204.339
-0.707071,1.9596,215.971
-0.707071,2,227.929
-0.666667,-2,600.309
-0.666667,-1.9596,580.719
-0.666667,-1.91919,561.455
-0.666667,-1.87879,542.519
-0.666667,-1.83838,523.908
-0.666667,-1.79798,505.624
-0.666667,-1.75758,487.667
-0.666667,-1.71717,470.036
-0.666667,-1.67677,452.732
-0.666667,-1.63636,435.754
-0.666667,-1.59596,419.103
-0.666667,-1.55556,402.778
-0.666667,-1.51515,386.779
-0.666667,-1.47475,371.108
-0.666667,-1.43434,355.762
-0.666667,-1.39394,340.743
-0.666667,-1.35354,326.051
-0.666667,-1.31313,311.685
-0.666667,-1.27273,297.646
-0.666667,-1.23232,283.933
-0.666667,-1.19192,270.546
-0.666667,-1.15152,257.486
-0.666667,-1.11111,244.753
-0.666667,-1.07071,232.346
-0.666667,-1.0303,220.266
-0.666667,-0.989899,208.512
-0.666667,-0.949495,197.084
-0.666667,-0.909091,185.984
-0.666667,-0.868687,175.209
-0.666667,-0.828283,164.761
-0.666667,-0.787879,154.64
-0.666667,-0.747475,144.845
-0.666667,-0.707071,135.376
-0.666667,-0.666667,126.235
-0.666667,-0.626263,117.419
-0.666667,-0.585859,108.93
-0.666667,-0.545455,100.768
-0.666667,-0.505051,92.9318
-0.666667,-0.464646,85.4224
-0.666667,-0.424242,78.2395
-0.666667,-0.383838,71.383
-0.666667,-0.343434,64.8531
-0.666667,-0.30303,58.6496
-0.666667,-0.262626,52.7727
-0.666667,-0.222222,47.2222
-0.666667,-0.181818,41.9983
-0.666667,-0.141414,37.1008
-0.666667,-0.10101,32.5298
-0.666667,-0.0606061,28.2854
-0.666667,-0.020202,24.3674
-0.666667,0.020202,20.7759
-0.666667,0.0606061,17.511
-0.666667,0.10101,14.5725
-0.666667,0.141414,11.9605
-0.666667,0.181818,9.67503
-0.666667,0.222222,7.71605
-0.666667,0.262626,6.08356
-0.666667,0.30303,4.77757
-0.666667,0.343434,3.79808
-0.666667,0.383838,3.14509
-0.666667,0.424242,2.81859
-0.666667,0.464646,2.81859
-0.666667,0.505051,3.14509
-0.666667,0.545455,3.79808
-0.666667,0.585859,4.77757
-0.666667,0.626263,6.08356
-0.666667,0.666667,7.71605
-0.666667,0.707071,9.67503
-0.666667,0.747475,11.9605
-0.666667,0.787879,14.5725
-0.666667,0.828283,17.511
-0.666667,0.868687,20.7759
-0.666667,0.909091,24.3674
-0.666667,0.949495,28.2854
-0.666667,0.989899,32.5298
-0.666667,1.0303,37.1008
-0.666667,1.07071,41.9983
-0.666667,1.11111,47.2222
-0.666667,1.15152,52.7727
-0.666667,1.19192,58.6496
-0.666667,1.23232,64.8531
-0.666667,1.27273,71.383
-0.666667,1.31313,78.2395
-0.666667,1.35354,85.4224
-0.666667,1.39394,92.9318
-0.666667,1.43434,100.768
-0.666667,1.47475,108.93
-0.666667,1.51515,117.419
-0.666667,1.55556,126.235
-0.666667,1.59596,135.376
-0.666667,1.63636,144.845
-0.666667,1.67677,154.64
-0.666667,1.71717,164.761
-0.666667,1.75758,175.209
-0.666667,1.79798,185.984
-0.666667,1.83838,197.084
-0.666667,1.87879,208.512
-0.666667,1.91919,220.266
-0.666667,1.9596,232.346
-0.666667,2,244.753
-0.626263,-2,574.909
-0.626263,-1.9596,555.741
-0.626263,-1.91919,536.9
-0.626263,-1.87879,518.386
-0.626263,-1.83838,500.197
-0.626263,-1.79798,482.336
-0.626263,-1.75758,464.8
-0.626263,-1.71717,447.592
-0.626263,-1.67677,430.709
-0.626263,-1.63636,414.154
-0.626263,-1.59596,397.925
-0.626263,-1.55556,382.022
-0.626263,-1.51515,366.446
-0.626263,-1.47475,351.196
-0.626263,-1.43434,336.273
-0.626263,-1.39394,321.676
-0.626263,-1.35354,307.406
-0.626263,-1.31313,293.462
-0.626263,-1.27273,279.845
-0.626263,-1.23232,266.554
-0.626263,-1.19192,253.59
-0.626263,-1.15152,240.952
-0.626263,-1.11111,228.641
-0.626263,-1.07071,216.656
-0.626263,-1.0303,204.998
-0.626263,-0.989899,193.666
-0.626263,-0.949495,182.661
-0.626263,-0.909091,171.982
-0.626263,-0.868687,161.63
-0.626263,-0.828283,151.604
-0.626263,-0.787879,141.904
-0.626263,-0.747475,132.532
-0.626263,-0.707071,123.485
-0.626263,-0.666667,114.766
-0.626263,-0.626263,106.372
-0.626263,-0.585859,98.3055
-0.626263,-0.545455,90.5652
-0.626263,-0.505051,83.1515
-0.626263,-0.464646,76.0642
-0.626263,-0.424242,69.3033
-0.626263,-0.383838,62.869
-0.626263,-0.343434,56.7612
-0.626263,-0.30303,50.9799
-0.626263,-0.262626,45.5251
-0.626263,-0.222222,40.3968
-0.626263,-0.181818,35.595
-0.626263,-0.141414,31.1197
-0.626263,-0.10101,26.9708
-0.626263,-0.0606061,23.1485
-0.626263,-0.020202,19.6527
-0.626263,0.020202,16.4833
-0.626263,0.0606061,13.6405
-0.626263,0.10101,11.1242
-0.626263,0.141414,8.93433
-0.626263,0.181818,7.07099
-0.626263,0.222222,5.53414
-0.626263,0.262626,4.32379
-0.626263,0.30303,3.43994
-0.626263,0.343434,2.88259
-0.626263,0.383838,2.65173
-0.626263,0.424242,2.74737
-0.626263,0.464646,3.16951
-0.626263,0.505051,3.91814
-0.626263,0.545455,4.99328
-0.626263,0.585859,6.39491
-0.626263,0.626263,8.12303
-0.626263,0.666667,10.1777
-0.626263,0.707071,12.5588
-0.626263,0.747475,15.2664
-0.626263,0.787879,18.3005
-0.626263,0.828283,21.6611
-0.626263,0.868687,25.3482
-0.626263,0.909091,29.3618
-0.626263,0.949495,33.702
-0.626263,0.989899,38.3686
-0.626263,1.0303,43.3617
-0.626263,1.07071,48.6813
-0.626263,1.11111,54.3273
-0.626263,1.15152,60.2999
-0.626263,1.19192,66.599
-0.626263,1.23232,73.2246
-0.626263,1.27273,80.1767
-0.626263,1.31313,87.4553
-0.626263,1.35354,95.0604
-0.626263,1.39394,102.992
-0.626263,1.43434,111.25
-0.626263,1.47475,119.835
-0.626263,1.51515,128.746
-0.626263,1.55556,137.983
-0.626263,1.59596,147.547
-0.626263,1.63636,157.438
-0.626263,1.67677,167.655
-0.626263,1.71717,178.198
-0.626263,1.75758,189.068
-0.626263,1.79798,200.265
-0.626263,1.83838,211.788
-0.626263,1.87879,223.638
-0.626263,1.91919,235.814
-0.626263,1.9596,248.316
-0.626263,2,261.145
-0.585859,-2,551.588
-0.585859,-1.9596,532.816
-0.585859,-1.91919,514.37
-0.585859,-1.87879,496.251
-0.585859,-1.83838,478.459
-0.585859,-1.79798,460.993
-0.585859,-1.75758,443.854
-0.585859,-1.71717,427.041
-0.585859,-1.67677,410.554
-0.585859,-1.63636,394.394
-0.585859,-1.59596,378.561
-0.585859,-1.55556,363.054
-0.585859,-1.51515,347.873
-0.585859,-1.47475,333.019
-0.585859,-1.43434,318.492
-0.585859,-1.39394,304.291
-0.585859,-1.35354,290.416
-0.585859,-1.31313,276.868
-0.585859,-1.27273,263.647
-0.585859,-1.23232,250.752
-0.585859,-1.19192,238.183
-0.585859,-1.15152,225.941
-0.585859,-1.11111,214.026
-0.585859,-1.07071,202.437
-0.585859,-1.0303,191.174
-0.585859,-0.989899,180.238
-0.585859,-0.949495,169.629
-0.585859,-0.909091,159.346
-0.585859,-0.868687,149.389
-0.585859,-0.828283,139.759
-0.585859,-0.787879,130.456
-0.585859,-0.747475,121.479
-0.585859,-0.707071,112.828
-0.585859,-0.666667,104.504
-0.585859,-0.626263,96.5066
-0.585859,-0.585859,88.8356
-0.585859,-0.545455,81.491
-0.585859,-0.505051,74.473
-0.585859,-0.464646,67.7814
-0.585859,-0.424242,61.4164
-0.585859,-0.383838,55.3778
-0.585859,-0.343434,49.6658
-0.585859,-0.30303,44.2802
-0.585859,-0.262626,39.2212
-0.585859,-0.222222,34.4886
-0.585859,-0.181818,30.0825
-0.585859,-0.141414,26.003
-0.585859,-0.10101,22.2499
-0.585859,-0.0606061,18.8233
-0.585859,-0.020202,15.7233
-0.585859,0.020202,12.9497
-0.585859,0.0606061,10.5026
-0.585859,0.10101,8.38201
-0.585859,0.141414,6.58792
-0.585859,0.181818,5.12033
-0.585859,0.222222,3.97924
-0.585859,0.262626,3.16465
-0.585859,0.30303,2.67655
-0.585859,0.343434,2.51495
-0.585859,0.383838,2.67985
-0.585859,0.424242,3.17124
-0.585859,0.464646,3.98914
-0.585859,0.505051,5.13353
-0.585859,0.545455,6.60441
-0.585859,0.585859,8.4018
-0.585859,0.626263,10.5257
-0.585859,0.666667,12.9761
-0.585859,0.707071,15.7529
-0.585859,0.747475,18.8563
-0.585859,0.787879,22.2862
-0.585859,0.828283,26.0425
-0.585859,0.868687,30.1254
-0.585859,0.909091,34.5348
-0.585859,0.949495,39.2706
-0.585859,0.989899,44.333
-0.585859,1.0303,49.7218
-0.585859,1.07071,55.4372
-0.585859,1.11111,61.479
-0.585859,1.15152,67.8474
-0.585859,1.19192,74.5422
-0.585859,1.23232,81.5636
-0.585859,1.27273,88.9114
-0.585859,1.31313,96.5857
-0.585859,1.35354,104.587
-0.585859,1.39394,112.914
-0.585859,1.43434,121.568
-0.585859,1.47475,130.548
-0.585859,1.51515,139.855
-0.585859,1.55556,149.488
-0.585859,1.59596,159.448
-0.585859,1.63636,169.734
-0.585859,1.67677,180.347
-0.585859,1.71717,191.286
-0.585859,1.75758,202.552
-0.585859,1.79798,214.145
-0.585859,1.83838,226.063
-0.585859,1.87879,238.309
-0.585859,1.91919,250.88
-0.585859,1.9596,263.779
-0.585859,2,277.004
-0.545455,-2,530.249
-0.545455,-1.9596,511.846
-0.545455,-1.91919,493.77
-0.545455,-1.87879,476.02
-0.545455,-1.83838,458.597
-0.545455,-1.79798,441.501
-0.545455,-1.75758,424.731
-0.545455,-1.71717,408.287
-0.545455,-1.67677,392.17
-0.545455,-1.63636,376.379
-0.545455,-1.59596,360.915
-0.545455,-1.55556,345.778
-0.545455,-1.51515,330.966
-0.545455,-1.47475,316.482
-0.545455,-1.43434,302.324
-0.545455,-1.39394,288.492
-0.545455,-1.35354,274.987
-0.545455,-1.31313,261.808
-0.545455,-1.27273,248.956
-0.545455,-1.23232,236.431
-0.545455,-1.19192,224.232
-0.545455,-1.15152,212.359
-0.545455,-1.11111,200.813
-0.545455,-1.07071,189.593
-0.545455,-1.0303,178.7
-0.545455,-0.989899,168.133
-0.545455,-0.949495,157.893
-0.545455,-0.909091,147.98
-0.545455,-0.868687,138.392
-0.545455,-0.828283,129.132
-0.545455,-0.787879,120.198
-0.545455,-0.747475,111.59
-0.545455,-0.707071,103.309
-0.545455,-0.666667,95.3542
-0.545455,-0.626263,87.726
-0.545455,-0.585859,80.4243
-0.545455,-0.545455,73.4491
-0.545455,-0.505051,66.8005
-0.545455,-0.464646,60.4783
-0.545455,-0.424242,54.4826
-0.545455,-0.383838,48.8134
-0.545455,-0.343434,43.4708
-0.545455,-0.30303,38.4546
-0.545455,-0.262626,33.7649
-0.545455,-0.222222,29.4017
-0.545455,-0.181818,25.365
-0.545455,-0.141414,21.6548
-0.545455,-0.10101,18.2711
-0.545455,-0.0606061,15.2139
-0.545455,-0.020202,12.4832
-0.545455,0.020202,10.079
-0.545455,0.0606061,8.00128
-0.545455,0.10101,6.25007
-0.545455,0.141414,4.82535
-0.545455,0.181818,3.72714
-0.545455,0.222222,2.95542
-0.545455,0.262626,2.51019
-0.545455,0.30303,2.39147
-0.545455,0.343434,2.59924
-0.545455,0.383838,3.1335
-0.545455,0.424242,3.99427
-0.545455,0.464646,5.18153
-0.545455,0.505051,6.69529
-0.545455,0.545455,8.53555
-0.545455,0.585859,10.7023
-0.545455,0.626263,13.1956
-0.545455,0.666667,16.0153
-0.545455,0.707071,19.1616
-0.545455,0.747475,22.6343
-0.545455,0.787879,26.4335
-0.545455,0.828283,30.5593
-0.545455,0.868687,35.0115
-0.545455,0.909091,39.7902
-0.545455,0.949495,44.8955
-0.545455,0.989899,50.3272
-0.545455,1.0303,56.0854
-0.545455,1.07071,62.1702
-0.545455,1.11111,68.5814
-0.545455,1.15152,75.3191
-0.545455,1.19192,82.3833
-0.545455,1.23232,89.774
-0.545455,1.27273,97.4912
-0.545455,1.31313,105.535
-0.545455,1.35354,113.905
-0.545455,1.39394,122.602
-0.545455,1.43434,131.625
-0.545455,1.47475,140.975
-0.545455,1.51515,150.651
-0.545455,1.55556,160.654
-0.545455,1.59596,170.983
-0.545455,1.63636,181.638
-0.545455,1.67677,192.621
-0.545455,1.71717,203.929
-0.545455,1.75758,215.565
-0.545455,1.79798,227.526
-0.545455,1.83838,239.814
-0.545455,1.87879,252.429
-0.545455,1.91919,265.37
-0.545455,1.9596,278.638
-0.545455,2,292.232
-0.505051,-2,510.802
-0.505051,-1.9596,492.742
-0.505051,-1.91919,475.009
-0.505051,-1.87879,457.603
-0.505051,-1.83838,440.523
-0.505051,-1.79798,423.769
-0.505051,-1.75758,407.342
-0.505051,-1.71717,391.241
-0.505051,-1.67677,375.467
-0.505051,-1.63636,360.02
-0.505051,-1.59596,344.898
-0.505051,-1.55556,330.104
-0.505051,-1.51515,315.636
-0.505051,-1.47475,301.494
-0.505051,-1.43434,287.679
-0.505051,-1.39394,274.19
-0.505051,-1.35354,261.028
-0.505051,-1.31313,248.193
-0.505051,-1.27273,235.683
-0.505051,-1.23232,223.501
-0.505051,-1.19192,211.645
-0.505051,-1.15152,200.115
-0.505051,-1.11111,188.912
-0.505051,-1.07071,178.035
-0.505051,-1.0303,167.485
-0.505051,-0.989899,157.261
-0.505051,-0.949495,147.364
-0.505051,-0.909091,137.794
-0.505051,-0.868687,128.549
-0.505051,-0.828283,119.632
-0.505051,-0.787879,111.041
-0.505051,-0.747475,102.776
-0.505051,-0.707071,94.8378
-0.505051,-0.666667,87.2261
-0.505051,-0.626263,79.941
-0.505051,-0.585859,72.9823
-0.505051,-0.545455,66.3501
-0.505051,-0.505051,60.0444
-0.505051,-0.464646,54.0652
-0.505051,-0.424242,48.4125
-0.505051,-0.383838,43.0863
-0.505051,-0.343434,38.0866
-0.505051,-0.30303,33.4134
-0.505051,-0.262626,29.0667
-0.505051,-0.222222,25.0465
-0.505051,-0.181818,21.3528
-0.505051,-0.141414,17.9856
-0.505051,-0.10101,14.9449
-0.505051,-0.0606061,12.2307
-0.505051,-0.020202,9.84298
-0.505051,0.020202,7.78176
-0.505051,0.0606061,6.04703
-0.505051,0.10101,4.63881
-0.505051,0.141414,3.55708
-0.505051,0.181818,2.80185
-0.505051,0.222222,2.37311
-0.505051,0.262626,2.27088
-0.505051,0.30303,2.49514
-0.505051,0.343434,3.0459
-0.505051,0.383838,3.92315
-0.505051,0.424242,5.1269
-0.505051,0.464646,6.65715
-0.505051,0.505051,8.5139
-0.505051,0.545455,10.6971
-0.505051,0.585859,13.2069
-0.505051,0.626263,16.0431
-0.505051,0.666667,19.2059
-0.505051,0.707071,22.6951
-0.505051,0.747475,26.5108
-0.505051,0.787879,30.6531
-0.505051,0.828283,35.1218
-0.505051,0.868687,39.917
-0.505051,0.909091,45.0387
-0.505051,0.949495,50.4869
-0.505051,0.989899,56.2617
-0.505051,1.0303,62.3629
-0.505051,1.07071,68.7906
-0.505051,1.11111,75.5448
-0.505051,1.15152,82.6255
-0.505051,1.19192,90.0327
-0.505051,1.23232,97.7664
-0.505051,1.27273,105.827
-0.505051,1.31313,114.213
-0.505051,1.35354,122.926
-0.505051,1.39394,131.966
-0.505051,1.43434,141.332
-0.505051,1.47475,151.025
-0.505051,1.51515,161.044
-0.505051,1.55556,171.39
-0.505051,1.59596,182.062
-0.505051,1.63636,193.061
-0.505051,1.67677,204.386
-0.505051,1.71717,216.038
-0.505051,1.75758,228.016
-0.505051,1.79798,240.32
-0.505051,1.83838,252.952
-0.505051,1.87879,265.909
-0.505051,1.91919,279.193
-0.505051,1.9596,292.804
-0.505051,2,306.741
-0.464646,-2,493.165
-0.464646,-1.9596,475.422
-0.464646,-1.91919,458.005
-0.464646,-1.87879,440.915
-0.464646,-1.83838,424.152
-0.464646,-1.79798,407.715
-0.464646,-1.75758,391.604
-0.464646,-1.71717,375.82
-0.464646,-1.67677,360.363
-0.464646,-1.63636,345.232
-0.464646,-1.59596,330.427
-0.464646,-1.55556,315.949
-0.464646,-1.51515,301.798
-0.464646,-1.47475,287.973
-0.464646,-1.43434,274.474
-0.464646,-1.39394,261.302
-0.464646,-1.35354,248.457
-0.464646,-1.31313,235.938
-0.464646,-1.27273,223.745
-0.464646,-1.23232,211.879
-0.464646,-1.19192,200.34
-0.464646,-1.15152,189.127
-0.464646,-1.11111,178.24
-0.464646,-1.07071,167.68
-0.464646,-1.0303,157.446
-0.464646,-0.989899,147.539
-0.464646,-0.949495,137.959
-0.464646,-0.909091,128.705
-0.464646,-0.868687,119.777
-0.464646,-0.828283,111.176
-0.464646,-0.787879,102.902
-0.464646,-0.747475,94.9536
-0.464646,-0.707071,87.332
-0.464646,-0.666667,80.0369
-0.464646,-0.626263,73.0684
-0.464646,-0.585859,66.4263
-0.464646,-0.545455,60.1107
-0.464646,-0.505051,54.1216
-0.464646,-0.464646,48.459
-0.464646,-0.424242,43.123
-0.464646,-0.383838,38.1134
-0.464646,-0.343434,33.4303
-0.464646,-0.30303,29.0737
-0.464646,-0.262626,25.0436
-0.464646,-0.222222,21.34
-0.464646,-0.181818,17.9629
-0.464646,-0.141414,14.9123
-0.464646,-0.10101,12.1882
-0.464646,-0.0606061,9.79055
-0.464646,-0.020202,7.71943
-0.464646,0.020202,5.97482
-0.464646,0.0606061,4.5567
-0.464646,0.10101,3.46507
-0.464646,0.141414,2.69995
-0.464646,0.181818,2.26132
-0.464646,0.222222,2.14919
-0.464646,0.262626,2.36356
-0.464646,0.30303,2.90442
-0.464646,0.343434,3.77178
-0.464646,0.383838,4.96564
-0.464646,0.424242,6.486
-0.464646,0.464646,8.33285
-0.464646,0.505051,10.5062
-0.464646,0.545455,13.0061
-0.464646,0.585859,15.8324
-0.464646,0.626263,18.9852
-0.464646,0.666667,22.4646
-0.464646,0.707071,26.2704
-0.464646,0.747475,30.4027
-0.464646,0.787879,34.8616
-0.464646,0.828283,39.6469
-0.464646,0.868687,44.7587
-0.464646,0.909091,50.1971
-0.464646,0.949495,55.9619
-0.464646,0.989899,62.0532
-0.464646,1.0303,68.471
-0.464646,1.07071,75.2153
-0.464646,1.11111,82.2861
-0.464646,1.15152,89.6834
-0.464646,1.19192,97.4073
-0.464646,1.23232,105.458
-0.464646,1.27273,113.834
-0.464646,1.31313,122.538
-0.464646,1.35354,131.567
-0.464646,1.39394,140.924
-0.464646,1.43434,150.607
-0.464646,1.47475,160.616
-0.464646,1.51515,170.952
-0.464646,1.55556,181.614
-0.464646,1.59596,192.603
-0.464646,1.63636,203.918
-0.464646,1.67677,215.56
-0.464646,1.71717,227.528
-0.464646,1.75758,239.823
-0.464646,1.79798,252.444
-0.464646,1.83838,265.392
-0.464646,1.87879,278.666
-0.464646,1.91919,292.267
-0.464646,1.9596,306.194
-0.464646,2,320.448
-0.424242,-2,477.26
-0.424242,-1.9596,459.808
-0.424242,-1.91919,442.681
-0.424242,-1.87879,425.882
-0.424242,-1.83838,409.408
-0.424242,-1.79798,393.262
-0.424242,-1.75758,377.441
-0.424242,-1.71717,361.948
-0.424242,-1.67677,346.78
-0.424242,-1.63636,331.939
-0.424242,-1.59596,317.425
-0.424242,-1.55556,303.237
-0.424242,-1.51515,289.376
-0.424242,-1.47475,275.841
-0.424242,-1.43434,262.633
-0.424242,-1.39394,249.751
-0.424242,-1.35354,237.196
-0.424242,-1.31313,224.967
-0.424242,-1.27273,213.065
-0.424242,-1.23232,201.489
-0.424242,-1.19192,190.24
-0.424242,-1.15152,179.317
-0.424242,-1.11111,168.721
-0.424242,-1.07071,158.451
-0.424242,-1.0303,148.507
-0.424242,-0.989899,138.891
-0.424242,-0.949495,129.6
-0.424242,-0.909091,120.636
-0.424242,-0.868687,111.999
-0.424242,-0.828283,103.688
-0.424242,-0.787879,95.7038
-0.424242,-0.747475,88.046
-0.424242,-0.707071,80.7147
-0.424242,-0.666667,73.7098
-0.424242,-0.626263,67.0314
-0.424242,-0.585859,60.6796
-0.424242,-0.545455,54.6542
-0.424242,-0.505051,48.9554
-0.424242,-0.464646,43.583
-0.424242,-0.424242,38.5371
-0.424242,-0.383838,33.8178
-0.424242,-0.343434,29.4249
-0.424242,-0.30303,25.3585
-0.424242,-0.262626,21.6186
-0.424242,-0.222222,18.2053
-0.424242,-0.181818,15.1184
-0.424242,-0.141414,12.358
-0.424242,-0.10101,9.9241
-0.424242,-0.0606061,7.81671
-0.424242,-0.020202,6.03582
-0.424242,0.020202,4.58142
-0.424242,0.0606061,3.45352
-0.424242,0.10101,2.65212
-0.424242,0.141414,2.17721
-0.424242,0.181818,2.0288
-0.424242,0.222222,2.20689
-0.424242,0.262626,2.71148
-0.424242,0.30303,3.54256
-0.424242,0.343434,4.70015
-0.424242,0.383838,6.18422
-0.424242,0.424242,7.9948
-0.424242,0.464646,10.1319
-0.424242,0.505051,12.5954
-0.424242,0.545455,15.3855
-0.424242,0.585859,18.5021
-0.424242,0.626263,21.9451
-0.424242,0.666667,25.7147
-0.424242,0.707071,29.8108
-0.424242,0.747475,34.2333
-0.424242,0.787879,38.9824
-0.424242,0.828283,44.0579
-0.424242,0.868687,49.46
-0.424242,0.909091,55.1885
-0.424242,0.949495,61.2435
-0.424242,0.989899,67.6251
-0.424242,1.0303,74.3331
-0.424242,1.07071,81.3676
-0.424242,1.11111,88.7287
-0.424242,1.15152,96.4162
-0.424242,1.19192,104.43
-0.424242,1.23232,112.771
-0.424242,1.27273,121.438
-0.424242,1.31313,130.431
-0.424242,1.35354,139.751
-0.424242,1.39394,149.398
-0.424242,1.43434,159.371
-0.424242,1.47475,169.67
-0.424242,1.51515,180.296
-0.424242,1.55556,191.249
-0.424242,1.59596,202.528
-0.424242,1.63636,214.133
-0.424242,1.67677,226.065
-0.424242,1.71717,238.324
-0.424242,1.75758,250.909
-0.424242,1.79798,263.82
-0.424242,1.83838,277.058
-0.424242,1.87879,290.623
-0.424242,1.91919,304.514
-0.424242,1.9596,318.731
-0.424242,2,333.275
-0.383838,-2,463.018
-0.383838,-1.9596,445.83
-0.383838,-1.91919,428.967
-0.383838,-1.87879,412.431
-0.383838,-1.83838,396.222
-0.383838,-1.79798,380.339
-0.383838,-1.75758,364.782
-0.383838,-1.71717,349.552
-0.383838,-1.67677,334.649
-0.383838,-1.63636,320.072
-0.383838,-1.59596,305.822
-0.383838,-1.55556,291.898
-0.383838,-1.51515,278.3
-0.383838,-1.47475,265.029
-0.383838,-1.43434,252.085
-0.383838,-1.39394,239.467
-0.383838,-1.35354,227.175
-0.383838,-1.31313,215.21
-0.383838,-1.27273,203.572
-0.383838,-1.23232,192.26
-0.383838,-1.19192,181.274
-0.383838,-1.15152,170.615
-0.383838,-1.11111,160.283
-0.383838,-1.07071,150.277
-0.383838,-1.0303,140.597
-0.383838,-0.989899,131.244
-0.383838,-0.949495,122.218
-0.383838,-0.909091,113.518
-0.383838,-0.868687,105.144
-0.383838,-0.828283,97.0974
-0.383838,-0.787879,89.3769
-0.383838,-0.747475,81.9829
-0.383838,-0.707071,74.9154
-0.383838,-0.666667,68.1744
-0.383838,-0.626263,61.7599
-0.383838,-0.585859,55.6718
-0.383838,-0.545455,49.9103
-0.383838,-0.505051,44.4753
-0.383838,-0.464646,39.3668
-0.383838,-0.424242,34.5847
-0.383838,-0.383838,30.1292
-0.383838,-0.343434,26.0002
-0.383838,-0.30303,22.1976
-0.383838,-0.262626,18.7216
-0.383838,-0.222222,15.572
-0.383838,-0.181818,12.749
-0.383838,-0.141414,10.2524
-0.383838,-0.10101,8.08238
-0.383838,-0.0606061,6.23883
-0.383838,-0.020202,4.72177
-0.383838,0.020202,3.53121
-0.383838,0.0606061,2.66715
-0.383838,0.10101,2.12958
-0.383838,0.141414,1.91851
-0.383838,0.181818,2.03394
-0.383838,0.222222,2.47586
-0.383838,0.262626,3.24429
-0.383838,0.30303,4.33921
-0.383838,0.343434,5.76063
-0.383838,0.383838,7.50854
-0.383838,0.424242,9.58295
-0.383838,0.464646,11.9839
-0.383838,0.505051,14.7113
-0.383838,0.545455,17.7652
-0.383838,0.585859,21.1456
-0.383838,0.626263,24.8525
-0.383838,0.666667,28.8859
-0.383838,0.707071,33.2458
-0.383838,0.747475,37.9322
-0.383838,0.787879,42.945
-0.383838,0.828283,48.2844
-0.383838,0.868687,53.9503
-0.383838,0.909091,59.9427
-0.383838,0.949495,66.2616
-0.383838,0.989899,72.9069
-0.383838,1.0303,79.8788
-0.383838,1.07071,87.1772
-0.383838,1.11111,94.802
-0.383838,1.15152,102.753
-0.383838,1.19192,111.031
-0.383838,1.23232,119.636
-0.383838,1.27273,128.566
-0.383838,1.31313,137.824
-0.383838,1.35354,147.408
-0.383838,1.39394,157.318
-0.383838,1.43434,167.555
-0.383838,1.47475,178.118
-0.383838,1.51515,189.008
-0.383838,1.55556,200.224
-0.383838,1.59596,211.767
-0.383838,1.63636,223.637
-0.383838,1.67677,235.832
-0.383838,1.71717,248.355
-0.383838,1.75758,261.204
-0.383838,1.79798,274.379
-0.383838,1.83838,287.881
-0.383838,1.87879,301.709
-0.383838,1.91919,315.864
-0.383838,1.9596,330.345
-0.383838,2,345.153
-0.343434,-2,450.375
-0.343434,-1.9596,433.423
-0.343434,-1.91919,416.798
-0.343434,-1.87879,400.5
-0.343434,-1.83838,384.528
-0.343434,-1.79798,368.882
-0.343434,-1.75758,353.563
-0.343434,-1.71717,338.571
-0.343434,-1.67677,323.905
-0.343434,-1.63636,309.565
-0.343434,-1.59596,295.552
-0.343434,-1.55556,281.866
-0.343434,-1.51515,268.506
-0.343434,-1.47475,255.472
-0.343434,-1.43434,242.765
-0.343434,-1.39394,230.385
-0.343434,-1.35354,218.331
-0.343434,-1.31313,206.603
-0.343434,-1.27273,195.202
-0.343434,-1.23232,184.128
-0.343434,-1.19192,173.38
-0.343434,-1.15152,162.958
-0.343434,-1.11111,152.863
-0.343434,-1.07071,143.095
-0.343434,-1.0303,133.653
-0.343434,-0.989899,124.537
-0.343434,-0.949495,115.748
-0.343434,-0.909091,107.286
-0.343434,-0.868687,99.1495
-0.343434,-0.828283,91.3399
-0.343434,-0.787879,83.8569
-0.343434,-0.747475,76.7003
-0.343434,-0.707071,69.8703
-0.343434,-0.666667,63.3667
-0.343434,-0.626263,57.1896
-0.343434,-0.585859,51.3391
-0.343434,-0.545455,45.815
-0.343434,-0.505051,40.6174
-0.343434,-0.464646,35.7463
-0.343434,-0.424242,31.2018
-0.343434,-0.383838,26.9837
-0.343434,-0.343434,23.0921
-0.343434,-0.30303,19.527
-0.343434,-0.262626,16.2884
-0.343434,-0.222222,13.3763
-0.343434,-0.181818,10.7907
-0.343434,-0.141414,8.53164
-0.343434,-0.10101,6.59904
-0.343434,-0.0606061,4.99294
-0.343434,-0.020202,3.71334
-0.343434,0.020202,2.76023
-0.343434,0.0606061,2.13362
-0.343434,0.10101,1.8335
-0.343434,0.141414,1.85989
-0.343434,0.181818,2.21277
-0.343434,0.222222,2.89214
-0.343434,0.262626,3.89802
-0.343434,0.30303,5.23039
-0.343434,0.343434,6.88926
-0.343434,0.383838,8.87463
-0.343434,0.424242,11.1865
-0.343434,0.464646,13.8249
-0.343434,0.505051,16.7897
-0.343434,0.545455,20.0811
-0.343434,0.585859,23.6989
-0.343434,0.626263,27.6433
-0.343434,0.666667,31.9141
-0.343434,0.707071,36.5115
-0.343434,0.747475,41.4353
-0.343434,0.787879,46.6857
-0.343434,0.828283,52.2625
-0.343434,0.868687,58.1658
-0.343434,0.909091,64.3957
-0.343434,0.949495,70.952
-0.343434,0.989899,77.8348
-0.343434,1.0303,85.0441
-0.343434,1.07071,92.58
-0.343434,1.11111,100.442
-0.343434,1.15152,108.631
-0.343434,1.19192,117.146
-0.343434,1.23232,125.988
-0.343434,1.27273,135.157
-0.343434,1.31313,144.651
-0.343434,1.35354,154.473
-0.343434,1.39394,164.62
-0.343434,1.43434,175.095
-0.343434,1.47475,185.896
-0.343434,1.51515,197.023
-0.343434,1.55556,208.477
-0.343434,1.59596,220.257
-0.343434,1.63636,232.364
-0.343434,1.67677,244.797
-0.343434,1.71717,257.557
-0.343434,1.75758,270.643
-0.343434,1.79798,284.056
-0.343434,1.83838,297.795
-0.343434,1.87879,311.861
-0.343434,1.91919,326.253
-0.343434,1.9596,340.972
-0.343434,2,356.017
-0.30303,-2,439.272
-0.30303,-1.9596,422.532
-0.30303,-1.91919,406.118
-0.30303,-1.87879,390.03
-0.30303,-1.83838,374.269
-0.30303,-1.79798,358.835
-0.30303,-1.75758,343.727
-0.30303,-1.71717,328.946
-0.30303,-1.67677,314.491
-0.30303,-1.63636,300.362
-0.30303,-1.59596,286.56
-0.30303,-1.55556,273.085
-0.30303,-1.51515,259.936
-0.30303,-1.47475,247.114
-0.30303,-1.43434,234.618
-0.30303,-1.39394,222.448
-0.30303,-1.35354,210.605
-0.30303,-1.31313,199.089
-0.30303,-1.27273,187.899
-0.30303,-1.23232,177.035
-0.30303,-1.19192,166.498
-0.30303,-1.15152,156.288
-0.30303,-1.11111,146.404
-0.30303,-1.07071,136.847
-0.30303,-1.0303,127.616
-0.30303,-0.989899,118.711
-0.30303,-0.949495,110.133
-0.30303,-0.909091,101.882
-0.30303,-0.868687,93.9566
-0.30303,-0.828283,86.3582
-0.30303,-0.787879,79.0862
-0.30303,-0.747475,72.1407
-0.30303,-0.707071,65.5217
-0.30303,-0.666667,59.2292
-0.30303,-0.626263,53.2632
-0.30303,-0.585859,47.6237
-0.30303,-0.545455,42.3107
-0.30303,-0.505051,37.3242
-0.30303,-0.464646,32.6642
-0.30303,-0.424242,28.3307
-0.30303,-0.383838,24.3237
-0.30303,-0.343434,20.6432
-0.30303,-0.30303,17.2891
-0.30303,-0.262626,14.2616
-0.30303,-0.222222,11.5606
-0.30303,-0.181818,9.18608
-0.30303,-0.141414,7.13805
-0.30303,-0.10101,5.41652
-0.30303,-0.0606061,4.02148
-0.30303,-0.020202,2.95295
-0.30303,0.020202,2.21091
-0.30303,0.0606061,1.79536
-0.30303,0.10101,1.70632
-0.30303,0.141414,1.94377
-0.30303,0.181818,2.50772
-0.30303,0.222222,3.39817
-0.30303,0.262626,4.61511
-0.30303,0.30303,6.15856
-0.30303,0.343434,8.0285
-0.30303,0.383838,10.2249
-0.30303,0.424242,12.7479
-0.30303,0.464646,15.5973
-0.30303,0.505051,18.7732
-0.30303,0.545455,22.2756
-0.30303,0.585859,26.1046
-0.30303,0.626263,30.26
-0.30303,0.666667,34.7419
-0.30303,0.707071,39.5503
-0.30303,0.747475,44.6852
-0.30303,0.787879,50.1466
-0.30303,0.828283,55.9346
-0.30303,0.868687,62.049
-0.30303,0.909091,68.4899
-0.30303,0.949495,75.2573
-0.30303,0.989899,82.3512
-0.30303,1.0303,89.7715
-0.30303,1.07071,97.5184
-0.30303,1.11111,105.592
-0.30303,1.15152,113.992
-0.30303,1.19192,122.718
-0.30303,1.23232,131.771
-0.30303,1.27273,141.15
-0.30303,1.31313,150.856
-0.30303,1.35354,160.889
-0.30303,1.39394,171.247
-0.30303,1.43434,181.933
-0.30303,1.47475,192.945
-0.30303,1.51515,204.283
-0.30303,1.55556,215.948
-0.30303,1.59596,227.939
-0.30303,1.63636,240.257
-0.30303,1.67677,252.901
-0.30303,1.71717,265.872
-0.30303,1.75758,279.17
-0.30303,1.79798,292.794
-0.30303,1.83838,306.744
-0.30303,1.87879,321.021
-0.30303,1.91919,335.624
-0.30303,1.9596,350.554
-0.30303,2,365.81
-0.262626,-2,429.659
-0.262626,-1.9596,413.103
-0.262626,-1.91919,396.874
-0.262626,-1.87879,380.971
-0.262626,-1.83838,365.395
-0.262626,-1.79798,350.145
-0.262626,-1.75758,335.222
-0.262626,-1.71717,320.625
-0.262626,-1.67677,306.355
-0.262626,-1.63636,292.411
-0.262626,-1.59596,278.794
-0.262626,-1.55556,265.503
-0.262626,-1.51515,252.539
-0.262626,-1.47475,239.901
-0.262626,-1.43434,227.59
-0.262626,-1.39394,215.605
-0.262626,-1.35354,203.947
-0.262626,-1.31313,192.615
-0.262626,-1.27273,181.61
-0.262626,-1.23232,170.931
-0.262626,-1.19192,160.579
-0.262626,-1.15152,150.553
-0.262626,-1.11111,140.854
-0.262626,-1.07071,131.481
-0.262626,-1.0303,122.435
-0.262626,-0.989899,113.715
-0.262626,-0.949495,105.322
-0.262626,-0.909091,97.255
-0.262626,-0.868687,89.5147
-0.262626,-0.828283,82.1009
-0.262626,-0.787879,75.0136
-0.262626,-0.747475,68.2528
-0.262626,-0.707071,61.8185
-0.262626,-0.666667,55.7107
-0.262626,-0.626263,49.9294
-0.262626,-0.585859,44.4746
-0.262626,-0.545455,39.3463
-0.262626,-0.505051,34.5445
-0.262626,-0.464646,30.0692
-0.262626,-0.424242,25.9203
-0.262626,-0.383838,22.098
-0.262626,-0.343434,18.6022
-0.262626,-0.30303,15.4328
-0.262626,-0.262626,12.59
-0.262626,-0.222222,10.0737
-0.262626,-0.181818,7.88382
-0.262626,-0.141414,6.02048
-0.262626,-0.10101,4.48364
-0.262626,-0.0606061,3.27329
-0.262626,-0.020202,2.38944
-0.262626,0.020202,1.83208
-0.262626,0.0606061,1.60122
-0.262626,0.10101,1.69687
-0.262626,0.141414,2.119
-0.262626,0.181818,2.86764
-0.262626,0.222222,3.94277
-0.262626,0.262626,5.3444
-0.262626,0.30303,7.07253
-0.262626,0.343434,9.12715
-0.262626,0.383838,11.5083
-0.262626,0.424242,14.2159
-0.262626,0.464646,17.25
-0.262626,0.505051,20.6106
-0.262626,0.545455,24.2977
-0.262626,0.585859,28.3113
-0.262626,0.626263,32.6514
-0.262626,0.666667,37.3181
-0.262626,0.707071,42.3112
-0.262626,0.747475,47.6307
-0.262626,0.787879,53.2768
-0.262626,0.828283,59.2494
-0.262626,0.868687,65.5485
-0.262626,0.909091,72.1741
-0.262626,0.949495,79.1262
-0.262626,0.989899,86.4048
-0.262626,1.0303,94.0099
-0.262626,1.07071,101.941
-0.262626,1.11111,110.2
-0.262626,1.15152,118.784
-0.262626,1.19192,127.695
-0.262626,1.23232,136.933
-0.262626,1.27273,146.497
-0.262626,1.31313,156.387
-0.262626,1.35354,166.604
-0.262626,1.39394,177.148
-0.262626,1.43434,188.018
-0.262626,1.47475,199.215
-0.262626,1.51515,210.738
-0.262626,1.55556,222.587
-0.262626,1.59596,234.763
-0.262626,1.63636,247.266
-0.262626,1.67677,260.095
-0.262626,1.71717,273.25
-0.262626,1.75758,286.732
-0.262626,1.79798,300.541
-0.262626,1.83838,314.676
-0.262626,1.87879,329.137
-0.262626,1.91919,343.925
-0.262626,1.9596,359.04
-0.262626,2,374.481
-0.222222,-2,421.491
-0.222222,-1.9596,405.093
-0.222222,-1.91919,389.022
-0.222222,-1.87879,373.278
-0.222222,-1.83838,357.86
-0.222222,-1.79798,342.769
-0.222222,-1.75758,328.004
-0.222222,-1.71717,313.565
-0.222222,-1.67677,299.453
-0.222222,-1.63636,285.668
-0.222222,-1.59596,272.209
-0.222222,-1.55556,259.077
-0.222222,-1.51515,246.271
-0.222222,-1.47475,233.791
-0.222222,-1.43434,221.638
-0.222222,-1.39394,209.812
-0.222222,-1.35354,198.312
-0.222222,-1.31313,187.138
-0.222222,-1.27273,176.291
-0.222222,-1.23232,165.771
-0.222222,-1.19192,155.577
-0.222222,-1.15152,145.709
-0.222222,-1.11111,136.168
-0.222222,-1.07071,126.954
-0.222222,-1.0303,118.066
-0.222222,-0.989899,109.504
-0.222222,-0.949495,101.269
-0.222222,-0.909091,93.361
-0.222222,-0.868687,85.779
-0.222222,-0.828283,78.5235
-0.222222,-0.787879,71.5945
-0.222222,-0.747475,64.992
-0.222222,-0.707071,58.716
-0.222222,-0.666667,52.7665
-0.222222,-0.626263,47.1435
-0.222222,-0.585859,41.847
-0.222222,-0.545455,36.877
-0.222222,-0.505051,32.2334
-0.222222,-0.464646,27.9164
-0.222222,-0.424242,23.9259
-0.222222,-0.383838,20.2619
-0.222222,-0.343434,16.9244
-0.222222,-0.30303,13.9133
-0.222222,-0.262626,11.2288
-0.222222,-0.222222,8.87075
-0.222222,-0.181818,6.83921
-0.222222,-0.141414,5.13417
-0.222222,-0.10101,3.75563
-0.222222,-0.0606061,2.70358
-0.222222,-0.020202,1.97803
-0.222222,0.020202,1.57898
-0.222222,0.0606061,1.50642
-0.222222,0.10101,1.76037
-0.222222,0.141414,2.34081
-0.222222,0.181818,3.24774
-0.222222,0.222222,4.48118
-0.222222,0.262626,6.04111
-0.222222,0.30303,7.92754
-0.222222,0.343434,10.1405
-0.222222,0.383838,12.6799
-0.222222,0.424242,15.5458
-0.222222,0.464646,18.7382
-0.222222,0.505051,22.2571
-0.222222,0.545455,26.1026
-0.222222,0.585859,30.2745
-0.222222,0.626263,34.7729
-0.222222,0.666667,39.5978
-0.222222,0.707071,44.7492
-0.222222,0.747475,50.2271
-0.222222,0.787879,56.0315
-0.222222,0.828283,62.1624
-0.222222,0.868687,68.6198
-0.222222,0.909091,75.4036
-0.222222,0.949495,82.514
-0.222222,0.989899,89.9509
-0.222222,1.0303,97.7143
-0.222222,1.07071,105.804
-0.222222,1.11111,114.221
-0.222222,1.15152,122.963
-0.222222,1.19192,132.033
-0.222222,1.23232,141.429
-0.222222,1.27273,151.151
-0.222222,1.31313,161.2
-0.222222,1.35354,171.575
-0.222222,1.39394,182.277
-0.222222,1.43434,193.305
-0.222222,1.47475,204.66
-0.222222,1.51515,216.342
-0.222222,1.55556,228.349
-0.222222,1.59596,240.684
-0.222222,1.63636,253.345
-0.222222,1.67677,266.332
-0.222222,1.71717,279.646
-0.222222,1.75758,293.286
-0.222222,1.79798,307.253
-0.222222,1.83838,321.546
-0.222222,1.87879,336.166
-0.222222,1.91919,351.112
-0.222222,1.9596,366.385
-0.222222,2,381.985
-0.181818,-2,414.729
-0.181818,-1.9596,398.464
-0.181818,-1.91919,382.525
-0.181818,-1.87879,366.912
-0.181818,-1.83838,351.626
-0.181818,-1.79798,336.667
-0.181818,-1.75758,322.034
-0.181818,-1.71717,307.727
-0.181818,-1.67677,293.747
-0.181818,-1.63636,280.094
-0.181818,-1.59596,266.766
-0.181818,-1.55556,253.766
-0.181818,-1.51515,241.092
-0.181818,-1.47475,228.744
-0.181818,-1.43434,216.723
-0.181818,-1.39394,205.029
-0.181818,-1.35354,193.661
-0.181818,-1.31313,182.619
-0.181818,-1.27273,171.904
-0.181818,-1.23232,161.516
-0.181818,-1.19192,151.454
-0.181818,-1.15152,141.718
-0.181818,-1.11111,132.309
-0.181818,-1.07071,123.226
-0.181818,-1.0303,114.47
-0.181818,-0.989899,106.041
-0.181818,-0.949495,97.9377
-0.181818,-0.909091,90.1611
-0.181818,-0.868687,82.711
-0.181818,-0.828283,75.5875
-0.181818,-0.787879,68.7904
-0.181818,-0.747475,62.3198
-0.181818,-0.707071,56.1757
-0.181818,-0.666667,50.3581
-0.181818,-0.626263,44.867
-0.181818,-0.585859,39.7024
-0.181818,-0.545455,34.8644
-0.181818,-0.505051,30.3528
-0.181818,-0.464646,26.1677
-0.181818,-0.424242,22.309
-0.181818,-0.383838,18.7769
-0.181818,-0.343434,15.5713
-0.181818,-0.30303,12.6922
-0.181818,-0.262626,10.1396
-0.181818,-0.222222,7.91349
-0.181818,-0.181818,6.01387
-0.181818,-0.141414,4.44074
-0.181818,-0.10101,3.19412
-0.181818,-0.0606061,2.27399
-0.181818,-0.020202,1.68036
-0.181818,0.020202,1.41322
-0.181818,0.0606061,1.47258
-0.181818,0.10101,1.85845
-0.181818,0.141414,2.5708
-0.181818,0.181818,3.60966
-0.181818,0.222222,4.97501
-0.181818,0.262626,6.66686
-0.181818,0.30303,8.68521
-0.181818,0.343434,11.0301
-0.181818,0.383838,13.7014
-0.181818,0.424242,16.6992
-0.181818,0.464646,20.0236
-0.181818,0.505051,23.6744
-0.181818,0.545455,27.6517
-0.181818,0.585859,31.9556
-0.181818,0.626263,36.5859
-0.181818,0.666667,41.5427
-0.181818,0.707071,46.826
-0.181818,0.747475,52.4358
-0.181818,0.787879,58.3722
-0.181818,0.828283,64.635
-0.181818,0.868687,71.2243
-0.181818,0.909091,78.1401
-0.181818,0.949495,85.3824
-0.181818,0.989899,92.9512
-0.181818,1.0303,100.846
-0.181818,1.07071,109.068
-0.181818,1.11111,117.617
-0.181818,1.15152,126.491
-0.181818,1.19192,135.693
-0.181818,1.23232,145.22
-0.181818,1.27273,155.075
-0.181818,1.31313,165.256
-0.181818,1.35354,175.763
-0.181818,1.39394,186.597
-0.181818,1.43434,197.757
-0.181818,1.47475,209.244
-0.181818,1.51515,221.057
-0.181818,1.55556,233.197
-0.181818,1.59596,245.663
-0.181818,1.63636,258.456
-0.181818,1.67677,271.575
-0.181818,1.71717,285.021
-0.181818,1.75758,298.793
-0.181818,1.79798,312.892
-0.181818,1.83838,327.317
-0.181818,1.87879,342.069
-0.181818,1.91919,357.147
-0.181818,1.9596,372.552
-0.181818,2,388.283
-0.141414,-2,409.342
-0.141414,-1.9596,393.182
-0.141414,-1.91919,377.349
-0.141414,-1.87879,361.842
-0.141414,-1.83838,346.661
-0.141414,-1.79798,331.807
-0.141414,-1.75758,317.28
-0.141414,-1.71717,303.079
-0.141414,-1.67677,289.204
-0.141414,-1.63636,275.656
-0.141414,-1.59596,262.435
-0.141414,-1.55556,249.54
-0.141414,-1.51515,236.971
-0.141414,-1.47475,224.729
-0.141414,-1.43434,212.814
-0.141414,-1.39394,201.225
-0.141414,-1.35354,189.962
-0.141414,-1.31313,179.026
-0.141414,-1.27273,168.417
-0.141414,-1.23232,158.134
-0.141414,-1.19192,148.177
-0.141414,-1.15152,138.547
-0.141414,-1.11111,129.244
-0.141414,-1.07071,120.267
-0.141414,-1.0303,111.616
-0.141414,-0.989899,103.292
-0.141414,-0.949495,95.2945
-0.141414,-0.909091,87.6234
-0.141414,-0.868687,80.2789
-0.141414,-0.828283,73.2609
-0.141414,-0.787879,66.5693
-0.141414,-0.747475,60.2043
-0.141414,-0.707071,54.1657
-0.141414,-0.666667,48.4537
-0.141414,-0.626263,43.0681
-0.141414,-0.585859,38.009
-0.141414,-0.545455,33.2765
-0.141414,-0.505051,28.8704
-0.141414,-0.464646,24.7908
-0.141414,-0.424242,21.0378
-0.141414,-0.383838,17.6112
-0.141414,-0.343434,14.5111
-0.141414,-0.30303,11.7376
-0.141414,-0.262626,9.29047
-0.141414,-0.222222,7.16989
-0.141414,-0.181818,5.3758
-0.141414,-0.141414,3.90821
-0.141414,-0.10101,2.76712
-0.141414,-0.0606061,1.95253
-0.141414,-0.020202,1.46443
-0.141414,0.020202,1.30283
-0.141414,0.0606061,1.46773
-0.141414,0.10101,1.95912
-0.141414,0.141414,2.77702
-0.141414,0.181818,3.9214
-0.141414,0.222222,5.39229
-0.141414,0.262626,7.18968
-0.141414,0.30303,9.31356
-0.141414,0.343434,11.7639
-0.141414,0.383838,14.5408
-0.141414,0.424242,17.6442
-0.141414,0.464646,21.0741
-0.141414,0.505051,24.8304
-0.141414,0.545455,28.9133
-0.141414,0.585859,33.3227
-0.141414,0.626263,38.0585
-0.141414,0.666667,43.1209
-0.141414,0.707071,48.5097
-0.141414,0.747475,54.2251
-0.141414,0.787879,60.2669
-0.141414,0.828283,66.6353
-0.141414,0.868687,73.3301
-0.141414,0.909091,80.3515
-0.141414,0.949495,87.6993
-0.141414,0.989899,95.3736
-0.141414,1.0303,103.374
-0.141414,1.07071,111.702
-0.141414,1.11111,120.356
-0.141414,1.15152,129.336
-0.141414,1.19192,138.643
-0.141414,1.23232,148.276
-0.141414,1.27273,158.236
-0.141414,1.31313,168.522
-0.141414,1.35354,179.135
-0.141414,1.39394,190.074
-0.141414,1.43434,201.34
-0.141414,1.47475,212.932
-0.141414,1.51515,224.851
-0.141414,1.55556,237.097
-0.141414,1.59596,249.668
-0.141414,1.63636,262.567
-0.141414,1.67677,275.791
-0.141414,1.71717,289.343
-0.141414,1.75758,303.22
-0.141414,1.79798,317.425
-0.141414,1.83838,331.956
-0.141414,1.87879,346.813
-0.141414,1.91919,361.997
-0.141414,1.9596,377.507
-0.141414,2,393.344
-0.10101,-2,405.304
-0.10101,-1.9596,389.223
-0.10101,-1.91919,373.469
-0.10101,-1.87879,358.041
-0.10101,-1.83838,342.94
-0.10101,-1.79798,328.165
-0.10101,-1.75758,313.716
-0.10101,-1.71717,299.595
-0.10101,-1.67677,285.799
-0.10101,-1.63636,272.33
-0.10101,-1.59596,259.188
-0.10101,-1.55556,246.372
-0.10101,-1.51515,233.883
-0.10101,-1.47475,221.72
-0.10101,-1.43434,209.884
-0.10101,-1.39394,198.374
-0.10101,-1.35354,187.19
-0.10101,-1.31313,176.334
-0.10101,-1.27273,165.803
-0.10101,-1.23232,155.599
-0.10101,-1.19192,145.722
-0.10101,-1.15152,136.171
-0.10101,-1.11111,126.947
-0.10101,-1.07071,118.049
-0.10101,-1.0303,109.478
-0.10101,-0.989899,101.233
-0.10101,-0.949495,93.3142
-0.10101,-0.909091,85.7224
-0.10101,-0.868687,78.457
-0.10101,-0.828283,71.5181
-0.10101,-0.787879,64.9057
-0.10101,-0.747475,58.6198
-0.10101,-0.707071,52.6604
-0.10101,-0.666667,47.0275
-0.10101,-0.626263,41.7211
-0.10101,-0.585859,36.7412
-0.10101,-0.545455,32.0878
-0.10101,-0.505051,27.7608
-0.10101,-0.464646,23.7604
-0.10101,-0.424242,20.0865
-0.10101,-0.383838,16.7391
-0.10101,-0.343434,13.7182
-0.10101,-0.30303,11.0237
-0.10101,-0.262626,8.65581
-0.10101,-0.222222,6.61437
-0.10101,-0.181818,4.89944
-0.10101,-0.141414,3.511
-0.10101,-0.10101,2.44906
-0.10101,-0.0606061,1.71362
-0.10101,-0.020202,1.30467
-0.10101,0.020202,1.22222
-0.10101,0.0606061,1.46627
-0.10101,0.10101,2.03682
-0.10101,0.141414,2.93386
-0.10101,0.181818,4.1574
-0.10101,0.222222,5.70744
-0.10101,0.262626,7.58397
-0.10101,0.30303,9.787
-0.10101,0.343434,12.3165
-0.10101,0.383838,15.1726
-0.10101,0.424242,18.3551
-0.10101,0.464646,21.8641
-0.10101,0.505051,25.6996
-0.10101,0.545455,29.8616
-0.10101,0.585859,34.3502
-0.10101,0.626263,39.1652
-0.10101,0.666667,44.3067
-0.10101,0.707071,49.7747
-0.10101,0.747475,55.5692
-0.10101,0.787879,61.6902
-0.10101,0.828283,68.1377
-0.10101,0.868687,74.9117
-0.10101,0.909091,82.0122
-0.10101,0.949495,89.4392
-0.10101,0.989899,97.1926
-0.10101,1.0303,105.273
-0.10101,1.07071,113.679
-0.10101,1.11111,122.412
-0.10101,1.15152,131.472
-0.10101,1.19192,140.858
-0.10101,1.23232,150.57
-0.10101,1.27273,160.609
-0.10101,1.31313,170.974
-0.10101,1.35354,181.666
-0.10101,1.39394,192.685
-0.10101,1.43434,204.03
-0.10101,1.47475,215.701
-0.10101,1.51515,227.699
-0.10101,1.55556,240.024
-0.10101,1.59596,252.675
-0.10101,1.63636,265.652
-0.10101,1.67677,278.956
-0.10101,1.71717,292.586
-0.10101,1.75758,306.543
-0.10101,1.79798,320.827
-0.10101,1.83838,335.437
-0.10101,1.87879,350.373
-0.10101,1.91919,365.636
-0.10101,1.9596,381.225
-0.10101,2,397.141
-0.0606061,-2,402.595
-0.0606061,-1.9596,386.567
-0.0606061,-1.91919,370.866
-0.0606061,-1.87879,355.491
-0.0606061,-1.83838,340.442
-0.0606061,-1.79798,325.72
-0.0606061,-1.75758,311.325
-0.0606061,-1.71717,297.256
-0.0606061,-1.67677,283.513
-0.0606061,-1.63636,270.097
-0.0606061,-1.59596,257.007
-0.0606061,-1.55556,244.244
-0.0606061,-1.51515,231.808
-0.0606061,-1.47475,219.698
-0.0606061,-1.43434,207.914
-0.0606061,-1.39394,196.457
-0.0606061,-1.35354,185.326
-0.0606061,-1.31313,174.522
-0.0606061,-1.27273,164.045
-0.0606061,-1.23232,153.894
-0.0606061,-1.19192,144.069
-0.0606061,-1.15152,134.571
-0.0606061,-1.11111,125.399
-0.0606061,-1.07071,116.554
-0.0606061,-1.0303,108.036
-0.0606061,-0.989899,99.8434
-0.0606061,-0.949495,91.9778
-0.0606061,-0.909091,84.4387
-0.0606061,-0.868687,77.2261
-0.0606061,-0.828283,70.34
-0.0606061,-0.787879,63.7803
-0.0606061,-0.747475,57.5472
-0.0606061,-0.707071,51.6406
-0.0606061,-0.666667,46.0604
-0.0606061,-0.626263,40.8068
-0.0606061,-0.585859,35.8796
-0.0606061,-0.545455,31.279
-0.0606061,-0.505051,27.0049
-0.0606061,-0.464646,23.0572
-0.0606061,-0.424242,19.4361
-0.0606061,-0.383838,16.1414
-0.0606061,-0.343434,13.1732
-0.0606061,-0.30303,10.5316
-0.0606061,-0.262626,8.21642
-0.0606061,-0.222222,6.22775
-0.0606061,-0.181818,4.56559
-0.0606061,-0.141414,3.22992
-0.0606061,-0.10101,2.22074
-0.0606061,-0.0606061,1.53807
-0.0606061,-0.020202,1.18189
-0.0606061,0.020202,1.15221
-0.0606061,0.0606061,1.44902
-0.0606061,0.10101,2.07233
-0.0606061,0.141414,3.02214
-0.0606061,0.181818,4.29845
-0.0606061,0.222222,5.90126
-0.0606061,0.262626,7.83056
-0.0606061,0.30303,10.0864
-0.0606061,0.343434,12.6687
-0.0606061,0.383838,15.5774
-0.0606061,0.424242,18.8127
-0.0606061,0.464646,22.3745
-0.0606061,0.505051,26.2628
-0.0606061,0.545455,30.4776
-0.0606061,0.585859,35.0189
-0.0606061,0.626263,39.8867
-0.0606061,0.666667,45.0809
-0.0606061,0.707071,50.6017
-0.0606061,0.747475,56.449
-0.0606061,0.787879,62.6227
-0.0606061,0.828283,69.123
-0.0606061,0.868687,75.9498
-0.0606061,0.909091,83.103
-0.0606061,0.949495,90.5828
-0.0606061,0.989899,98.389
-0.0606061,1.0303,106.522
-0.0606061,1.07071,114.981
-0.0606061,1.11111,123.767
-0.0606061,1.15152,132.879
-0.0606061,1.19192,142.318
-0.0606061,1.23232,152.083
-0.0606061,1.27273,162.175
-0.0606061,1.31313,172.593
-0.0606061,1.35354,183.338
-0.0606061,1.39394,194.409
-0.0606061,1.43434,205.807
-0.0606061,1.47475,217.531
-0.0606061,1.51515,229.582
-0.0606061,1.55556,241.959
-0.0606061,1.59596,254.663
-0.0606061,1.63636,267.693
-0.0606061,1.67677,281.049
-0.0606061,1.71717,294.733
-0.0606061,1.75758,308.742
-0.0606061,1.79798,323.079
-0.0606061,1.83838,337.741
-0.0606061,1.87879,352.73
-0.0606061,1.91919,368.046
-0.0606061,1.9596,383.688
-0.0606061,2,399.657
-0.020202,-2,401.204
-0.020202,-1.9596,385.202
-0.020202,-1.91919,369.527
-0.020202,-1.87879,354.179
-0.020202,-1.83838,339.156
-0.020202,-1.79798,324.461
-0.020202,-1.75758,310.092
-0.020202,-1.71717,296.049
-0.020202,-1.67677,282.333
-0.020202,-1.63636,268.943
-0.020202,-1.59596,255.88
-0.020202,-1.55556,243.143
-0.020202,-1.51515,230.733
-0.020202,-1.47475,218.649
-0.020202,-1.43434,206.892
-0.020202,-1.39394,195.461
-0.020202,-1.35354,184.357
-0.020202,-1.31313,173.579
-0.020202,-1.27273,163.128
-0.020202,-1.23232,153.003
-0.020202,-1.19192,143.205
-0.020202,-1.15152,133.734
-0.020202,-1.11111,124.588
-0.020202,-1.07071,115.77
-0.020202,-1.0303,107.277
-0.020202,-0.989899,99.1116
-0.020202,-0.949495,91.2724
-0.020202,-0.909091,83.7597
-0.020202,-0.868687,76.5734
-0.020202,-0.828283,69.7137
-0.020202,-0.787879,63.1804
-0.020202,-0.747475,56.9737
-0.020202,-0.707071,51.0934
-0.020202,-0.666667,45.5397
-0.020202,-0.626263,40.3124
-0.020202,-0.585859,35.4117
-0.020202,-0.545455,30.8374
-0.020202,-0.505051,26.5897
-0.020202,-0.464646,22.6684
-0.020202,-0.424242,19.0736
-0.020202,-0.383838,15.8053
-0.020202,-0.343434,12.8636
-0.020202,-0.30303,10.2483
-0.020202,-0.262626,7.95952
-0.020202,-0.222222,5.99724
-0.020202,-0.181818,4.36145
-0.020202,-0.141414,3.05217
-0.020202,-0.10101,2.06938
-0.020202,-0.0606061,1.41309
-0.020202,-0.020202,1.08329
-0.020202,0.020202,1.07999
-0.020202,0.0606061,1.40319
-0.020202,0.10101,2.05289
-0.020202,0.141414,3.02908
-0.020202,0.181818,4.33177
-0.020202,0.222222,5.96096
-0.020202,0.262626,7.91665
-0.020202,0.30303,10.1988
-0.020202,0.343434,12.8075
-0.020202,0.383838,15.7427
-0.020202,0.424242,19.0044
-0.020202,0.464646,22.5925
-0.020202,0.505051,26.5072
-0.020202,0.545455,30.7484
-0.020202,0.585859,35.316
-0.020202,0.626263,40.2102
-0.020202,0.666667,45.4309
-0.020202,0.707071,50.978
-0.020202,0.747475,56.8517
-0.020202,0.787879,63.0518
-0.020202,0.828283,69.5785
-0.020202,0.868687,76.4316
-0.020202,0.909091,83.6113
-0.020202,0.949495,91.1174
-0.020202,0.989899,98.95
-0.020202,1.0303,107.109
-0.020202,1.07071,115.595
-0.020202,1.11111,124.407
-0.020202,1.15152,133.546
-0.020202,1.19192,143.011
-0.020202,1.23232,152.802
-0.020202,1.27273,162.92
-0.020202,1.31313,173.365
-0.020202,1.35354,184.136
-0.020202,1.39394,195.234
-0.020202,1.43434,206.658
-0.020202,1.47475,218.408
-0.020202,1.51515,230.486
-0.020202,1.55556,242.889
-0.020202,1.59596,255.619
-0.020202,1.63636,268.676
-0.020202,1.67677,282.059
-0.020202,1.71717,295.769
-0.020202,1.75758,309.805
-0.020202,1.79798,324.167
-0.020202,1.83838,338.856
-0.020202,1.87879,353.872
-0.020202,1.91919,369.214
-0.020202,1.9596,384.883
-0.020202,2,400.878
0.020202,-2,401.123
0.020202,-1.9596,385.122
0.020202,-1.91919,369.446
0.020202,-1.87879,354.098
0.020202,-1.83838,339.076
0.020202,-1.79798,324.38
0.020202,-1.75758,310.011
0.020202,-1.71717,295.968
0.020202,-1.67677,282.252
0.020202,-1.63636,268.862
0.020202,-1.59596,255.799
0.020202,-1.55556,243.062
0.020202,-1.51515,230.652
0.020202,-1.47475,218.568
0.020202,-1.43434,206.811
0.020202,-1.39394,195.381
0.020202,-1.35354,184.276
0.020202,-1.31313,173.499
0.020202,-1.27273,163.047
0.020202,-1.23232,152.923
0.020202,-1.19192,143.124
0.020202,-1.15152,133.653
0.020202,-1.11111,124.508
0.020202,-1.07071,115.689
0.020202,-1.0303,107.197
0.020202,-0.989899,99.0308
0.020202,-0.949495,91.1916
0.020202,-0.909091,83.6789
0.020202,-0.868687,76.4926
0.020202,-0.828283,69.6329
0.020202,-0.787879,63.0996
0.020202,-0.747475,56.8929
0.020202,-0.707071,51.0126
0.020202,-0.666667,45.4589
0.020202,-0.626263,40.2316
0.020202,-0.585859,35.3309
0.020202,-0.545455,30.7566
0.020202,-0.505051,26.5088
0.020202,-0.464646,22.5876
0.020202,-0.424242,18.9928
0.020202,-0.383838,15.7245
0.020202,-0.343434,12.7828
0.020202,-0.30303,10.1675
0.020202,-0.262626,7.87871
0.020202,-0.222222,5.91643
0.020202,-0.181818,4.28065
0.020202,-0.141414,2.97136
0.020202,-0.10101,1.98857
0.020202,-0.0606061,1.33228
0.020202,-0.020202,1.00248
0.020202,0.020202,0.999184
0.020202,0.0606061,1.32238
0.020202,0.10101,1.97208
0.020202,0.141414,2.94827
0.020202,0.181818,4.25097
0.020202,0.222222,5.88015
0.020202,0.262626,7.83584
0.020202,0.30303,10.118
0.020202,0.343434,12.7267
0.020202,0.383838,15.6619
0.020202,0.424242,18.9236
0.020202,0.464646,22.5117
0.020202,0.505051,26.4264
0.020202,0.545455,30.6676
0.020202,0.585859,35.2352
0.020202,0.626263,40.1294
0.020202,0.666667,45.35
0.020202,0.707071,50.8972
0.020202,0.747475,56.7709
0.020202,0.787879,62.971
0.020202,0.828283,69.4977
0.020202,0.868687,76.3508
0.020202,0.909091,83.5304
0.020202,0.949495,91.0366
0.020202,0.989899,98.8692
0.020202,1.0303,107.028
0.020202,1.07071,115.514
0.020202,1.11111,124.326
0.020202,1.15152,133.465
0.020202,1.19192,142.93
0.020202,1.23232,152.721
0.020202,1.27273,162.84
0.020202,1.31313,173.284
0.020202,1.35354,184.055
0.020202,1.39394,195.153
0.020202,1.43434,206.577
0.020202,1.47475,218.328
0.020202,1.51515,230.405
0.020202,1.55556,242.808
0.020202,1.59596,255.538
0.020202,1.63636,268.595
0.020202,1.67677,281.978
0.020202,1.71717,295.688
0.020202,1.75758,309.724
0.020202,1.79798,324.086
0.020202,1.83838,338.775
0.020202,1.87879,353.791
0.020202,1.91919,369.133
0.020202,1.9596,384.802
0.020202,2,400.797
0.0606061,-2,402.353
0.0606061,-1.9596,386.325
0.0606061,-1.91919,370.623
0.0606061,-1.87879,355.248
0.0606061,-1.83838,340.2
0.0606061,-1.79798,325.478
0.0606061,-1.75758,311.082
0.0606061,-1.71717,297.013
0.0606061,-1.67677,283.271
0.0606061,-1.63636,269.855
0.0606061,-1.59596,256.765
0.0606061,-1.55556,244.002
0.0606061,-1.51515,231.565
0.0606061,-1.47475,219.455
0.0606061,-1.43434,207.672
0.0606061,-1.39394,196.215
0.0606061,-1.35354,185.084
0.0606061,-1.31313,174.28
0.0606061,-1.27273,163.802
0.0606061,-1.23232,153.651
0.0606061,-1.19192,143.827
0.0606061,-1.15152,134.328
0.0606061,-1.11111,125.157
0.0606061,-1.07071,116.312
0.0606061,-1.0303,107.793
0.0606061,-0.989899,99.601
0.0606061,-0.949495,91.7354
0.0606061,-0.909091,84.1963
0.0606061,-0.868687,76.9837
0.0606061,-0.828283,70.0975
0.0606061,-0.787879,63.5379
0.0606061,-0.747475,57.3048
0.0606061,-0.707071,51.3981
0.0606061,-0.666667,45.818
0.0606061,-0.626263,40.5644
0.0606061,-0.585859,35.6372
0.0606061,-0.545455,31.0366
0.0606061,-0.505051,26.7624
0.0606061,-0.464646,22.8148
0.0606061,-0.424242,19.1936
0.0606061,-0.383838,15.899
0.0606061,-0.343434,12.9308
0.0606061,-0.30303,10.2892
0.0606061,-0.262626,7.974
0.0606061,-0.222222,5.98533
0.0606061,-0.181818,4.32316
0.0606061,-0.141414,2.98749
0.0606061,-0.10101,1.97832
0.0606061,-0.0606061,1.29564
0.0606061,-0.020202,0.939463
0.0606061,0.020202,0.909782
0.0606061,0.0606061,1.2066
0.0606061,0.10101,1.82991
0.0606061,0.141414,2.77972
0.0606061,0.181818,4.05603
0.0606061,0.222222,5.65883
0.0606061,0.262626,7.58814
0.0606061,0.30303,9.84393
0.0606061,0.343434,12.4262
0.0606061,0.383838,15.335
0.0606061,0.424242,18.5703
0.0606061,0.464646,22.1321
0.0606061,0.505051,26.0204
0.0606061,0.545455,30.2352
0.0606061,0.585859,34.7765
0.0606061,0.626263,39.6442
0.0606061,0.666667,44.8385
0.0606061,0.707071,50.3593
0.0606061,0.747475,56.2066
0.0606061,0.787879,62.3803
0.0606061,0.828283,68.8806
0.0606061,0.868687,75.7073
0.0606061,0.909091,82.8606
0.0606061,0.949495,90.3404
0.0606061,0.989899,98.1466
0.0606061,1.0303,106.279
0.0606061,1.07071,114.739
0.0606061,1.11111,123.524
0.0606061,1.15152,132.637
0.0606061,1.19192,142.075
0.0606061,1.23232,151.841
0.0606061,1.27273,161.932
0.0606061,1.31313,172.351
0.0606061,1.35354,183.095
0.0606061,1.39394,194.166
0.0606061,1.43434,205.564
0.0606061,1.47475,217.288
0.0606061,1.51515,229.339
0.0606061,1.55556,241.716
0.0606061,1.59596,254.42
0.0606061,1.63636,267.45
0.0606061,1.67677,280.807
0.0606061,1.71717,294.49
0.0606061,1.75758,308.5
0.0606061,1.79798,322.836
0.0606061,1.83838,337.499
0.0606061,1.87879,352.488
0.0606061,1.91919,367.804
0.0606061,1.9596,383.446
0.0606061,2,399.415
0.10101,-2,404.9
0.10101,-1.9596,388.819
0.10101,-1.91919,373.065
0.10101,-1.87879,357.637
0.10101,-1.83838,342.536
0.10101,-1.79798,327.761
0.10101,-1.75758,313.312
0.10101,-1.71717,299.191
0.10101,-1.67677,285.395
0.10101,-1.63636,271.926
0.10101,-1.59596,258.784
0.10101,-1.55556,245.968
0.10101,-1.51515,233.479
0.10101,-1.47475,221.316
0.10101,-1.43434,209.48
0.10101,-1.39394,197.97
0.10101,-1.35354,186.786
0.10101,-1.31313,175.93
0.10101,-1.27273,165.399
0.10101,-1.23232,155.195
0.10101,-1.19192,145.318
0.10101,-1.15152,135.767
0.10101,-1.11111,126.543
0.10101,-1.07071,117.645
0.10101,-1.0303,109.073
0.10101,-0.989899,100.829
0.10101,-0.949495,92.9102
0.10101,-0.909091,85.3183
0.10101,-0.868687,78.0529
0.10101,-0.828283,71.114
0.10101,-0.787879,64.5016
0.10101,-0.747475,58.2157
0.10101,-0.707071,52.2563
0.10101,-0.666667,46.6234
0.10101,-0.626263,41.317
0.10101,-0.585859,36.3371
0.10101,-0.545455,31.6837
0.10101,-0.505051,27.3568
0.10101,-0.464646,23.3564
0.10101,-0.424242,19.6825
0.10101,-0.383838,16.335
0.10101,-0.343434,13.3141
0.10101,-0.30303,10.6197
0.10101,-0.262626,8.25177
0.10101,-0.222222,6.21033
0.10101,-0.181818,4.4954
0.10101,-0.141414,3.10696
0.10101,-0.10101,2.04502
0.10101,-0.0606061,1.30958
0.10101,-0.020202,0.90063
0.10101,0.020202,0.818181
0.10101,0.0606061,1.06223
0.10101,0.10101,1.63278
0.10101,0.141414,2.52982
0.10101,0.181818,3.75336
0.10101,0.222222,5.3034
0.10101,0.262626,7.17993
0.10101,0.30303,9.38296
0.10101,0.343434,11.9125
0.10101,0.383838,14.7685
0.10101,0.424242,17.951
0.10101,0.464646,21.4601
0.10101,0.505051,25.2956
0.10101,0.545455,29.4576
0.10101,0.585859,33.9461
0.10101,0.626263,38.7611
0.10101,0.666667,43.9026
0.10101,0.707071,49.3706
0.10101,0.747475,55.1651
0.10101,0.787879,61.2861
0.10101,0.828283,67.7336
0.10101,0.868687,74.5076
0.10101,0.909091,81.6081
0.10101,0.949495,89.0351
0.10101,0.989899,96.7886
0.10101,1.0303,104.869
0.10101,1.07071,113.275
0.10101,1.11111,122.008
0.10101,1.15152,131.068
0.10101,1.19192,140.453
0.10101,1.23232,150.166
0.10101,1.27273,160.205
0.10101,1.31313,170.57
0.10101,1.35354,181.262
0.10101,1.39394,192.281
0.10101,1.43434,203.626
0.10101,1.47475,215.297
0.10101,1.51515,227.295
0.10101,1.55556,239.62
0.10101,1.59596,252.271
0.10101,1.63636,265.248
0.10101,1.67677,278.552
0.10101,1.71717,292.182
0.10101,1.75758,306.139
0.10101,1.79798,320.423
0.10101,1.83838,335.033
0.10101,1.87879,349.969
0.10101,1.91919,365.232
0.10101,1.9596,380.821
0.10101,2,396.737
0.141414,-2,408.776
0.141414,-1.9596,392.616
0.141414,-1.91919,376.783
0.141414,-1.87879,361.276
0.141414,-1.83838,346.095
0.141414,-1.79798,331.241
0.141414,-1.75758,316.714
0.141414,-1.71717,302.513
0.141414,-1.67677,288.639
0.141414,-1.63636,275.091
0.141414,-1.59596,261.869
0.141414,-1.55556,248.974
0.141414,-1.51515,236.406
0.141414,-1.47475,224.164
0.141414,-1.43434,212.248
0.141414,-1.39394,200.659
0.141414,-1.35354,189.397
0.141414,-1.31313,178.461
0.141414,-1.27273,167.851
0.141414,-1.23232,157.568
0.141414,-1.19192,147.611
0.141414,-1.15152,137.981
0.141414,-1.11111,128.678
0.141414,-1.07071,119.701
0.141414,-1.0303,111.05
0.141414,-0.989899,102.726
0.141414,-0.949495,94.7288
0.141414,-0.909091,87.0578
0.141414,-0.868687,79.7132
0.141414,-0.828283,72.6952
0.141414,-0.787879,66.0037
0.141414,-0.747475,59.6386
0.141414,-0.707071,53.6001
0.141414,-0.666667,47.888
0.141414,-0.626263,42.5024
0.141414,-0.585859,37.4434
0.141414,-0.545455,32.7108
0.141414,-0.505051,28.3048
0.141414,-0.464646,24.2252
0.141414,-0.424242,20.4721
0.141414,-0.383838,17.0455
0.141414,-0.343434,13.9455
0.141414,-0.30303,11.1719
0.141414,-0.262626,8.72481
0.141414,-0.222222,6.60423
0.141414,-0.181818,4.81015
0.141414,-0.141414,3.34256
0.141414,-0.10101,2.20146
0.141414,-0.0606061,1.38687
0.141414,-0.020202,0.898774
0.141414,0.020202,0.737174
0.141414,0.0606061,0.902071
0.141414,0.10101,1.39347
0.141414,0.141414,2.21136
0.141414,0.181818,3.35575
0.141414,0.222222,4.82663
0.141414,0.262626,6.62402
0.141414,0.30303,8.7479
0.141414,0.343434,11.1983
0.141414,0.383838,13.9752
0.141414,0.424242,17.0785
0.141414,0.464646,20.5084
0.141414,0.505051,24.2648
0.141414,0.545455,28.3476
0.141414,0.585859,32.757
0.141414,0.626263,37.4929
0.141414,0.666667,42.5552
0.141414,0.707071,47.9441
0.141414,0.747475,53.6594
0.141414,0.787879,59.7013
0.141414,0.828283,66.0696
0.141414,0.868687,72.7645
0.141414,0.909091,79.7858
0.141414,0.949495,87.1336
0.141414,0.989899,94.808
0.141414,1.0303,102.809
0.141414,1.07071,111.136
0.141414,1.11111,119.79
0.141414,1.15152,128.77
0.141414,1.19192,138.077
0.141414,1.23232,147.71
0.141414,1.27273,157.67
0.141414,1.31313,167.957
0.141414,1.35354,178.569
0.141414,1.39394,189.509
0.141414,1.43434,200.774
0.141414,1.47475,212.367
0.141414,1.51515,224.286
0.141414,1.55556,236.531
0.141414,1.59596,249.103
0.141414,1.63636,262.001
0.141414,1.67677,275.226
0.141414,1.71717,288.777
0.141414,1.75758,302.655
0.141414,1.79798,316.859
0.141414,1.83838,331.39
0.141414,1.87879,346.247
0.141414,1.91919,361.431
0.141414,1.9596,376.941
0.141414,2,392.778
0.181818,-2,414.002
0.181818,-1.9596,397.736
0.181818,-1.91919,381.797
0.181818,-1.87879,366.185
0.181818,-1.83838,350.899
0.181818,-1.79798,335.939
0.181818,-1.75758,321.306
0.181818,-1.71717,307
0.181818,-1.67677,293.02
0.181818,-1.63636,279.366
0.181818,-1.59596,266.039
0.181818,-1.55556,253.039
0.181818,-1.51515,240.365
0.181818,-1.47475,228.017
0.181818,-1.43434,215.996
0.181818,-1.39394,204.302
0.181818,-1.35354,192.933
0.181818,-1.31313,181.892
0.181818,-1.27273,171.177
0.181818,-1.23232,160.788
0.181818,-1.19192,150.726
0.181818,-1.15152,140.991
0.181818,-1.11111,131.582
0.181818,-1.07071,122.499
0.181818,-1.0303,113.743
0.181818,-0.989899,105.313
0.181818,-0.949495,97.2104
0.181818,-0.909091,89.4339
0.181818,-0.868687,81.9838
0.181818,-0.828283,74.8602
0.181818,-0.787879,68.0631
0.181818,-0.747475,61.5925
0.181818,-0.707071,55.4484
0.181818,-0.666667,49.6309
0.181818,-0.626263,44.1398
0.181818,-0.585859,38.9752
0.181818,-0.545455,34.1371
0.181818,-0.505051,29.6255
0.181818,-0.464646,25.4404
0.181818,-0.424242,21.5818
0.181818,-0.383838,18.0497
0.181818,-0.343434,14.8441
0.181818,-0.30303,11.9649
0.181818,-0.262626,9.41233
0.181818,-0.222222,7.18621
0.181818,-0.181818,5.28659
0.181818,-0.141414,3.71347
0.181818,-0.10101,2.46684
0.181818,-0.0606061,1.54671
0.181818,-0.020202,0.953083
0.181818,0.020202,0.685949
0.181818,0.0606061,0.745312
0.181818,0.10101,1.13117
0.181818,0.141414,1.84353
0.181818,0.181818,2.88239
0.181818,0.222222,4.24774
0.181818,0.262626,5.93959
0.181818,0.30303,7.95793
0.181818,0.343434,10.3028
0.181818,0.383838,12.9741
0.181818,0.424242,15.972
0.181818,0.464646,19.2963
0.181818,0.505051,22.9471
0.181818,0.545455,26.9245
0.181818,0.585859,31.2283
0.181818,0.626263,35.8586
0.181818,0.666667,40.8154
0.181818,0.707071,46.0988
0.181818,0.747475,51.7086
0.181818,0.787879,57.6449
0.181818,0.828283,63.9077
0.181818,0.868687,70.497
0.181818,0.909091,77.4128
0.181818,0.949495,84.6551
0.181818,0.989899,92.2239
0.181818,1.0303,100.119
0.181818,1.07071,108.341
0.181818,1.11111,116.889
0.181818,1.15152,125.764
0.181818,1.19192,134.965
0.181818,1.23232,144.493
0.181818,1.27273,154.347
0.181818,1.31313,164.528
0.181818,1.35354,175.036
0.181818,1.39394,185.869
0.181818,1.43434,197.03
0.181818,1.47475,208.516
0.181818,1.51515,220.33
0.181818,1.55556,232.469
0.181818,1.59596,244.936
0.181818,1.63636,257.728
0.181818,1.67677,270.848
0.181818,1.71717,284.293
0.181818,1.75758,298.066
0.181818,1.79798,312.164
0.181818,1.83838,326.59
0.181818,1.87879,341.341
0.181818,1.91919,356.42
0.181818,1.9596,371.824
0.181818,2,387.556
0.222222,-2,420.602
0.222222,-1.9596,404.204
0.222222,-1.91919,388.134
0.222222,-1.87879,372.389
0.222222,-1.83838,356.971
0.222222,-1.79798,341.88
0.222222,-1.75758,327.115
0.222222,-1.71717,312.676
0.222222,-1.67677,298.564
0.222222,-1.63636,284.779
0.222222,-1.59596,271.32
0.222222,-1.55556,258.188
0.222222,-1.51515,245.382
0.222222,-1.47475,232.902
0.222222,-1.43434,220.749
0.222222,-1.39394,208.923
0.222222,-1.35354,197.423
0.222222,-1.31313,186.249
0.222222,-1.27273,175.402
0.222222,-1.23232,164.882
0.222222,-1.19192,154.688
0.222222,-1.15152,144.821
0.222222,-1.11111,135.28
0.222222,-1.07071,126.065
0.222222,-1.0303,117.177
0.222222,-0.989899,108.616
0.222222,-0.949495,100.381
0.222222,-0.909091,92.4721
0.222222,-0.868687,84.8901
0.222222,-0.828283,77.6346
0.222222,-0.787879,70.7056
0.222222,-0.747475,64.1031
0.222222,-0.707071,57.8271
0.222222,-0.666667,51.8776
0.222222,-0.626263,46.2546
0.222222,-0.585859,40.9581
0.222222,-0.545455,35.9881
0.222222,-0.505051,31.3446
0.222222,-0.464646,27.0275
0.222222,-0.424242,23.037
0.222222,-0.383838,19.373
0.222222,-0.343434,16.0355
0.222222,-0.30303,13.0244
0.222222,-0.262626,10.3399
0.222222,-0.222222,7.98186
0.222222,-0.181818,5.95032
0.222222,-0.141414,4.24528
0.222222,-0.10101,2.86674
0.222222,-0.0606061,1.81469
0.222222,-0.020202,1.08914
0.222222,0.020202,0.69009
0.222222,0.0606061,0.617535
0.222222,0.10101,0.871477
0.222222,0.141414,1.45192
0.222222,0.181818,2.35885
0.222222,0.222222,3.59229
0.222222,0.262626,5.15222
0.222222,0.30303,7.03865
0.222222,0.343434,9.25157
0.222222,0.383838,11.791
0.222222,0.424242,14.6569
0.222222,0.464646,17.8493
0.222222,0.505051,21.3683
0.222222,0.545455,25.2137
0.222222,0.585859,29.3856
0.222222,0.626263,33.884
0.222222,0.666667,38.7089
0.222222,0.707071,43.8603
0.222222,0.747475,49.3382
0.222222,0.787879,55.1426
0.222222,0.828283,61.2735
0.222222,0.868687,67.7309
0.222222,0.909091,74.5148
0.222222,0.949495,81.6251
0.222222,0.989899,89.062
0.222222,1.0303,96.8254
0.222222,1.07071,104.915
0.222222,1.11111,113.332
0.222222,1.15152,122.075
0.222222,1.19192,131.144
0.222222,1.23232,140.54
0.222222,1.27273,150.262
0.222222,1.31313,160.311
0.222222,1.35354,170.686
0.222222,1.39394,181.388
0.222222,1.43434,192.417
0.222222,1.47475,203.771
0.222222,1.51515,215.453
0.222222,1.55556,227.461
0.222222,1.59596,239.795
0.222222,1.63636,252.456
0.222222,1.67677,265.443
0.222222,1.71717,278.757
0.222222,1.75758,292.397
0.222222,1.79798,306.364
0.222222,1.83838,320.657
0.222222,1.87879,335.277
0.222222,1.91919,350.224
0.222222,1.9596,365.496
0.222222,2,381.096
0.262626,-2,428.608
0.262626,-1.9596,412.053
0.262626,-1.91919,395.824
0.262626,-1.87879,379.921
0.262626,-1.83838,364.345
0.262626,-1.79798,349.095
0.262626,-1.75758,334.172
0.262626,-1.71717,319.575
0.262626,-1.67677,305.305
0.262626,-1.63636,291.361
0.262626,-1.59596,277.744
0.262626,-1.55556,264.453
0.262626,-1.51515,251.489
0.262626,-1.47475,238.851
0.262626,-1.43434,226.54
0.262626,-1.39394,214.555
0.262626,-1.35354,202.897
0.262626,-1.31313,191.565
0.262626,-1.27273,180.56
0.262626,-1.23232,169.881
0.262626,-1.19192,159.529
0.262626,-1.15152,149.503
0.262626,-1.11111,139.803
0.262626,-1.07071,130.431
0.262626,-1.0303,121.384
0.262626,-0.989899,112.665
0.262626,-0.949495,104.271
0.262626,-0.909091,96.2045
0.262626,-0.868687,88.4642
0.262626,-0.828283,81.0504
0.262626,-0.787879,73.9631
0.262626,-0.747475,67.2023
0.262626,-0.707071,60.768
0.262626,-0.666667,54.6602
0.262626,-0.626263,48.8789
0.262626,-0.585859,43.4241
0.262626,-0.545455,38.2958
0.262626,-0.505051,33.494
0.262626,-0.464646,29.0186
0.262626,-0.424242,24.8698
0.262626,-0.383838,21.0475
0.262626,-0.343434,17.5517
0.262626,-0.30303,14.3823
0.262626,-0.262626,11.5395
0.262626,-0.222222,9.02316
0.262626,-0.181818,6.83332
0.262626,-0.141414,4.96998
0.262626,-0.10101,3.43313
0.262626,-0.0606061,2.22278
0.262626,-0.020202,1.33893
0.262626,0.020202,0.781577
0.262626,0.0606061,0.55072
0.262626,0.10101,0.64636
0.262626,0.141414,1.0685
0.262626,0.181818,1.81713
0.262626,0.222222,2.89227
0.262626,0.262626,4.2939
0.262626,0.30303,6.02202
0.262626,0.343434,8.07665
0.262626,0.383838,10.4578
0.262626,0.424242,13.1654
0.262626,0.464646,16.1995
0.262626,0.505051,19.5601
0.262626,0.545455,23.2472
0.262626,0.585859,27.2608
0.262626,0.626263,31.6009
0.262626,0.666667,36.2675
0.262626,0.707071,41.2606
0.262626,0.747475,46.5802
0.262626,0.787879,52.2263
0.262626,0.828283,58.1989
0.262626,0.868687,64.498
0.262626,0.909091,71.1236
0.262626,0.949495,78.0757
0.262626,0.989899,85.3543
0.262626,1.0303,92.9593
0.262626,1.07071,100.891
0.262626,1.11111,109.149
0.262626,1.15152,117.734
0.262626,1.19192,126.645
0.262626,1.23232,135.882
0.262626,1.27273,145.446
0.262626,1.31313,155.337
0.262626,1.35354,165.554
0.262626,1.39394,176.097
0.262626,1.43434,186.967
0.262626,1.47475,198.164
0.262626,1.51515,209.687
0.262626,1.55556,221.537
0.262626,1.59596,233.713
0.262626,1.63636,246.215
0.262626,1.67677,259.044
0.262626,1.71717,272.2
0.262626,1.75758,285.682
0.262626,1.79798,299.49
0.262626,1.83838,313.625
0.262626,1.87879,328.087
0.262626,1.91919,342.875
0.262626,1.9596,357.989
0.262626,2,373.43
0.30303,-2,438.06
0.30303,-1.9596,421.32
0.30303,-1.91919,404.906
0.30303,-1.87879,388.818
0.30303,-1.83838,373.057
0.30303,-1.79798,357.623
0.30303,-1.75758,342.515
0.30303,-1.71717,327.734
0.30303,-1.67677,313.279
0.30303,-1.63636,299.15
0.30303,-1.59596,285.348
0.30303,-1.55556,271.873
0.30303,-1.51515,258.724
0.30303,-1.47475,245.901
0.30303,-1.43434,233.405
0.30303,-1.39394,221.236
0.30303,-1.35354,209.393
0.30303,-1.31313,197.877
0.30303,-1.27273,186.687
0.30303,-1.23232,175.823
0.30303,-1.19192,165.286
0.30303,-1.15152,155.076
0.30303,-1.11111,145.192
0.30303,-1.07071,135.634
0.30303,-1.0303,126.403
0.30303,-0.989899,117.499
0.30303,-0.949495,108.921
0.30303,-0.909091,100.67
0.30303,-0.868687,92.7445
0.30303,-0.828283,85.146
0.30303,-0.787879,77.8741
0.30303,-0.747475,70.9286
0.30303,-0.707071,64.3096
0.30303,-0.666667,58.0171
0.30303,-0.626263,52.0511
0.30303,-0.585859,46.4116
0.30303,-0.545455,41.0986
0.30303,-0.505051,36.1121
0.30303,-0.464646,31.4521
0.30303,-0.424242,27.1186
0.30303,-0.383838,23.1116
0.30303,-0.343434,19.431
0.30303,-0.30303,16.077
0.30303,-0.262626,13.0495
0.30303,-0.222222,10.3485
0.30303,-0.181818,7.97396
0.30303,-0.141414,5.92593
0.30303,-0.10101,4.2044
0.30303,-0.0606061,2.80936
0.30303,-0.020202,1.74083
0.30303,0.020202,0.998786
0.30303,0.0606061,0.583244
0.30303,0.10101,0.494199
0.30303,0.141414,0.731652
0.30303,0.181818,1.2956
0.30303,0.222222,2.18605
0.30303,0.262626,3.40299
0.30303,0.30303,4.94643
0.30303,0.343434,6.81637
0.30303,0.383838,9.01281
0.30303,0.424242,11.5357
0.30303,0.464646,14.3852
0.30303,0.505051,17.5611
0.30303,0.545455,21.0635
0.30303,0.585859,24.8925
0.30303,0.626263,29.0479
0.30303,0.666667,33.5298
0.30303,0.707071,38.3382
0.30303,0.747475,43.4731
0.30303,0.787879,48.9345
0.30303,0.828283,54.7224
0.30303,0.868687,60.8368
0.30303,0.909091,67.2777
0.30303,0.949495,74.0451
0.30303,0.989899,81.139
0.30303,1.0303,88.5594
0.30303,1.07071,96.3063
0.30303,1.11111,104.38
0.30303,1.15152,112.78
0.30303,1.19192,121.506
0.30303,1.23232,130.559
0.30303,1.27273,139.938
0.30303,1.31313,149.644
0.30303,1.35354,159.676
0.30303,1.39394,170.035
0.30303,1.43434,180.721
0.30303,1.47475,191.733
0.30303,1.51515,203.071
0.30303,1.55556,214.736
0.30303,1.59596,226.727
0.30303,1.63636,239.045
0.30303,1.67677,251.689
0.30303,1.71717,264.66
0.30303,1.75758,277.958
0.30303,1.79798,291.581
0.30303,1.83838,305.532
0.30303,1.87879,319.809
0.30303,1.91919,334.412
0.30303,1.9596,349.342
0.30303,2,364.598
0.343434,-2,449.001
0.343434,-1.9596,432.05
0.343434,-1.91919,415.425
0.343434,-1.87879,399.126
0.343434,-1.83838,383.154
0.343434,-1.79798,367.509
0.343434,-1.75758,352.19
0.343434,-1.71717,337.197
0.343434,-1.67677,322.531
0.343434,-1.63636,308.192
0.343434,-1.59596,294.179
0.343434,-1.55556,280.492
0.343434,-1.51515,267.132
0.343434,-1.47475,254.099
0.343434,-1.43434,241.392
0.343434,-1.39394,229.011
0.343434,-1.35354,216.957
0.343434,-1.31313,205.23
0.343434,-1.27273,193.829
0.343434,-1.23232,182.754
0.343434,-1.19192,172.006
0.343434,-1.15152,161.585
0.343434,-1.11111,151.489
0.343434,-1.07071,141.721
0.343434,-1.0303,132.279
0.343434,-0.989899,123.163
0.343434,-0.949495,114.374
0.343434,-0.909091,105.912
0.343434,-0.868687,97.7757
0.343434,-0.828283,89.9662
0.343434,-0.787879,82.4831
0.343434,-0.747475,75.3266
0.343434,-0.707071,68.4965
0.343434,-0.666667,61.993
0.343434,-0.626263,55.8159
0.343434,-0.585859,49.9653
0.343434,-0.545455,44.4413
0.343434,-0.505051,39.2437
0.343434,-0.464646,34.3726
0.343434,-0.424242,29.828
0.343434,-0.383838,25.61
0.343434,-0.343434,21.7184
0.343434,-0.30303,18.1533
0.343434,-0.262626,14.9147
0.343434,-0.222222,12.0026
0.343434,-0.181818,9.417
0.343434,-0.141414,7.15791
0.343434,-0.10101,5.22531
0.343434,-0.0606061,3.6192
0.343434,-0.020202,2.3396
0.343434,0.020202,1.38649
0.343434,0.0606061,0.759878
0.343434,0.10101,0.459765
0.343434,0.141414,0.486148
0.343434,0.181818,0.839029
0.343434,0.222222,1.51841
0.343434,0.262626,2.52428
0.343434,0.30303,3.85666
0.343434,0.343434,5.51553
0.343434,0.383838,7.50089
0.343434,0.424242,9.81276
0.343434,0.464646,12.4511
0.343434,0.505051,15.416
0.343434,0.545455,18.7073
0.343434,0.585859,22.3252
0.343434,0.626263,26.2695
0.343434,0.666667,30.5404
0.343434,0.707071,35.1377
0.343434,0.747475,40.0616
0.343434,0.787879,45.3119
0.343434,0.828283,50.8888
0.343434,0.868687,56.7921
0.343434,0.909091,63.0219
0.343434,0.949495,69.5783
0.343434,0.989899,76.4611
0.343434,1.0303,83.6704
0.343434,1.07071,91.2062
0.343434,1.11111,99.0685
0.343434,1.15152,107.257
0.343434,1.19192,115.773
0.343434,1.23232,124.614
0.343434,1.27273,133.783
0.343434,1.31313,143.278
0.343434,1.35354,153.099
0.343434,1.39394,163.247
0.343434,1.43434,173.721
0.343434,1.47475,184.522
0.343434,1.51515,195.649
0.343434,1.55556,207.103
0.343434,1.59596,218.883
0.343434,1.63636,230.99
0.343434,1.67677,243.423
0.343434,1.71717,256.183
0.343434,1.75758,269.269
0.343434,1.79798,282.682
0.343434,1.83838,296.421
0.343434,1.87879,310.487
0.343434,1.91919,324.879
0.343434,1.9596,339.598
0.343434,2,354.643
0.383838,-2,461.483
0.383838,-1.9596,444.294
0.383838,-1.91919,427.432
0.383838,-1.87879,410.896
0.383838,-1.83838,394.686
0.383838,-1.79798,378.803
0.383838,-1.75758,363.247
0.383838,-1.71717,348.017
0.383838,-1.67677,333.114
0.383838,-1.63636,318.537
0.383838,-1.59596,304.286
0.383838,-1.55556,290.362
0.383838,-1.51515,276.765
0.383838,-1.47475,263.494
0.383838,-1.43434,250.549
0.383838,-1.39394,237.931
0.383838,-1.35354,225.64
0.383838,-1.31313,213.675
0.383838,-1.27273,202.036
0.383838,-1.23232,190.724
0.383838,-1.19192,179.739
0.383838,-1.15152,169.08
0.383838,-1.11111,158.748
0.383838,-1.07071,148.742
0.383838,-1.0303,139.062
0.383838,-0.989899,129.709
0.383838,-0.949495,120.683
0.383838,-0.909091,111.983
0.383838,-0.868687,103.609
0.383838,-0.828283,95.5621
0.383838,-0.787879,87.8416
0.383838,-0.747475,80.4475
0.383838,-0.707071,73.38
0.383838,-0.666667,66.639
0.383838,-0.626263,60.2245
0.383838,-0.585859,54.1365
0.383838,-0.545455,48.375
0.383838,-0.505051,42.9399
0.383838,-0.464646,37.8314
0.383838,-0.424242,33.0494
0.383838,-0.383838,28.5938
0.383838,-0.343434,24.4648
0.383838,-0.30303,20.6623
0.383838,-0.262626,17.1862
0.383838,-0.222222,14.0367
0.383838,-0.181818,11.2136
0.383838,-0.141414,8.71708
0.383838,-0.10101,6.54703
0.383838,-0.0606061,4.70347
0.383838,-0.020202,3.18642
0.383838,0.020202,1.99586
0.383838,0.0606061,1.13179
0.383838,0.10101,0.594226
0.383838,0.141414,0.383157
0.383838,0.181818,0.498585
0.383838,0.222222,0.940511
0.383838,0.262626,1.70893
0.383838,0.30303,2.80385
0.383838,0.343434,4.22527
0.383838,0.383838,5.97319
0.383838,0.424242,8.0476
0.383838,0.464646,10.4485
0.383838,0.505051,13.1759
0.383838,0.545455,16.2298
0.383838,0.585859,19.6102
0.383838,0.626263,23.3171
0.383838,0.666667,27.3505
0.383838,0.707071,31.7104
0.383838,0.747475,36.3968
0.383838,0.787879,41.4097
0.383838,0.828283,46.7491
0.383838,0.868687,52.415
0.383838,0.909091,58.4073
0.383838,0.949495,64.7262
0.383838,0.989899,71.3716
0.383838,1.0303,78.3435
0.383838,1.07071,85.6418
0.383838,1.11111,93.2667
0.383838,1.15152,101.218
0.383838,1.19192,109.496
0.383838,1.23232,118.1
0.383838,1.27273,127.031
0.383838,1.31313,136.288
0.383838,1.35354,145.872
0.383838,1.39394,155.783
0.383838,1.43434,166.02
0.383838,1.47475,176.583
0.383838,1.51515,187.473
0.383838,1.55556,198.689
0.383838,1.59596,210.232
0.383838,1.63636,222.101
0.383838,1.67677,234.297
0.383838,1.71717,246.819
0.383838,1.75758,259.668
0.383838,1.79798,272.844
0.383838,1.83838,286.345
0.383838,1.87879,300.174
0.383838,1.91919,314.328
0.383838,1.9596,328.81
0.383838,2,343.618
0.424242,-2,475.563
0.424242,-1.9596,458.111
0.424242,-1.91919,440.984
0.424242,-1.87879,424.185
0.424242,-1.83838,407.711
0.424242,-1.79798,391.565
0.424242,-1.75758,375.744
0.424242,-1.71717,360.251
0.424242,-1.67677,345.083
0.424242,-1.63636,330.243
0.424242,-1.59596,315.728
0.424242,-1.55556,301.54
0.424242,-1.51515,287.679
0.424242,-1.47475,274.144
0.424242,-1.43434,260.936
0.424242,-1.39394,248.054
0.424242,-1.35354,235.499
0.424242,-1.31313,223.27
0.424242,-1.27273,211.368
0.424242,-1.23232,199.792
0.424242,-1.19192,188.543
0.424242,-1.15152,177.62
0.424242,-1.11111,167.024
0.424242,-1.07071,156.754
0.424242,-1.0303,146.81
0.424242,-0.989899,137.194
0.424242,-0.949495,127.903
0.424242,-0.909091,118.939
0.424242,-0.868687,110.302
0.424242,-0.828283,101.991
0.424242,-0.787879,94.0069
0.424242,-0.747475,86.349
0.424242,-0.707071,79.0177
0.424242,-0.666667,72.0128
0.424242,-0.626263,65.3345
0.424242,-0.585859,58.9826
0.424242,-0.545455,52.9573
0.424242,-0.505051,47.2584
0.424242,-0.464646,41.886
0.424242,-0.424242,36.8402
0.424242,-0.383838,32.1208
0.424242,-0.343434,27.7279
0.424242,-0.30303,23.6615
0.424242,-0.262626,19.9217
0.424242,-0.222222,16.5083
0.424242,-0.181818,13.4214
0.424242,-0.141414,10.661
0.424242,-0.10101,8.22713
0.424242,-0.0606061,6.11974
0.424242,-0.020202,4.33885
0.424242,0.020202,2.88445
0.424242,0.0606061,1.75655
0.424242,0.10101,0.955147
0.424242,0.141414,0.480242
0.424242,0.181818,0.331834
0.424242,0.222222,0.509924
0.424242,0.262626,1.01451
0.424242,0.30303,1.84559
0.424242,0.343434,3.00318
0.424242,0.383838,4.48725
0.424242,0.424242,6.29783
0.424242,0.464646,8.4349
0.424242,0.505051,10.8985
0.424242,0.545455,13.6885
0.424242,0.585859,16.8051
0.424242,0.626263,20.2482
0.424242,0.666667,24.0177
0.424242,0.707071,28.1138
0.424242,0.747475,32.5363
0.424242,0.787879,37.2854
0.424242,0.828283,42.3609
0.424242,0.868687,47.763
0.424242,0.909091,53.4915
0.424242,0.949495,59.5466
0.424242,0.989899,65.9281
0.424242,1.0303,72.6361
0.424242,1.07071,79.6707
0.424242,1.11111,87.0317
0.424242,1.15152,94.7192
0.424242,1.19192,102.733
0.424242,1.23232,111.074
0.424242,1.27273,119.741
0.424242,1.31313,128.734
0.424242,1.35354,138.054
0.424242,1.39394,147.701
0.424242,1.43434,157.674
0.424242,1.47475,167.973
0.424242,1.51515,178.599
0.424242,1.55556,189.552
0.424242,1.59596,200.831
0.424242,1.63636,212.436
0.424242,1.67677,224.368
0.424242,1.71717,236.627
0.424242,1.75758,249.212
0.424242,1.79798,262.123
0.424242,1.83838,275.361
0.424242,1.87879,288.926
0.424242,1.91919,302.817
0.424242,1.9596,317.034
0.424242,2,331.578
0.464646,-2,491.306
0.464646,-1.9596,473.563
0.464646,-1.91919,456.147
0.464646,-1.87879,439.057
0.464646,-1.83838,422.293
0.464646,-1.79798,405.856
0.464646,-1.75758,389.746
0.464646,-1.71717,373.962
0.464646,-1.67677,358.504
0.464646,-1.63636,343.373
0.464646,-1.59596,328.569
0.464646,-1.55556,314.091
0.464646,-1.51515,299.939
0.464646,-1.47475,286.114
0.464646,-1.43434,272.616
0.464646,-1.39394,259.444
0.464646,-1.35354,246.598
0.464646,-1.31313,234.079
0.464646,-1.27273,221.887
0.464646,-1.23232,210.021
0.464646,-1.19192,198.481
0.464646,-1.15152,187.268
0.464646,-1.11111,176.381
0.464646,-1.07071,165.821
0.464646,-1.0303,155.588
0.464646,-0.989899,145.681
0.464646,-0.949495,136.1
0.464646,-0.909091,126.846
0.464646,-0.868687,117.919
0.464646,-0.828283,109.318
0.464646,-0.787879,101.043
0.464646,-0.747475,93.095
0.464646,-0.707071,85.4734
0.464646,-0.666667,78.1783
0.464646,-0.626263,71.2098
0.464646,-0.585859,64.5677
0.464646,-0.545455,58.2521
0.464646,-0.505051,52.263
0.464646,-0.464646,46.6005
0.464646,-0.424242,41.2644
0.464646,-0.383838,36.2548
0.464646,-0.343434,31.5717
0.464646,-0.30303,27.2151
0.464646,-0.262626,23.185
0.464646,-0.222222,19.4814
0.464646,-0.181818,16.1043
0.464646,-0.141414,13.0537
0.464646,-0.10101,10.3296
0.464646,-0.0606061,7.93196
0.464646,-0.020202,5.86085
0.464646,0.020202,4.11623
0.464646,0.0606061,2.69811
0.464646,0.10101,1.60649
0.464646,0.141414,0.841363
0.464646,0.181818,0.402735
0.464646,0.222222,0.290605
0.464646,0.262626,0.504972
0.464646,0.30303,1.04584
0.464646,0.343434,1.9132
0.464646,0.383838,3.10706
0.464646,0.424242,4.62741
0.464646,0.464646,6.47427
0.464646,0.505051,8.64762
0.464646,0.545455,11.1475
0.464646,0.585859,13.9738
0.464646,0.626263,17.1267
0.464646,0.666667,20.606
0.464646,0.707071,24.4118
0.464646,0.747475,28.5442
0.464646,0.787879,33.003
0.464646,0.828283,37.7883
0.464646,0.868687,42.9002
0.464646,0.909091,48.3385
0.464646,0.949495,54.1033
0.464646,0.989899,60.1946
0.464646,1.0303,66.6124
0.464646,1.07071,73.3567
0.464646,1.11111,80.4276
0.464646,1.15152,87.8249
0.464646,1.19192,95.5487
0.464646,1.23232,103.599
0.464646,1.27273,111.976
0.464646,1.31313,120.679
0.464646,1.35354,129.709
0.464646,1.39394,139.065
0.464646,1.43434,148.748
0.464646,1.47475,158.757
0.464646,1.51515,169.093
0.464646,1.55556,179.755
0.464646,1.59596,190.744
0.464646,1.63636,202.059
0.464646,1.67677,213.701
0.464646,1.71717,225.669
0.464646,1.75758,237.964
0.464646,1.79798,250.585
0.464646,1.83838,263.533
0.464646,1.87879,276.807
0.464646,1.91919,290.408
0.464646,1.9596,304.335
0.464646,2,318.589
0.505051,-2,508.782
0.505051,-1.9596,490.722
0.505051,-1.91919,472.989
0.505051,-1.87879,455.582
0.505051,-1.83838,438.502
0.505051,-1.79798,421.749
0.505051,-1.75758,405.322
0.505051,-1.71717,389.221
0.505051,-1.67677,373.447
0.505051,-1.63636,357.999
0.505051,-1.59596,342.878
0.505051,-1.55556,328.084
0.505051,-1.51515,313.616
0.505051,-1.47475,299.474
0.505051,-1.43434,285.659
0.505051,-1.39394,272.17
0.505051,-1.35354,259.008
0.505051,-1.31313,246.172
0.505051,-1.27273,233.663
0.505051,-1.23232,221.481
0.505051,-1.19192,209.624
0.505051,-1.15152,198.095
0.505051,-1.11111,186.892
0.505051,-1.07071,176.015
0.505051,-1.0303,165.465
0.505051,-0.989899,155.241
0.505051,-0.949495,145.344
0.505051,-0.909091,135.773
0.505051,-0.868687,126.529
0.505051,-0.828283,117.612
0.505051,-0.787879,109.02
0.505051,-0.747475,100.756
0.505051,-0.707071,92.8176
0.505051,-0.666667,85.2059
0.505051,-0.626263,77.9208
0.505051,-0.585859,70.9621
0.505051,-0.545455,64.3299
0.505051,-0.505051,58.0242
0.505051,-0.464646,52.045
0.505051,-0.424242,46.3923
0.505051,-0.383838,41.0661
0.505051,-0.343434,36.0664
0.505051,-0.30303,31.3932
0.505051,-0.262626,27.0465
0.505051,-0.222222,23.0263
0.505051,-0.181818,19.3326
0.505051,-0.141414,15.9654
0.505051,-0.10101,12.9247
0.505051,-0.0606061,10.2105
0.505051,-0.020202,7.82277
0.505051,0.020202,5.76155
0.505051,0.0606061,4.02683
0.505051,0.10101,2.61861
0.505051,0.141414,1.53688
0.505051,0.181818,0.781646
0.505051,0.222222,0.352912
0.505051,0.262626,0.250676
0.505051,0.30303,0.474936
0.505051,0.343434,1.02569
0.505051,0.383838,1.90295
0.505051,0.424242,3.1067
0.505051,0.464646,4.63695
0.505051,0.505051,6.4937
0.505051,0.545455,8.67694
0.505051,0.585859,11.1867
0.505051,0.626263,14.0229
0.505051,0.666667,17.1857
0.505051,0.707071,20.6749
0.505051,0.747475,24.4906
0.505051,0.787879,28.6329
0.505051,0.828283,33.1016
0.505051,0.868687,37.8968
0.505051,0.909091,43.0185
0.505051,0.949495,48.4667
0.505051,0.989899,54.2415
0.505051,1.0303,60.3427
0.505051,1.07071,66.7704
0.505051,1.11111,73.5246
0.505051,1.15152,80.6053
0.505051,1.19192,88.0125
0.505051,1.23232,95.7462
0.505051,1.27273,103.806
0.505051,1.31313,112.193
0.505051,1.35354,120.906
0.505051,1.39394,129.946
0.505051,1.43434,139.312
0.505051,1.47475,149.005
0.505051,1.51515,159.024
0.505051,1.55556,169.37
0.505051,1.59596,180.042
0.505051,1.63636,191.041
0.505051,1.67677,202.366
0.505051,1.71717,214.017
0.505051,1.75758,225.996
0.505051,1.79798,238.3
0.505051,1.83838,250.931
0.505051,1.87879,263.889
0.505051,1.91919,277.173
0.505051,1.9596,290.784
0.505051,2,304.721
0.545455,-2,528.067
0.545455,-1.9596,509.664
0.545455,-1.91919,491.588
0.545455,-1.87879,473.838
0.545455,-1.83838,456.415
0.545455,-1.79798,439.319
0.545455,-1.75758,422.549
0.545455,-1.71717,406.105
0.545455,-1.67677,389.988
0.545455,-1.63636,374.197
0.545455,-1.59596,358.733
0.545455,-1.55556,343.596
0.545455,-1.51515,328.785
0.545455,-1.47475,314.3
0.545455,-1.43434,300.142
0.545455,-1.39394,286.31
0.545455,-1.35354,272.805
0.545455,-1.31313,259.627
0.545455,-1.27273,246.774
0.545455,-1.23232,234.249
0.545455,-1.19192,222.05
0.545455,-1.15152,210.177
0.545455,-1.11111,198.631
0.545455,-1.07071,187.411
0.545455,-1.0303,176.518
0.545455,-0.989899,165.952
0.545455,-0.949495,155.711
0.545455,-0.909091,145.798
0.545455,-0.868687,136.211
0.545455,-0.828283,126.95
0.545455,-0.787879,118.016
0.545455,-0.747475,109.408
0.545455,-0.707071,101.127
0.545455,-0.666667,93.1723
0.545455,-0.626263,85.5442
0.545455,-0.585859,78.2425
0.545455,-0.545455,71.2673
0.545455,-0.505051,64.6187
0.545455,-0.464646,58.2965
0.545455,-0.424242,52.3008
0.545455,-0.383838,46.6316
0.545455,-0.343434,41.2889
0.545455,-0.30303,36.2728
0.545455,-0.262626,31.5831
0.545455,-0.222222,27.2199
0.545455,-0.181818,23.1832
0.545455,-0.141414,19.473
0.545455,-0.10101,16.0893
0.545455,-0.0606061,13.0321
0.545455,-0.020202,10.3014
0.545455,0.020202,7.89717
0.545455,0.0606061,5.81946
0.545455,0.10101,4.06825
0.545455,0.141414,2.64354
0.545455,0.181818,1.54532
0.545455,0.222222,0.773597
0.545455,0.262626,0.328373
0.545455,0.30303,0.209647
0.545455,0.343434,0.417418
0.545455,0.383838,0.951686
0.545455,0.424242,1.81245
0.545455,0.464646,2.99971
0.545455,0.505051,4.51348
0.545455,0.545455,6.35373
0.545455,0.585859,8.52049
0.545455,0.626263,11.0137
0.545455,0.666667,13.8335
0.545455,0.707071,16.9797
0.545455,0.747475,20.4525
0.545455,0.787879,24.2517
0.545455,0.828283,28.3775
0.545455,0.868687,32.8297
0.545455,0.909091,37.6084
0.545455,0.949495,42.7137
0.545455,0.989899,48.1454
0.545455,1.0303,53.9036
0.545455,1.07071,59.9883
0.545455,1.11111,66.3996
0.545455,1.15152,73.1373
0.545455,1.19192,80.2015
0.545455,1.23232,87.5922
0.545455,1.27273,95.3094
0.545455,1.31313,103.353
0.545455,1.35354,111.723
0.545455,1.39394,120.42
0.545455,1.43434,129.443
0.545455,1.47475,138.793
0.545455,1.51515,148.469
0.545455,1.55556,158.472
0.545455,1.59596,168.801
0.545455,1.63636,179.457
0.545455,1.67677,190.439
0.545455,1.71717,201.748
0.545455,1.75758,213.383
0.545455,1.79798,225.344
0.545455,1.83838,237.633
0.545455,1.87879,250.247
0.545455,1.91919,263.188
0.545455,1.9596,276.456
0.545455,2,290.05
0.585859,-2,549.244
0.585859,-1.9596,530.472
0.585859,-1.91919,512.027
0.585859,-1.87879,493.908
0.585859,-1.83838,476.116
0.585859,-1.79798,458.65
0.585859,-1.75758,441.51
0.585859,-1.71717,424.697
0.585859,-1.67677,408.211
0.585859,-1.63636,392.051
0.585859,-1.59596,376.217
0.585859,-1.55556,360.71
0.585859,-1.51515,345.53
0.585859,-1.47475,330.676
0.585859,-1.43434,316.148
0.585859,-1.39394,301.947
0.585859,-1.35354,288.073
0.585859,-1.31313,274.525
0.585859,-1.27273,261.303
0.585859,-1.23232,248.408
0.585859,-1.19192,235.84
0.585859,-1.15152,223.598
0.585859,-1.11111,211.682
0.585859,-1.07071,200.093
0.585859,-1.0303,188.831
0.585859,-0.989899,177.895
0.585859,-0.949495,167.285
0.585859,-0.909091,157.002
0.585859,-0.868687,147.046
0.585859,-0.828283,137.416
0.585859,-0.787879,128.112
0.585859,-0.747475,119.135
0.585859,-0.707071,110.485
0.585859,-0.666667,102.161
0.585859,-0.626263,94.1632
0.585859,-0.585859,86.4921
0.585859,-0.545455,79.1476
0.585859,-0.505051,72.1295
0.585859,-0.464646,65.438
0.585859,-0.424242,59.0729
0.585859,-0.383838,53.0344
0.585859,-0.343434,47.3223
0.585859,-0.30303,41.9368
0.585859,-0.262626,36.8777
0.585859,-0.222222,32.1452
0.585859,-0.181818,27.7391
0.585859,-0.141414,23.6595
0.585859,-0.10101,19.9065
0.585859,-0.0606061,16.4799
0.585859,-0.020202,13.3798
0.585859,0.020202,10.6062
0.585859,0.0606061,8.15916
0.585859,0.10101,6.03857
0.585859,0.141414,4.24449
0.585859,0.181818,2.7769
0.585859,0.222222,1.63581
0.585859,0.262626,0.821214
0.585859,0.30303,0.333117
0.585859,0.343434,0.171517
0.585859,0.383838,0.336415
0.585859,0.424242,0.82781
0.585859,0.464646,1.6457
0.585859,0.505051,2.79009
0.585859,0.545455,4.26098
0.585859,0.585859,6.05836
0.585859,0.626263,8.18224
0.585859,0.666667,10.6326
0.585859,0.707071,13.4095
0.585859,0.747475,16.5129
0.585859,0.787879,19.9427
0.585859,0.828283,23.6991
0.585859,0.868687,27.782
0.585859,0.909091,32.1913
0.585859,0.949495,36.9272
0.585859,0.989899,41.9896
0.585859,1.0303,47.3784
0.585859,1.07071,53.0938
0.585859,1.11111,59.1356
0.585859,1.15152,65.504
0.585859,1.19192,72.1988
0.585859,1.23232,79.2201
0.585859,1.27273,86.568
0.585859,1.31313,94.2423
0.585859,1.35354,102.243
0.585859,1.39394,110.57
0.585859,1.43434,119.224
0.585859,1.47475,128.205
0.585859,1.51515,137.511
0.585859,1.55556,147.145
0.585859,1.59596,157.105
0.585859,1.63636,167.391
0.585859,1.67677,178.004
0.585859,1.71717,188.943
0.585859,1.75758,200.209
0.585859,1.79798,211.801
0.585859,1.83838,223.72
0.585859,1.87879,235.965
0.585859,1.91919,248.537
0.585859,1.9596,261.435
0.585859,2,274.66
0.626263,-2,572.404
0.626263,-1.9596,553.236
0.626263,-1.91919,534.395
0.626263,-1.87879,515.88
0.626263,-1.83838,497.692
0.626263,-1.79798,479.831
0.626263,-1.75758,462.295
0.626263,-1.71717,445.087
0.626263,-1.67677,428.204
0.626263,-1.63636,411.649
0.626263,-1.59596,395.419
0.626263,-1.55556,379.517
0.626263,-1.51515,363.941
0.626263,-1.47475,348.691
0.626263,-1.43434,333.768
0.626263,-1.39394,319.171
0.626263,-1.35354,304.901
0.626263,-1.31313,290.957
0.626263,-1.27273,277.34
0.626263,-1.23232,264.049
0.626263,-1.19192,251.085
0.626263,-1.15152,238.447
0.626263,-1.11111,226.136
0.626263,-1.07071,214.151
0.626263,-1.0303,202.493
0.626263,-0.989899,191.161
0.626263,-0.949495,180.156
0.626263,-0.909091,169.477
0.626263,-0.868687,159.124
0.626263,-0.828283,149.099
0.626263,-0.787879,139.399
0.626263,-0.747475,130.027
0.626263,-0.707071,120.98
0.626263,-0.666667,112.261
0.626263,-0.626263,103.867
0.626263,-0.585859,95.8005
0.626263,-0.545455,88.0602
0.626263,-0.505051,80.6464
0.626263,-0.464646,73.5591
0.626263,-0.424242,66.7983
0.626263,-0.383838,60.364
0.626263,-0.343434,54.2562
0.626263,-0.30303,48.4749
0.626263,-0.262626,43.0201
0.626263,-0.222222,37.8917
0.626263,-0.181818,33.0899
0.626263,-0.141414,28.6146
0.626263,-0.10101,24.4658
0.626263,-0.0606061,20.6435
0.626263,-0.020202,17.1476
0.626263,0.020202,13.9783
0.626263,0.0606061,11.1355
0.626263,0.10101,8.61912
0.626263,0.141414,6.42928
0.626263,0.181818,4.56594
0.626263,0.222222,3.02909
0.626263,0.262626,1.81874
0.626263,0.30303,0.93489
0.626263,0.343434,0.377536
0.626263,0.383838,0.146679
0.626263,0.424242,0.24232
0.626263,0.464646,0.664458
0.626263,0.505051,1.41309
0.626263,0.545455,2.48823
0.626263,0.585859,3.88986
0.626263,0.626263,5.61798
0.626263,0.666667,7.67261
0.626263,0.707071,10.0537
0.626263,0.747475,12.7613
0.626263,0.787879,15.7955
0.626263,0.828283,19.1561
0.626263,0.868687,22.8432
0.626263,0.909091,26.8568
0.626263,0.949495,31.1969
0.626263,0.989899,35.8635
0.626263,1.0303,40.8566
0.626263,1.07071,46.1762
0.626263,1.11111,51.8223
0.626263,1.15152,57.7949
0.626263,1.19192,64.094
0.626263,1.23232,70.7196
0.626263,1.27273,77.6716
0.626263,1.31313,84.9502
0.626263,1.35354,92.5553
0.626263,1.39394,100.487
0.626263,1.43434,108.745
0.626263,1.47475,117.33
0.626263,1.51515,126.241
0.626263,1.55556,135.478
0.626263,1.59596,145.042
0.626263,1.63636,154.933
0.626263,1.67677,165.15
0.626263,1.71717,175.693
0.626263,1.75758,186.563
0.626263,1.79798,197.76
0.626263,1.83838,209.283
0.626263,1.87879,221.133
0.626263,1.91919,233.309
0.626263,1.9596,245.811
0.626263,2,258.64
0.666667,-2,597.642
0.666667,-1.9596,578.052
0.666667,-1.91919,558.789
0.666667,-1.87879,539.852
0.666667,-1.83838,521.242
0.666667,-1.79798,502.958
0.666667,-1.75758,485
0.666667,-1.71717,467.37
0.666667,-1.67677,450.065
0.666667,-1.63636,433.087
0.666667,-1.59596,416.436
0.666667,-1.55556,400.111
0.666667,-1.51515,384.113
0.666667,-1.47475,368.441
0.666667,-1.43434,353.096
0.666667,-1.39394,338.077
0.666667,-1.35354,323.384
0.666667,-1.31313,309.018
0.666667,-1.27273,294.979
0.666667,-1.23232,281.266
0.666667,-1.19192,267.88
0.666667,-1.15152,254.82
0.666667,-1.11111,242.086
0.666667,-1.07071,229.68
0.666667,-1.0303,217.599
0.666667,-0.989899,205.845
0.666667,-0.949495,194.418
0.666667,-0.909091,183.317
0.666667,-0.868687,172.542
0.666667,-0.828283,162.095
0.666667,-0.787879,151.973
0.666667,-0.747475,142.178
0.666667,-0.707071,132.71
0.666667,-0.666667,123.568
0.666667,-0.626263,114.752
0.666667,-0.585859,106.264
0.666667,-0.545455,98.1011
0.666667,-0.505051,90.2652
0.666667,-0.464646,82.7557
0.666667,-0.424242,75.5728
0.666667,-0.383838,68.7164
0.666667,-0.343434,62.1864
0.666667,-0.30303,55.983
0.666667,-0.262626,50.106
0.666667,-0.222222,44.5556
0.666667,-0.181818,39.3316
0.666667,-0.141414,34.4341
0.666667,-0.10101,29.8632
0.666667,-0.0606061,25.6187
0.666667,-0.020202,21.7007
0.666667,0.020202,18.1093
0.666667,0.0606061,14.8443
0.666667,0.10101,11.9058
0.666667,0.141414,9.29385
0.666667,0.181818,7.00837
0.666667,0.222222,5.04938
0.666667,0.262626,3.4169
0.666667,0.30303,2.11091
0.666667,0.343434,1.13142
0.666667,0.383838,0.478421
0.666667,0.424242,0.151923
0.666667,0.464646,0.151923
0.666667,0.505051,0.478421
0.666667,0.545455,1.13142
0.666667,0.585859,2.11091
0.666667,0.626263,3.4169
0.666667,0.666667,5.04938
0.666667,0.707071,7.00837
0.666667,0.747475,9.29385
0.666667,0.787879,11.9058
0.666667,0.828283,14.8443
0.666667,0.868687,18.1093
0.666667,0.909091,21.7007
0.666667,0.949495,25.6187
0.666667,0.989899,29.8632
0.666667,1.0303,34.4341
0.666667,1.07071,39.3316
0.666667,1.11111,44.5556
0.666667,1.15152,50.106
0.666667,1.19192,55.983
0.666667,1.23232,62.1864
0.666667,1.27273,68.7164
0.666667,1.31313,75.5728
0.666667,1.35354,82.7557
0.666667,1.39394,90.2652
0.666667,1.43434,98.1011
0.666667,1.47475,106.264
0.666667,1.51515,114.752
0.666667,1.55556,123.568
0.666667,1.59596,132.71
0.666667,1.63636,142.178
0.666667,1.67677,151.973
0.666667,1.71717,162.095
0.666667,1.75758,172.542
0.666667,1.79798,183.317
0.666667,1.83838,194.418
0.666667,1.87879,205.845
0.666667,1.91919,217.599
0.666667,1.9596,229.68
0.666667,2,242.086
0.707071,-2,625.06
0.707071,-1.9596,605.022
0.707071,-1.91919,585.31
0.707071,-1.87879,565.925
0.707071,-1.83838,546.866
0.707071,-1.79798,528.133
0.707071,-1.75758,509.728
0.707071,-1.71717,491.648
0.707071,-1.67677,473.895
0.707071,-1.63636,456.469
0.707071,-1.59596,439.369
0.707071,-1.55556,422.596
0.707071,-1.51515,406.149
0.707071,-1.47475,390.028
0.707071,-1.43434,374.235
0.707071,-1.39394,358.767
0.707071,-1.35354,343.626
0.707071,-1.31313,328.812
0.707071,-1.27273,314.324
0.707071,-1.23232,300.163
0.707071,-1.19192,286.328
0.707071,-1.15152,272.819
0.707071,-1.11111,259.637
0.707071,-1.07071,246.782
0.707071,-1.0303,234.253
0.707071,-0.989899,222.051
0.707071,-0.949495,210.175
0.707071,-0.909091,198.625
0.707071,-0.868687,187.402
0.707071,-0.828283,176.506
0.707071,-0.787879,165.936
0.707071,-0.747475,155.692
0.707071,-0.707071,145.775
0.707071,-0.666667,136.185
0.707071,-0.626263,126.921
0.707071,-0.585859,117.984
0.707071,-0.545455,109.373
0.707071,-0.505051,101.088
0.707071,-0.464646,93.1302
0.707071,-0.424242,85.4988
0.707071,-0.383838,78.1938
0.707071,-0.343434,71.2154
0.707071,-0.30303,64.5634
0.707071,-0.262626,58.2379
0.707071,-0.222222,52.2389
0.707071,-0.181818,46.5665
0.707071,-0.141414,41.2205
0.707071,-0.10101,36.201
0.707071,-0.0606061,31.508
0.707071,-0.020202,27.1415
0.707071,0.020202,23.1015
0.707071,0.0606061,19.388
0.707071,0.10101,16.001
0.707071,0.141414,12.9405
0.707071,0.181818,10.2065
0.707071,0.222222,7.79902
0.707071,0.262626,5.71802
0.707071,0.30303,3.9635
0.707071,0.343434,2.53549
0.707071,0.383838,1.43397
0.707071,0.424242,0.658956
0.707071,0.464646,0.210434
0.707071,0.505051,0.0884101
0.707071,0.545455,0.292883
0.707071,0.585859,0.823854
0.707071,0.626263,1.68132
0.707071,0.666667,2.86529
0.707071,0.707071,4.37575
0.707071,0.747475,6.21271
0.707071,0.787879,8.37616
0.707071,0.828283,10.8661
0.707071,0.868687,13.6826
0.707071,0.909091,16.8255
0.707071,0.949495,20.295
0.707071,0.989899,24.0909
0.707071,1.0303,28.2133
0.707071,1.07071,32.6623
0.707071,1.11111,37.4377
0.707071,1.15152,42.5397
0.707071,1.19192,47.9681
0.707071,1.23232,53.723
0.707071,1.27273,59.8044
0.707071,1.31313,66.2124
0.707071,1.35354,72.9468
0.707071,1.39394,80.0077
0.707071,1.43434,87.3951
0.707071,1.47475,95.109
0.707071,1.51515,103.149
0.707071,1.55556,111.516
0.707071,1.59596,120.21
0.707071,1.63636,129.23
0.707071,1.67677,138.576
0.707071,1.71717,148.249
0.707071,1.75758,158.248
0.707071,1.79798,168.574
0.707071,1.83838,179.227
0.707071,1.87879,190.205
0.707071,1.91919,201.511
0.707071,1.9596,213.143
0.707071,2,225.101
0.747475,-2,654.768
0.747475,-1.9596,634.255
0.747475,-1.91919,614.068
0.747475,-1.87879,594.208
0.747475,-1.83838,574.674
0.747475,-1.79798,555.466
0.747475,-1.75758,536.586
0.747475,-1.71717,518.031
0.747475,-1.67677,499.804
0.747475,-1.63636,481.902
0.747475,-1.59596,464.328
0.747475,-1.55556,447.079
0.747475,-1.51515,430.157
0.747475,-1.47475,413.562
0.747475,-1.43434,397.293
0.747475,-1.39394,381.351
0.747475,-1.35354,365.735
0.747475,-1.31313,350.446
0.747475,-1.27273,335.483
0.747475,-1.23232,320.847
0.747475,-1.19192,306.537
0.747475,-1.15152,292.554
0.747475,-1.11111,278.897
0.747475,-1.07071,265.567
0.747475,-1.0303,252.563
0.747475,-0.989899,239.885
0.747475,-0.949495,227.535
0.747475,-0.909091,215.51
0.747475,-0.868687,203.812
0.747475,-0.828283,192.441
0.747475,-0.787879,181.396
0.747475,-0.747475,170.678
0.747475,-0.707071,160.286
0.747475,-0.666667,150.221
0.747475,-0.626263,140.482
0.747475,-0.585859,131.069
0.747475,-0.545455,121.984
0.747475,-0.505051,113.224
0.747475,-0.464646,104.791
0.747475,-0.424242,96.685
0.747475,-0.383838,88.9051
0.747475,-0.343434,81.4517
0.747475,-0.30303,74.3249
0.747475,-0.262626,67.5245
0.747475,-0.222222,61.0506
0.747475,-0.181818,54.9032
0.747475,-0.141414,49.0823
0.747475,-0.10101,43.588
0.747475,-0.0606061,38.4201
0.747475,-0.020202,33.5787
0.747475,0.020202,29.0638
0.747475,0.0606061,24.8754
0.747475,0.10101,21.0135
0.747475,0.141414,17.4781
0.747475,0.181818,14.2692
0.747475,0.222222,11.3867
0.747475,0.262626,8.83083
0.747475,0.30303,6.60141
0.747475,0.343434,4.6985
0.747475,0.383838,3.12207
0.747475,0.424242,1.87215
0.747475,0.464646,0.948724
0.747475,0.505051,0.351794
0.747475,0.545455,0.0813622
0.747475,0.585859,0.137427
0.747475,0.626263,0.51999
0.747475,0.666667,1.22905
0.747475,0.707071,2.26461
0.747475,0.747475,3.62666
0.747475,0.787879,5.31521
0.747475,0.828283,7.33026
0.747475,0.868687,9.67181
0.747475,0.909091,12.3399
0.747475,0.949495,15.3344
0.747475,0.989899,18.6554
0.747475,1.0303,22.303
0.747475,1.07071,26.277
0.747475,1.11111,30.5775
0.747475,1.15152,35.2046
0.747475,1.19192,40.1581
0.747475,1.23232,45.4381
0.747475,1.27273,51.0446
0.747475,1.31313,56.9776
0.747475,1.35354,63.2372
0.747475,1.39394,69.8232
0.747475,1.43434,76.7357
0.747475,1.47475,83.9747
0.747475,1.51515,91.5402
0.747475,1.55556,99.4322
0.747475,1.59596,107.651
0.747475,1.63636,116.196
0.747475,1.67677,125.067
0.747475,1.71717,134.265
0.747475,1.75758,143.79
0.747475,1.79798,153.641
0.747475,1.83838,163.818
0.747475,1.87879,174.322
0.747475,1.91919,185.153
0.747475,1.9596,196.31
0.747475,2,207.793
0.787879,-2,686.88
0.787879,-1.9596,665.865
0.787879,-1.91919,645.177
0.787879,-1.87879,624.815
0.787879,-1.83838,604.78
0.787879,-1.79798,585.072
0.787879,-1.75758,565.69
0.787879,-1.71717,546.634
0.787879,-1.67677,527.905
0.787879,-1.63636,509.503
0.787879,-1.59596,491.426
0.787879,-1.55556,473.677
0.787879,-1.51515,456.254
0.787879,-1.47475,439.157
0.787879,-1.43434,422.387
0.787879,-1.39394,405.944
0.787879,-1.35354,389.826
0.787879,-1.31313,374.036
0.787879,-1.27273,358.572
0.787879,-1.23232,343.434
0.787879,-1.19192,328.623
0.787879,-1.15152,314.138
0.787879,-1.11111,299.98
0.787879,-1.07071,286.149
0.787879,-1.0303,272.644
0.787879,-0.989899,259.465
0.787879,-0.949495,246.613
0.787879,-0.909091,234.087
0.787879,-0.868687,221.888
0.787879,-0.828283,210.015
0.787879,-0.787879,198.469
0.787879,-0.747475,187.25
0.787879,-0.707071,176.357
0.787879,-0.666667,165.79
0.787879,-0.626263,155.55
0.787879,-0.585859,145.636
0.787879,-0.545455,136.049
0.787879,-0.505051,126.788
0.787879,-0.464646,117.854
0.787879,-0.424242,109.247
0.787879,-0.383838,100.965
0.787879,-0.343434,93.0107
0.787879,-0.30303,85.3826
0.787879,-0.262626,78.0809
0.787879,-0.222222,71.1057
0.787879,-0.181818,64.457
0.787879,-0.141414,58.1349
0.787879,-0.10101,52.1392
0.787879,-0.0606061,46.47
0.787879,-0.020202,41.1273
0.787879,0.020202,36.1111
0.787879,0.0606061,31.4215
0.787879,0.10101,27.0583
0.787879,0.141414,23.0216
0.787879,0.181818,19.3114
0.787879,0.222222,15.9277
0.787879,0.262626,12.8705
0.787879,0.30303,10.1398
0.787879,0.343434,7.73556
0.787879,0.383838,5.65785
0.787879,0.424242,3.90664
0.787879,0.464646,2.48192
0.787879,0.505051,1.3837
0.787879,0.545455,0.611981
0.787879,0.585859,0.166757
0.787879,0.626263,0.048031
0.787879,0.666667,0.255802
0.787879,0.707071,0.79007
0.787879,0.747475,1.65084
0.787879,0.787879,2.8381
0.787879,0.828283,4.35186
0.787879,0.868687,6.19212
0.787879,0.909091,8.35887
0.787879,0.949495,10.8521
0.787879,0.989899,13.6719
0.787879,1.0303,16.8181
0.787879,1.07071,20.2909
0.787879,1.11111,24.0901
0.787879,1.15152,28.2158
0.787879,1.19192,32.6681
0.787879,1.23232,37.4468
0.787879,1.27273,42.552
0.787879,1.31313,47.9838
0.787879,1.35354,53.742
0.787879,1.39394,59.8267
0.787879,1.43434,66.2379
0.787879,1.47475,72.9757
0.787879,1.51515,80.0399
0.787879,1.55556,87.4306
0.787879,1.59596,95.1478
0.787879,1.63636,103.191
0.787879,1.67677,111.562
0.787879,1.71717,120.258
0.787879,1.75758,129.282
0.787879,1.79798,138.631
0.787879,1.83838,148.307
0.787879,1.87879,158.31
0.787879,1.91919,168.639
0.787879,1.9596,179.295
0.787879,2,190.277
0.828283,-2,721.517
0.828283,-1.9596,699.975
0.828283,-1.91919,678.759
0.828283,-1.87879,657.87
0.828283,-1.83838,637.307
0.828283,-1.79798,617.071
0.828283,-1.75758,597.161
0.828283,-1.71717,577.578
0.828283,-1.67677,558.321
0.828283,-1.63636,539.391
0.828283,-1.59596,520.787
0.828283,-1.55556,502.51
0.828283,-1.51515,484.559
0.828283,-1.47475,466.935
0.828283,-1.43434,449.637
0.828283,-1.39394,432.666
0.828283,-1.35354,416.021
0.828283,-1.31313,399.703
0.828283,-1.27273,383.711
0.828283,-1.23232,368.046
0.828283,-1.19192,352.707
0.828283,-1.15152,337.695
0.828283,-1.11111,323.009
0.828283,-1.07071,308.65
0.828283,-1.0303,294.617
0.828283,-0.989899,280.911
0.828283,-0.949495,267.531
0.828283,-0.909091,254.478
0.828283,-0.868687,241.751
0.828283,-0.828283,229.351
0.828283,-0.787879,217.277
0.828283,-0.747475,205.53
0.828283,-0.707071,194.109
0.828283,-0.666667,183.014
0.828283,-0.626263,172.247
0.828283,-0.585859,161.805
0.828283,-0.545455,151.69
0.828283,-0.505051,141.902
0.828283,-0.464646,132.44
0.828283,-0.424242,123.305
0.828283,-0.383838,114.496
0.828283,-0.343434,106.014
0.828283,-0.30303,97.858
0.828283,-0.262626,90.0286
0.828283,-0.222222,82.5258
0.828283,-0.181818,75.3494
0.828283,-0.141414,68.4996
0.828283,-0.10101,61.9762
0.828283,-0.0606061,55.7794
0.828283,-0.020202,49.909
0.828283,0.020202,44.3652
0.828283,0.0606061,39.1478
0.828283,0.10101,34.2569
0.828283,0.141414,29.6926
0.828283,0.181818,25.4547
0.828283,0.222222,21.5433
0.828283,0.262626,17.9585
0.828283,0.30303,14.7001
0.828283,0.343434,11.7682
0.828283,0.383838,9.16282
0.828283,0.424242,6.88394
0.828283,0.464646,4.93155
0.828283,0.505051,3.30566
0.828283,0.545455,2.00626
0.828283,0.585859,1.03337
0.828283,0.626263,0.386969
0.828283,0.666667,0.0670676
0.828283,0.707071,0.0736635
0.828283,0.747475,0.406757
0.828283,0.787879,1.06635
0.828283,0.828283,2.05244
0.828283,0.868687,3.36502
0.828283,0.909091,5.0041
0.828283,0.949495,6.96968
0.828283,0.989899,9.26176
0.828283,1.0303,11.8803
0.828283,1.07071,14.8254
0.828283,1.11111,18.097
0.828283,1.15152,21.695
0.828283,1.19192,25.6196
0.828283,1.23232,29.8707
0.828283,1.27273,34.4482
0.828283,1.31313,39.3523
0.828283,1.35354,44.5828
0.828283,1.39394,50.1399
0.828283,1.43434,56.0234
0.828283,1.47475,62.2335
0.828283,1.51515,68.77
0.828283,1.55556,75.6331
0.828283,1.59596,82.8226
0.828283,1.63636,90.3386
0.828283,1.67677,98.1812
0.828283,1.71717,106.35
0.828283,1.75758,114.846
0.828283,1.79798,123.668
0.828283,1.83838,132.816
0.828283,1.87879,142.291
0.828283,1.91919,152.093
0.828283,1.9596,162.221
0.828283,2,172.675
0.868687,-2,758.809
0.868687,-1.9596,736.712
0.868687,-1.91919,714.943
0.868687,-1.87879,693.499
0.868687,-1.83838,672.383
0.868687,-1.79798,651.592
0.868687,-1.75758,631.128
0.868687,-1.71717,610.991
0.868687,-1.67677,591.18
0.868687,-1.63636,571.696
0.868687,-1.59596,552.538
0.868687,-1.55556,533.707
0.868687,-1.51515,515.202
0.868687,-1.47475,497.024
0.868687,-1.43434,479.172
0.868687,-1.39394,461.647
0.868687,-1.35354,444.448
0.868687,-1.31313,427.576
0.868687,-1.27273,411.03
0.868687,-1.23232,394.81
0.868687,-1.19192,378.918
0.868687,-1.15152,363.351
0.868687,-1.11111,348.111
0.868687,-1.07071,333.198
0.868687,-1.0303,318.611
0.868687,-0.989899,304.351
0.868687,-0.949495,290.417
0.868687,-0.909091,276.81
0.868687,-0.868687,263.529
0.868687,-0.828283,250.574
0.868687,-0.787879,237.947
0.868687,-0.747475,225.645
0.868687,-0.707071,213.67
0.868687,-0.666667,202.022
0.868687,-0.626263,190.7
0.868687,-0.585859,179.705
0.868687,-0.545455,169.036
0.868687,-0.505051,158.693
0.868687,-0.464646,148.678
0.868687,-0.424242,138.988
0.868687,-0.383838,129.625
0.868687,-0.343434,120.589
0.868687,-0.30303,111.879
0.868687,-0.262626,103.496
0.868687,-0.222222,95.4387
0.868687,-0.181818,87.7083
0.868687,-0.141414,80.3044
0.868687,-0.10101,73.227
0.868687,-0.0606061,66.4761
0.868687,-0.020202,60.0517
0.868687,0.020202,53.9538
0.868687,0.0606061,48.1823
0.868687,0.10101,42.7374
0.868687,0.141414,37.619
0.868687,0.181818,32.8271
0.868687,0.222222,28.3616
0.868687,0.262626,24.2227
0.868687,0.30303,20.4103
0.868687,0.343434,16.9244
0.868687,0.383838,13.7649
0.868687,0.424242,10.932
0.868687,0.464646,8.42553
0.868687,0.505051,6.24558
0.868687,0.545455,4.39213
0.868687,0.585859,2.86518
0.868687,0.626263,1.66472
0.868687,0.666667,0.790767
0.868687,0.707071,0.243307
0.868687,0.747475,0.0223441
0.868687,0.787879,0.127879
0.868687,0.828283,0.55991
0.868687,0.868687,1.31844
0.868687,0.909091,2.40347
0.868687,0.949495,3.81499
0.868687,0.989899,5.55301
0.868687,1.0303,7.61753
0.868687,1.07071,10.0085
0.868687,1.11111,12.7261
0.868687,1.15152,15.7701
0.868687,1.19192,19.1406
0.868687,1.23232,22.8376
0.868687,1.27273,26.8611
0.868687,1.31313,31.2111
0.868687,1.35354,35.8876
0.868687,1.39394,40.8906
0.868687,1.43434,46.2201
0.868687,1.47475,51.8761
0.868687,1.51515,57.8585
0.868687,1.55556,64.1675
0.868687,1.59596,70.803
0.868687,1.63636,77.765
0.868687,1.67677,85.0535
0.868687,1.71717,92.6684
0.868687,1.75758,100.61
0.868687,1.79798,108.878
0.868687,1.83838,117.472
0.868687,1.87879,126.393
0.868687,1.91919,135.641
0.868687,1.9596,145.215
0.868687,2,155.115
0.909091,-2,798.888
0.909091,-1.9596,776.211
0.909091,-1.91919,753.861
0.909091,-1.87879,731.837
0.909091,-1.83838,710.14
0.909091,-1.79798,688.769
0.909091,-1.75758,667.725
0.909091,-1.71717,647.008
0.909091,-1.67677,626.616
0.909091,-1.63636,606.552
0.909091,-1.59596,586.813
0.909091,-1.55556,567.402
0.909091,-1.51515,548.316
0.909091,-1.47475,529.558
0.909091,-1.43434,511.125
0.909091,-1.39394,493.02
0.909091,-1.35354,475.24
0.909091,-1.31313,457.787
0.909091,-1.27273,440.661
0.909091,-1.23232,423.861
0.909091,-1.19192,407.388
0.909091,-1.15152,391.241
0.909091,-1.11111,375.421
0.909091,-1.07071,359.927
0.909091,-1.0303,344.76
0.909091,-0.989899,329.919
0.909091,-0.949495,315.405
0.909091,-0.909091,301.217
0.909091,-0.868687,287.356
0.909091,-0.828283,273.821
0.909091,-0.787879,260.613
0.909091,-0.747475,247.731
0.909091,-0.707071,235.176
0.909091,-0.666667,222.947
0.909091,-0.626263,211.045
0.909091,-0.585859,199.469
0.909091,-0.545455,188.219
0.909091,-0.505051,177.297
0.909091,-0.464646,166.7
0.909091,-0.424242,156.43
0.909091,-0.383838,146.487
0.909091,-0.343434,136.87
0.909091,-0.30303,127.58
0.909091,-0.262626,118.616
0.909091,-0.222222,109.979
0.909091,-0.181818,101.668
0.909091,-0.141414,93.6836
0.909091,-0.10101,86.0258
0.909091,-0.0606061,78.6945
0.909091,-0.020202,71.6896
0.909091,0.020202,65.0112
0.909091,0.0606061,58.6594
0.909091,0.10101,52.634
0.909091,0.141414,46.9352
0.909091,0.181818,41.5628
0.909091,0.222222,36.5169
0.909091,0.262626,31.7976
0.909091,0.30303,27.4047
0.909091,0.343434,23.3383
0.909091,0.383838,19.5984
0.909091,0.424242,16.1851
0.909091,0.464646,13.0982
0.909091,0.505051,10.3378
0.909091,0.545455,7.9039
0.909091,0.585859,5.79651
0.909091,0.626263,4.01561
0.909091,0.666667,2.56122
0.909091,0.707071,1.43332
0.909091,0.747475,0.631915
0.909091,0.787879,0.15701
0.909091,0.828283,0.00860175
0.909091,0.868687,0.186691
0.909091,0.909091,0.691278
0.909091,0.949495,1.52236
0.909091,0.989899,2.67994
0.909091,1.0303,4.16402
0.909091,1.07071,5.9746
0.909091,1.11111,8.11167
0.909091,1.15152,10.5752
0.909091,1.19192,13.3653
0.909091,1.23232,16.4819
0.909091,1.27273,19.9249
0.909091,1.31313,23.6945
0.909091,1.35354,27.7906
0.909091,1.39394,32.2131
0.909091,1.43434,36.9622
0.909091,1.47475,42.0377
0.909091,1.51515,47.4398
0.909091,1.55556,53.1683
0.909091,1.59596,59.2233
0.909091,1.63636,65.6049
0.909091,1.67677,72.3129
0.909091,1.71717,79.3474
0.909091,1.75758,86.7085
0.909091,1.79798,94.396
0.909091,1.83838,102.41
0.909091,1.87879,110.751
0.909091,1.91919,119.418
0.909091,1.9596,128.411
0.909091,2,137.731
0.949495,-2,841.896
0.949495,-1.9596,818.613
0.949495,-1.91919,795.656
0.949495,-1.87879,773.025
0.949495,-1.83838,750.721
0.949495,-1.79798,728.744
0.949495,-1.75758,707.093
0.949495,-1.71717,685.768
0.949495,-1.67677,664.77
0.949495,-1.63636,644.098
0.949495,-1.59596,623.753
0.949495,-1.55556,603.735
0.949495,-1.51515,584.043
0.949495,-1.47475,564.677
0.949495,-1.43434,545.638
0.949495,-1.39394,526.925
0.949495,-1.35354,508.539
0.949495,-1.31313,490.48
0.949495,-1.27273,472.747
0.949495,-1.23232,455.34
0.949495,-1.19192,438.26
0.949495,-1.15152,421.506
0.949495,-1.11111,405.079
0.949495,-1.07071,388.979
0.949495,-1.0303,373.205
0.949495,-0.989899,357.757
0.949495,-0.949495,342.636
0.949495,-0.909091,327.841
0.949495,-0.868687,313.373
0.949495,-0.828283,299.231
0.949495,-0.787879,285.416
0.949495,-0.747475,271.928
0.949495,-0.707071,258.766
0.949495,-0.666667,245.93
0.949495,-0.626263,233.421
0.949495,-0.585859,221.238
0.949495,-0.545455,209.382
0.949495,-0.505051,197.852
0.949495,-0.464646,186.649
0.949495,-0.424242,175.773
0.949495,-0.383838,165.222
0.949495,-0.343434,154.999
0.949495,-0.30303,145.102
0.949495,-0.262626,135.531
0.949495,-0.222222,126.287
0.949495,-0.181818,117.369
0.949495,-0.141414,108.778
0.949495,-0.10101,100.513
0.949495,-0.0606061,92.5752
0.949495,-0.020202,84.9635
0.949495,0.020202,77.6783
0.949495,0.0606061,70.7197
0.949495,0.10101,64.0875
0.949495,0.141414,57.7818
0.949495,0.181818,51.8026
0.949495,0.222222,46.1499
0.949495,0.262626,40.8237
0.949495,0.30303,35.824
0.949495,0.343434,31.1508
0.949495,0.383838,26.8041
0.949495,0.424242,22.7839
0.949495,0.464646,19.0902
0.949495,0.505051,15.723
0.949495,0.545455,12.6823
0.949495,0.585859,9.96807
0.949495,0.626263,7.58035
0.949495,0.666667,5.51913
0.949495,0.707071,3.78441
0.949495,0.747475,2.37618
0.949495,0.787879,1.29445
0.949495,0.828283,0.539222
0.949495,0.868687,0.110488
0.949495,0.909091,0.00825139
0.949495,0.949495,0.232512
0.949495,0.989899,0.78327
0.949495,1.0303,1.66053
0.949495,1.07071,2.86428
0.949495,1.11111,4.39453
0.949495,1.15152,6.25128
0.949495,1.19192,8.43452
0.949495,1.23232,10.9443
0.949495,1.27273,13.7805
0.949495,1.31313,16.9432
0.949495,1.35354,20.4325
0.949495,1.39394,24.2482
0.949495,1.43434,28.3904
0.949495,1.47475,32.8592
0.949495,1.51515,37.6544
0.949495,1.55556,42.7761
0.949495,1.59596,48.2243
0.949495,1.63636,53.999
0.949495,1.67677,60.1002
0.949495,1.71717,66.528
0.949495,1.75758,73.2822
0.949495,1.79798,80.3629
0.949495,1.83838,87.7701
0.949495,1.87879,95.5038
0.949495,1.91919,103.564
0.949495,1.9596,111.951
0.949495,2,120.664
0.989899,-2,887.981
0.989899,-1.9596,864.064
0.989899,-1.91919,840.474
0.989899,-1.87879,817.21
0.989899,-1.83838,794.272
0.989899,-1.79798,771.662
0.989899,-1.75758,749.377
0.989899,-1.71717,727.42
0.989899,-1.67677,705.788
0.989899,-1.63636,684.484
0.989899,-1.59596,663.505
0.989899,-1.55556,642.854
0.989899,-1.51515,622.528
0.989899,-1.47475,602.53
0.989899,-1.43434,582.857
0.989899,-1.39394,563.511
0.989899,-1.35354,544.492
0.989899,-1.31313,525.799
0.989899,-1.27273,507.433
0.989899,-1.23232,489.393
0.989899,-1.19192,471.68
0.989899,-1.15152,454.293
0.989899,-1.11111,437.233
0.989899,-1.07071,420.499
0.989899,-1.0303,404.092
0.989899,-0.989899,388.011
0.989899,-0.949495,372.257
0.989899,-0.909091,356.829
0.989899,-0.868687,341.727
0.989899,-0.828283,326.953
0.989899,-0.787879,312.504
0.989899,-0.747475,298.382
0.989899,-0.707071,284.587
0.989899,-0.666667,271.118
0.989899,-0.626263,257.976
0.989899,-0.585859,245.16
0.989899,-0.545455,232.671
0.989899,-0.505051,220.508
0.989899,-0.464646,208.672
0.989899,-0.424242,197.162
0.989899,-0.383838,185.978
0.989899,-0.343434,175.121
0.989899,-0.30303,164.591
0.989899,-0.262626,154.387
0.989899,-0.222222,144.51
0.989899,-0.181818,134.959
0.989899,-0.141414,125.735
0.989899,-0.10101,116.837
0.989899,-0.0606061,108.265
0.989899,-0.020202,100.021
0.989899,0.020202,92.1021
0.989899,0.0606061,84.5102
0.989899,0.10101,77.2448
0.989899,0.141414,70.306
0.989899,0.181818,63.6936
0.989899,0.222222,57.4077
0.989899,0.262626,51.4483
0.989899,0.30303,45.8154
0.989899,0.343434,40.509
0.989899,0.383838,35.529
0.989899,0.424242,30.8756
0.989899,0.464646,26.5487
0.989899,0.505051,22.5483
0.989899,0.545455,18.8744
0.989899,0.585859,15.527
0.989899,0.626263,12.506
0.989899,0.666667,9.81161
0.989899,0.707071,7.44368
0.989899,0.747475,5.40225
0.989899,0.787879,3.68732
0.989899,0.828283,2.29888
0.989899,0.868687,1.23694
0.989899,0.909091,0.501495
0.989899,0.949495,0.0925488
0.989899,0.989899,0.0101
0.989899,1.0303,0.254148
0.989899,1.07071,0.824694
0.989899,1.11111,1.72174
0.989899,1.15152,2.94528
0.989899,1.19192,4.49532
0.989899,1.23232,6.37185
0.989899,1.27273,8.57488
0.989899,1.31313,11.1044
0.989899,1.35354,13.9604
0.989899,1.39394,17.143
0.989899,1.43434,20.652
0.989899,1.47475,24.4875
0.989899,1.51515,28.6495
0.989899,1.55556,33.138
0.989899,1.59596,37.953
0.989899,1.63636,43.0946
0.989899,1.67677,48.5626
0.989899,1.71717,54.3571
0.989899,1.75758,60.4781
0.989899,1.79798,66.9256
0.989899,1.83838,73.6996
0.989899,1.87879,80.8
0.989899,1.91919,88.227
0.989899,1.9596,95.9805
0.989899,2,104.061
1.0303,-2,937.294
1.0303,-1.9596,912.718
1.0303,-1.91919,888.468
1.0303,-1.87879,864.545
1.0303,-1.83838,840.948
1.0303,-1.79798,817.677
1.0303,-1.75758,794.733
1.0303,-1.71717,772.116
1.0303,-1.67677,749.825
1.0303,-1.63636,727.861
1.0303,-1.59596,706.223
1.0303,-1.55556,684.912
1.0303,-1.51515,663.927
1.0303,-1.47475,643.268
1.0303,-1.43434,622.937
1.0303,-1.39394,602.931
1.0303,-1.35354,583.252
1.0303,-1.31313,563.9
1.0303,-1.27273,544.874
1.0303,-1.23232,526.175
1.0303,-1.19192,507.802
1.0303,-1.15152,489.755
1.0303,-1.11111,472.035
1.0303,-1.07071,454.642
1.0303,-1.0303,437.575
1.0303,-0.989899,420.835
1.0303,-0.949495,404.421
1.0303,-0.909091,388.333
1.0303,-0.868687,372.572
1.0303,-0.828283,357.138
1.0303,-0.787879,342.03
1.0303,-0.747475,327.249
1.0303,-0.707071,312.794
1.0303,-0.666667,298.665
1.0303,-0.626263,284.863
1.0303,-0.585859,271.388
1.0303,-0.545455,258.239
1.0303,-0.505051,245.417
1.0303,-0.464646,232.921
1.0303,-0.424242,220.751
1.0303,-0.383838,208.908
1.0303,-0.343434,197.392
1.0303,-0.30303,186.202
1.0303,-0.262626,175.338
1.0303,-0.222222,164.801
1.0303,-0.181818,154.591
1.0303,-0.141414,144.707
1.0303,-0.10101,135.15
1.0303,-0.0606061,125.919
1.0303,-0.020202,117.014
1.0303,0.020202,108.436
1.0303,0.0606061,100.185
1.0303,0.10101,92.2597
1.0303,0.141414,84.6612
1.0303,0.181818,77.3892
1.0303,0.222222,70.4437
1.0303,0.262626,63.8247
1.0303,0.30303,57.5322
1.0303,0.343434,51.5662
1.0303,0.383838,45.9267
1.0303,0.424242,40.6137
1.0303,0.464646,35.6272
1.0303,0.505051,30.9672
1.0303,0.545455,26.6337
1.0303,0.585859,22.6267
1.0303,0.626263,18.9462
1.0303,0.666667,15.5922
1.0303,0.707071,12.5647
1.0303,0.747475,9.86363
1.0303,0.787879,7.48911
1.0303,0.828283,5.44108
1.0303,0.868687,3.71955
1.0303,0.909091,2.32451
1.0303,0.949495,1.25598
1.0303,0.989899,0.513937
1.0303,1.0303,0.0983953
1.0303,1.07071,0.00935054
1.0303,1.11111,0.246803
1.0303,1.15152,0.810753
1.0303,1.19192,1.7012
1.0303,1.23232,2.91814
1.0303,1.27273,4.46159
1.0303,1.31313,6.33153
1.0303,1.35354,8.52796
1.0303,1.39394,11.0509
1.0303,1.43434,13.9003
1.0303,1.47475,17.0763
1.0303,1.51515,20.5787
1.0303,1.55556,24.4076
1.0303,1.59596,28.563
1.0303,1.63636,33.0449
1.0303,1.67677,37.8534
1.0303,1.71717,42.9883
1.0303,1.75758,48.4497
1.0303,1.79798,54.2376
1.0303,1.83838,60.352
1.0303,1.87879,66.7929
1.0303,1.91919,73.5603
1.0303,1.9596,80.6542
1.0303,2,88.0746
1.07071,-2,989.997
1.07071,-1.9596,964.735
1.07071,-1.91919,939.799
1.07071,-1.87879,915.189
1.07071,-1.83838,890.907
1.07071,-1.79798,866.95
1.07071,-1.75758,843.32
1.07071,-1.71717,820.017
1.07071,-1.67677,797.04
1.07071,-1.63636,774.39
1.07071,-1.59596,752.066
1.07071,-1.55556,730.069
1.07071,-1.51515,708.398
1.07071,-1.47475,687.054
1.07071,-1.43434,666.036
1.07071,-1.39394,645.344
1.07071,-1.35354,624.979
1.07071,-1.31313,604.941
1.07071,-1.27273,585.229
1.07071,-1.23232,565.844
1.07071,-1.19192,546.785
1.07071,-1.15152,528.053
1.07071,-1.11111,509.647
1.07071,-1.07071,491.567
1.07071,-1.0303,473.815
1.07071,-0.989899,456.388
1.07071,-0.949495,439.288
1.07071,-0.909091,422.515
1.07071,-0.868687,406.068
1.07071,-0.828283,389.948
1.07071,-0.787879,374.154
1.07071,-0.747475,358.686
1.07071,-0.707071,343.545
1.07071,-0.666667,328.731
1.07071,-0.626263,314.243
1.07071,-0.585859,300.082
1.07071,-0.545455,286.247
1.07071,-0.505051,272.738
1.07071,-0.464646,259.556
1.07071,-0.424242,246.701
1.07071,-0.383838,234.172
1.07071,-0.343434,221.97
1.07071,-0.30303,210.094
1.07071,-0.262626,198.544
1.07071,-0.222222,187.321
1.07071,-0.181818,176.425
1.07071,-0.141414,165.855
1.07071,-0.10101,155.612
1.07071,-0.0606061,145.695
1.07071,-0.020202,136.104
1.07071,0.020202,126.84
1.07071,0.0606061,117.903
1.07071,0.10101,109.292
1.07071,0.141414,101.007
1.07071,0.181818,93.0494
1.07071,0.222222,85.418
1.07071,0.262626,78.113
1.07071,0.30303,71.1345
1.07071,0.343434,64.4826
1.07071,0.383838,58.1571
1.07071,0.424242,52.1581
1.07071,0.464646,46.4856
1.07071,0.505051,41.1397
1.07071,0.545455,36.1202
1.07071,0.585859,31.4272
1.07071,0.626263,27.0607
1.07071,0.666667,23.0207
1.07071,0.707071,19.3072
1.07071,0.747475,15.9202
1.07071,0.787879,12.8597
1.07071,0.828283,10.1257
1.07071,0.868687,7.71821
1.07071,0.909091,5.63721
1.07071,0.949495,3.8827
1.07071,0.989899,2.45468
1.07071,1.0303,1.35317
1.07071,1.07071,0.578148
1.07071,1.11111,0.129626
1.07071,1.15152,0.00760204
1.07071,1.19192,0.212075
1.07071,1.23232,0.743045
1.07071,1.27273,1.60051
1.07071,1.31313,2.78448
1.07071,1.35354,4.29494
1.07071,1.39394,6.1319
1.07071,1.43434,8.29536
1.07071,1.47475,10.7853
1.07071,1.51515,13.6018
1.07071,1.55556,16.7447
1.07071,1.59596,20.2142
1.07071,1.63636,24.0101
1.07071,1.67677,28.1325
1.07071,1.71717,32.5815
1.07071,1.75758,37.3569
1.07071,1.79798,42.4588
1.07071,1.83838,47.8873
1.07071,1.87879,53.6422
1.07071,1.91919,59.7236
1.07071,1.9596,66.1315
1.07071,2,72.866
1.11111,-2,1046.26
1.11111,-1.9596,1020.28
1.11111,-1.91919,994.632
1.11111,-1.87879,969.311
1.11111,-1.83838,944.316
1.11111,-1.79798,919.647
1.11111,-1.75758,895.305
1.11111,-1.71717,871.289
1.11111,-1.67677,847.6
1.11111,-1.63636,824.237
1.11111,-1.59596,801.201
1.11111,-1.55556,778.491
1.11111,-1.51515,756.108
1.11111,-1.47475,734.051
1.11111,-1.43434,712.321
1.11111,-1.39394,690.917
1.11111,-1.35354,669.84
1.11111,-1.31313,649.089
1.11111,-1.27273,628.665
1.11111,-1.23232,608.568
1.11111,-1.19192,588.796
1.11111,-1.15152,569.352
1.11111,-1.11111,550.233
1.11111,-1.07071,531.442
1.11111,-1.0303,512.976
1.11111,-0.989899,494.838
1.11111,-0.949495,477.025
1.11111,-0.909091,459.54
1.11111,-0.868687,442.38
1.11111,-0.828283,425.548
1.11111,-0.787879,409.041
1.11111,-0.747475,392.862
1.11111,-0.707071,377.008
1.11111,-0.666667,361.482
1.11111,-0.626263,346.281
1.11111,-0.585859,331.408
1.11111,-0.545455,316.86
1.11111,-0.505051,302.64
1.11111,-0.464646,288.745
1.11111,-0.424242,275.178
1.11111,-0.383838,261.936
1.11111,-0.343434,249.021
1.11111,-0.30303,236.433
1.11111,-0.262626,224.171
1.11111,-0.222222,212.236
1.11111,-0.181818,200.627
1.11111,-0.141414,189.345
1.11111,-0.10101,178.389
1.11111,-0.0606061,167.76
1.11111,-0.020202,157.457
1.11111,0.020202,147.481
1.11111,0.0606061,137.831
1.11111,0.10101,128.508
1.11111,0.141414,119.511
1.11111,0.181818,110.841
1.11111,0.222222,102.497
1.11111,0.262626,94.4794
1.11111,0.30303,86.7886
1.11111,0.343434,79.4242
1.11111,0.383838,72.3864
1.11111,0.424242,65.6751
1.11111,0.464646,59.2902
1.11111,0.505051,53.2319
1.11111,0.545455,47.5001
1.11111,0.585859,42.0947
1.11111,0.626263,37.0159
1.11111,0.666667,32.2635
1.11111,0.707071,27.8377
1.11111,0.747475,23.7383
1.11111,0.787879,19.9655
1.11111,0.828283,16.5191
1.11111,0.868687,13.3992
1.11111,0.909091,10.6059
1.11111,0.949495,8.139
1.11111,0.989899,5.99863
1.11111,1.0303,4.18476
1.11111,1.07071,2.69738
1.11111,1.11111,1.5365
1.11111,1.15152,0.702122
1.11111,1.19192,0.194237
1.11111,1.23232,0.0128495
1.11111,1.27273,0.157959
1.11111,1.31313,0.629567
1.11111,1.35354,1.42767
1.11111,1.39394,2.55227
1.11111,1.43434,4.00337
1.11111,1.47475,5.78097
1.11111,1.51515,7.88506
1.11111,1.55556,10.3157
1.11111,1.59596,13.0727
1.11111,1.63636,16.1563
1.11111,1.67677,19.5664
1.11111,1.71717,23.303
1.11111,1.75758,27.3661
1.11111,1.79798,31.7556
1.11111,1.83838,36.4717
1.11111,1.87879,41.5143
1.11111,1.91919,46.8834
1.11111,1.9596,52.5789
1.11111,2,58.601
1.15152,-2,1106.24
1.15152,-1.9596,1079.53
1.15152,-1.91919,1053.14
1.15152,-1.87879,1027.08
1.15152,-1.83838,1001.35
1.15152,-1.79798,975.94
1.15152,-1.75758,950.859
1.15152,-1.71717,926.105
1.15152,-1.67677,901.677
1.15152,-1.63636,877.575
1.15152,-1.59596,853.8
1.15152,-1.55556,830.352
1.15152,-1.51515,807.23
1.15152,-1.47475,784.434
1.15152,-1.43434,761.965
1.15152,-1.39394,739.823
1.15152,-1.35354,718.007
1.15152,-1.31313,696.518
1.15152,-1.27273,675.355
1.15152,-1.23232,654.518
1.15152,-1.19192,634.008
1.15152,-1.15152,613.825
1.15152,-1.11111,593.968
1.15152,-1.07071,574.437
1.15152,-1.0303,555.233
1.15152,-0.989899,536.356
1.15152,-0.949495,517.805
1.15152,-0.909091,499.58
1.15152,-0.868687,481.682
1.15152,-0.828283,464.111
1.15152,-0.787879,446.866
1.15152,-0.747475,429.947
1.15152,-0.707071,413.355
1.15152,-0.666667,397.09
1.15152,-0.626263,381.151
1.15152,-0.585859,365.538
1.15152,-0.545455,350.252
1.15152,-0.505051,335.293
1.15152,-0.464646,320.66
1.15152,-0.424242,306.353
1.15152,-0.383838,292.373
1.15152,-0.343434,278.72
1.15152,-0.30303,265.393
1.15152,-0.262626,252.392
1.15152,-0.222222,239.718
1.15152,-0.181818,227.371
1.15152,-0.141414,215.35
1.15152,-0.10101,203.655
1.15152,-0.0606061,192.287
1.15152,-0.020202,181.245
1.15152,0.020202,170.53
1.15152,0.0606061,160.142
1.15152,0.10101,150.08
1.15152,0.141414,140.344
1.15152,0.181818,130.935
1.15152,0.222222,121.853
1.15152,0.262626,113.097
1.15152,0.30303,104.667
1.15152,0.343434,96.564
1.15152,0.383838,88.7874
1.15152,0.424242,81.3373
1.15152,0.464646,74.2137
1.15152,0.505051,67.4167
1.15152,0.545455,60.9461
1.15152,0.585859,54.802
1.15152,0.626263,48.9844
1.15152,0.666667,43.4933
1.15152,0.707071,38.3287
1.15152,0.747475,33.4906
1.15152,0.787879,28.979
1.15152,0.828283,24.7939
1.15152,0.868687,20.9353
1.15152,0.909091,17.4032
1.15152,0.949495,14.1976
1.15152,0.989899,11.3185
1.15152,1.0303,8.76587
1.15152,1.07071,6.53975
1.15152,1.11111,4.64013
1.15152,1.15152,3.067
1.15152,1.19192,1.82038
1.15152,1.23232,0.90025
1.15152,1.27273,0.306618
1.15152,1.31313,0.0394841
1.15152,1.35354,0.0988472
1.15152,1.39394,0.484708
1.15152,1.43434,1.19707
1.15152,1.47475,2.23592
1.15152,1.51515,3.60127
1.15152,1.55556,5.29312
1.15152,1.59596,7.31147
1.15152,1.63636,9.65631
1.15152,1.67677,12.3277
1.15152,1.71717,15.3255
1.15152,1.75758,18.6498
1.15152,1.79798,22.3007
1.15152,1.83838,26.278
1.15152,1.87879,30.5818
1.15152,1.91919,35.2121
1.15152,1.9596,40.169
1.15152,2,45.4523
1.19192,-2,1170.14
1.19192,-1.9596,1142.66
1.19192,-1.91919,1115.51
1.19192,-1.87879,1088.68
1.19192,-1.83838,1062.18
1.19192,-1.79798,1036.01
1.19192,-1.75758,1010.16
1.19192,-1.71717,984.643
1.19192,-1.67677,959.45
1.19192,-1.63636,934.583
1.19192,-1.59596,910.043
1.19192,-1.55556,885.829
1.19192,-1.51515,861.942
1.19192,-1.47475,838.382
1.19192,-1.43434,815.148
1.19192,-1.39394,792.24
1.19192,-1.35354,769.659
1.19192,-1.31313,747.405
1.19192,-1.27273,725.476
1.19192,-1.23232,703.875
1.19192,-1.19192,682.6
1.19192,-1.15152,661.651
1.19192,-1.11111,641.029
1.19192,-1.07071,620.733
1.19192,-1.0303,600.764
1.19192,-0.989899,581.122
1.19192,-0.949495,561.806
1.19192,-0.909091,542.816
1.19192,-0.868687,524.153
1.19192,-0.828283,505.816
1.19192,-0.787879,487.806
1.19192,-0.747475,470.123
1.19192,-0.707071,452.765
1.19192,-0.666667,435.735
1.19192,-0.626263,419.031
1.19192,-0.585859,402.653
1.19192,-0.545455,386.602
1.19192,-0.505051,370.877
1.19192,-0.464646,355.479
1.19192,-0.424242,340.408
1.19192,-0.383838,325.662
1.19192,-0.343434,311.244
1.19192,-0.30303,297.152
1.19192,-0.262626,283.386
1.19192,-0.222222,269.947
1.19192,-0.181818,256.834
1.19192,-0.141414,244.048
1.19192,-0.10101,231.588
1.19192,-0.0606061,219.455
1.19192,-0.020202,207.648
1.19192,0.020202,196.168
1.19192,0.0606061,185.015
1.19192,0.10101,174.187
1.19192,0.141414,163.687
1.19192,0.181818,153.513
1.19192,0.222222,143.665
1.19192,0.262626,134.144
1.19192,0.30303,124.949
1.19192,0.343434,116.081
1.19192,0.383838,107.539
1.19192,0.424242,99.3239
1.19192,0.464646,91.4352
1.19192,0.505051,83.873
1.19192,0.545455,76.6373
1.19192,0.585859,69.7281
1.19192,0.626263,63.1454
1.19192,0.666667,56.8891
1.19192,0.707071,50.9594
1.19192,0.747475,45.3562
1.19192,0.787879,40.0795
1.19192,0.828283,35.1293
1.19192,0.868687,30.5055
1.19192,0.909091,26.2083
1.19192,0.949495,22.2376
1.19192,0.989899,18.5933
1.19192,1.0303,15.2756
1.19192,1.07071,12.2843
1.19192,1.11111,9.61959
1.19192,1.15152,7.28134
1.19192,1.19192,5.26959
1.19192,1.23232,3.58433
1.19192,1.27273,2.22558
1.19192,1.31313,1.19332
1.19192,1.35354,0.487557
1.19192,1.39394,0.108293
1.19192,1.43434,0.0555255
1.19192,1.47475,0.329256
1.19192,1.51515,0.929483
1.19192,1.55556,1.85621
1.19192,1.59596,3.10943
1.19192,1.63636,4.68915
1.19192,1.67677,6.59537
1.19192,1.71717,8.82808
1.19192,1.75758,11.3873
1.19192,1.79798,14.273
1.19192,1.83838,17.4852
1.19192,1.87879,21.0239
1.19192,1.91919,24.8891
1.19192,1.9596,29.0808
1.19192,2,33.599
1.23232,-2,1238.12
1.23232,-1.9596,1209.85
1.23232,-1.91919,1181.91
1.23232,-1.87879,1154.29
1.23232,-1.83838,1127
1.23232,-1.79798,1100.04
1.23232,-1.75758,1073.4
1.23232,-1.71717,1047.09
1.23232,-1.67677,1021.1
1.23232,-1.63636,995.446
1.23232,-1.59596,970.115
1.23232,-1.55556,945.11
1.23232,-1.51515,920.431
1.23232,-1.47475,896.079
1.23232,-1.43434,872.054
1.23232,-1.39394,848.355
1.23232,-1.35354,824.982
1.23232,-1.31313,801.936
1.23232,-1.27273,779.216
1.23232,-1.23232,756.823
1.23232,-1.19192,734.757
1.23232,-1.15152,713.016
1.23232,-1.11111,691.603
1.23232,-1.07071,670.516
1.23232,-1.0303,649.755
1.23232,-0.989899,629.321
1.23232,-0.949495,609.213
1.23232,-0.909091,589.432
1.23232,-0.868687,569.978
1.23232,-0.828283,550.85
1.23232,-0.787879,532.048
1.23232,-0.747475,513.573
1.23232,-0.707071,495.424
1.23232,-0.666667,477.602
1.23232,-0.626263,460.106
1.23232,-0.585859,442.937
1.23232,-0.545455,426.095
1.23232,-0.505051,409.578
1.23232,-0.464646,393.389
1.23232,-0.424242,377.526
1.23232,-0.383838,361.989
1.23232,-0.343434,346.779
1.23232,-0.30303,331.895
1.23232,-0.262626,317.338
1.23232,-0.222222,303.107
1.23232,-0.181818,289.203
1.23232,-0.141414,275.625
1.23232,-0.10101,262.374
1.23232,-0.0606061,249.45
1.23232,-0.020202,236.851
1.23232,0.020202,224.58
1.23232,0.0606061,212.635
1.23232,0.10101,201.016
1.23232,0.141414,189.724
1.23232,0.181818,178.758
1.23232,0.222222,168.119
1.23232,0.262626,157.806
1.23232,0.30303,147.82
1.23232,0.343434,138.16
1.23232,0.383838,128.827
1.23232,0.424242,119.82
1.23232,0.464646,111.14
1.23232,0.505051,102.786
1.23232,0.545455,94.7592
1.23232,0.585859,87.0585
1.23232,0.626263,79.6842
1.23232,0.666667,72.6365
1.23232,0.707071,65.9153
1.23232,0.747475,59.5206
1.23232,0.787879,53.4523
1.23232,0.828283,47.7106
1.23232,0.868687,42.2954
1.23232,0.909091,37.2066
1.23232,0.949495,32.4444
1.23232,0.989899,28.0086
1.23232,1.0303,23.8994
1.23232,1.07071,20.1166
1.23232,1.11111,16.6604
1.23232,1.15152,13.5306
1.23232,1.19192,10.7274
1.23232,1.23232,8.25059
1.23232,1.27273,6.10032
1.23232,1.31313,4.27656
1.23232,1.35354,2.77929
1.23232,1.39394,1.60851
1.23232,1.43434,0.764237
1.23232,1.47475,0.246459
1.23232,1.51515,0.0551775
1.23232,1.55556,0.190394
1.23232,1.59596,0.652107
1.23232,1.63636,1.44032
1.23232,1.67677,2.55503
1.23232,1.71717,3.99623
1.23232,1.75758,5.76393
1.23232,1.79798,7.85813
1.23232,1.83838,10.2788
1.23232,1.87879,13.026
1.23232,1.91919,16.0997
1.23232,1.9596,19.4999
1.23232,2,23.2266
1.27273,-2,1310.39
1.27273,-1.9596,1281.31
1.27273,-1.91919,1252.55
1.27273,-1.87879,1224.11
1.27273,-1.83838,1196
1.27273,-1.79798,1168.22
1.27273,-1.75758,1140.76
1.27273,-1.71717,1113.64
1.27273,-1.67677,1086.83
1.27273,-1.63636,1060.36
1.27273,-1.59596,1034.21
1.27273,-1.55556,1008.38
1.27273,-1.51515,982.888
1.27273,-1.47475,957.718
1.27273,-1.43434,932.875
1.27273,-1.39394,908.358
1.27273,-1.35354,884.167
1.27273,-1.31313,860.303
1.27273,-1.27273,836.766
1.27273,-1.23232,813.555
1.27273,-1.19192,790.67
1.27273,-1.15152,768.112
1.27273,-1.11111,745.881
1.27273,-1.07071,723.976
1.27273,-1.0303,702.397
1.27273,-0.989899,681.145
1.27273,-0.949495,660.22
1.27273,-0.909091,639.621
1.27273,-0.868687,619.348
1.27273,-0.828283,599.402
1.27273,-0.787879,579.783
1.27273,-0.747475,560.49
1.27273,-0.707071,541.523
1.27273,-0.666667,522.883
1.27273,-0.626263,504.57
1.27273,-0.585859,486.583
1.27273,-0.545455,468.922
1.27273,-0.505051,451.588
1.27273,-0.464646,434.581
1.27273,-0.424242,417.9
1.27273,-0.383838,401.545
1.27273,-0.343434,385.517
1.27273,-0.30303,369.815
1.27273,-0.262626,354.44
1.27273,-0.222222,339.392
1.27273,-0.181818,324.67
1.27273,-0.141414,310.274
1.27273,-0.10101,296.205
1.27273,-0.0606061,282.462
1.27273,-0.020202,269.046
1.27273,0.020202,255.957
1.27273,0.0606061,243.194
1.27273,0.10101,230.757
1.27273,0.141414,218.647
1.27273,0.181818,206.864
1.27273,0.222222,195.406
1.27273,0.262626,184.276
1.27273,0.30303,173.472
1.27273,0.343434,162.994
1.27273,0.383838,152.843
1.27273,0.424242,143.018
1.27273,0.464646,133.52
1.27273,0.505051,124.349
1.27273,0.545455,115.504
1.27273,0.585859,106.985
1.27273,0.626263,98.7929
1.27273,0.666667,90.9273
1.27273,0.707071,83.3882
1.27273,0.747475,76.1756
1.27273,0.787879,69.2894
1.27273,0.828283,62.7298
1.27273,0.868687,56.4967
1.27273,0.909091,50.5901
1.27273,0.949495,45.0099
1.27273,0.989899,39.7563
1.27273,1.0303,34.8291
1.27273,1.07071,30.2285
1.27273,1.11111,25.9544
1.27273,1.15152,22.0067
1.27273,1.19192,18.3855
1.27273,1.23232,15.0909
1.27273,1.27273,12.1227
1.27273,1.31313,9.48108
1.27273,1.35354,7.16591
1.27273,1.39394,5.17725
1.27273,1.43434,3.51508
1.27273,1.47475,2.17941
1.27273,1.51515,1.17024
1.27273,1.55556,0.487561
1.27273,1.59596,0.131382
1.27273,1.63636,0.101701
1.27273,1.67677,0.398516
1.27273,1.71717,1.02183
1.27273,1.75758,1.97164
1.27273,1.79798,3.24795
1.27273,1.83838,4.85075
1.27273,1.87879,6.78005
1.27273,1.91919,9.03585
1.27273,1.9596,11.6182
1.27273,2,14.5269
1.31313,-2,1387.15
1.31313,-1.9596,1357.22
1.31313,-1.91919,1327.61
1.31313,-1.87879,1298.33
1.31313,-1.83838,1269.38
1.31313,-1.79798,1240.75
1.31313,-1.75758,1212.45
1.31313,-1.71717,1184.48
1.31313,-1.67677,1156.83
1.31313,-1.63636,1129.51
1.31313,-1.59596,1102.52
1.31313,-1.55556,1075.85
1.31313,-1.51515,1049.51
1.31313,-1.47475,1023.5
1.31313,-1.43434,997.81
1.31313,-1.39394,972.448
1.31313,-1.35354,947.414
1.31313,-1.31313,922.705
1.31313,-1.27273,898.324
1.31313,-1.23232,874.268
1.31313,-1.19192,850.54
1.31313,-1.15152,827.137
1.31313,-1.11111,804.062
1.31313,-1.07071,781.312
1.31313,-1.0303,758.889
1.31313,-0.989899,736.793
1.31313,-0.949495,715.023
1.31313,-0.909091,693.58
1.31313,-0.868687,672.463
1.31313,-0.828283,651.673
1.31313,-0.787879,631.209
1.31313,-0.747475,611.072
1.31313,-0.707071,591.261
1.31313,-0.666667,571.777
1.31313,-0.626263,552.619
1.31313,-0.585859,533.788
1.31313,-0.545455,515.283
1.31313,-0.505051,497.105
1.31313,-0.464646,479.253
1.31313,-0.424242,461.727
1.31313,-0.383838,444.529
1.31313,-0.343434,427.656
1.31313,-0.30303,411.11
1.31313,-0.262626,394.891
1.31313,-0.222222,378.998
1.31313,-0.181818,363.432
1.31313,-0.141414,348.192
1.31313,-0.10101,333.279
1.31313,-0.0606061,318.692
1.31313,-0.020202,304.432
1.31313,0.020202,290.498
1.31313,0.0606061,276.89
1.31313,0.10101,263.61
1.31313,0.141414,250.655
1.31313,0.181818,238.027
1.31313,0.222222,225.726
1.31313,0.262626,213.751
1.31313,0.30303,202.103
1.31313,0.343434,190.781
1.31313,0.383838,179.785
1.31313,0.424242,169.117
1.31313,0.464646,158.774
1.31313,0.505051,148.758
1.31313,0.545455,139.069
1.31313,0.585859,129.706
1.31313,0.626263,120.67
1.31313,0.666667,111.96
1.31313,0.707071,103.576
1.31313,0.747475,95.5195
1.31313,0.787879,87.7891
1.31313,0.828283,80.3852
1.31313,0.868687,73.3078
1.31313,0.909091,66.5569
1.31313,0.949495,60.1325
1.31313,0.989899,54.0346
1.31313,1.0303,48.2632
1.31313,1.07071,42.8182
1.31313,1.11111,37.6998
1.31313,1.15152,32.9079
1.31313,1.19192,28.4425
1.31313,1.23232,24.3035
1.31313,1.27273,20.4911
1.31313,1.31313,17.0052
1.31313,1.35354,13.8457
1.31313,1.39394,11.0128
1.31313,1.43434,8.50634
1.31313,1.47475,6.32639
1.31313,1.51515,4.47294
1.31313,1.55556,2.94599
1.31313,1.59596,1.74553
1.31313,1.63636,0.871575
1.31313,1.67677,0.324115
1.31313,1.71717,0.103152
1.31313,1.75758,0.208687
1.31313,1.79798,0.640718
1.31313,1.83838,1.39925
1.31313,1.87879,2.48427
1.31313,1.91919,3.8958
1.31313,1.9596,5.63382
1.31313,2,7.69834
1.35354,-2,1468.59
1.35354,-1.9596,1437.79
1.35354,-1.91919,1407.31
1.35354,-1.87879,1377.16
1.35354,-1.83838,1347.34
1.35354,-1.79798,1317.84
1.35354,-1.75758,1288.67
1.35354,-1.71717,1259.83
1.35354,-1.67677,1231.31
1.35354,-1.63636,1203.12
1.35354,-1.59596,1175.26
1.35354,-1.55556,1147.72
1.35354,-1.51515,1120.51
1.35354,-1.47475,1093.62
1.35354,-1.43434,1067.06
1.35354,-1.39394,1040.83
1.35354,-1.35354,1014.93
1.35354,-1.31313,989.347
1.35354,-1.27273,964.094
1.35354,-1.23232,939.168
1.35354,-1.19192,914.569
1.35354,-1.15152,890.296
1.35354,-1.11111,866.349
1.35354,-1.07071,842.729
1.35354,-1.0303,819.436
1.35354,-0.989899,796.469
1.35354,-0.949495,773.829
1.35354,-0.909091,751.515
1.35354,-0.868687,729.527
1.35354,-0.828283,707.866
1.35354,-0.787879,686.532
1.35354,-0.747475,665.524
1.35354,-0.707071,644.842
1.35354,-0.666667,624.487
1.35354,-0.626263,604.459
1.35354,-0.585859,584.757
1.35354,-0.545455,565.382
1.35354,-0.505051,546.333
1.35354,-0.464646,527.61
1.35354,-0.424242,509.214
1.35354,-0.383838,491.145
1.35354,-0.343434,473.402
1.35354,-0.30303,455.985
1.35354,-0.262626,438.895
1.35354,-0.222222,422.132
1.35354,-0.181818,405.695
1.35354,-0.141414,389.584
1.35354,-0.10101,373.8
1.35354,-0.0606061,358.343
1.35354,-0.020202,343.212
1.35354,0.020202,328.407
1.35354,0.0606061,313.929
1.35354,0.10101,299.778
1.35354,0.141414,285.953
1.35354,0.181818,272.454
1.35354,0.222222,259.282
1.35354,0.262626,246.437
1.35354,0.30303,233.918
1.35354,0.343434,221.725
1.35354,0.383838,209.859
1.35354,0.424242,198.319
1.35354,0.464646,187.106
1.35354,0.505051,176.22
1.35354,0.545455,165.66
1.35354,0.585859,155.426
1.35354,0.626263,145.519
1.35354,0.666667,135.939
1.35354,0.707071,126.685
1.35354,0.747475,117.757
1.35354,0.787879,109.156
1.35354,0.828283,100.881
1.35354,0.868687,92.9334
1.35354,0.909091,85.3118
1.35354,0.949495,78.0167
1.35354,0.989899,71.0482
1.35354,1.0303,64.4061
1.35354,1.07071,58.0905
1.35354,1.11111,52.1014
1.35354,1.15152,46.4388
1.35354,1.19192,41.1028
1.35354,1.23232,36.0932
1.35354,1.27273,31.4101
1.35354,1.31313,27.0535
1.35354,1.35354,23.0234
1.35354,1.39394,19.3198
1.35354,1.43434,15.9427
1.35354,1.47475,12.8921
1.35354,1.51515,10.168
1.35354,1.55556,7.77034
1.35354,1.59596,5.69923
1.35354,1.63636,3.95461
1.35354,1.67677,2.53649
1.35354,1.71717,1.44487
1.35354,1.75758,0.679747
1.35354,1.79798,0.241119
1.35354,1.83838,0.128989
1.35354,1.87879,0.343356
1.35354,1.91919,0.88422
1.35354,1.9596,1.75158
1.35354,2,2.94544
1.39394,-2,1554.93
1.39394,-1.9596,1523.23
1.39394,-1.91919,1491.86
1.39394,-1.87879,1460.81
1.39394,-1.83838,1430.09
1.39394,-1.79798,1399.7
1.39394,-1.75758,1369.63
1.39394,-1.71717,1339.89
1.39394,-1.67677,1310.48
1.39394,-1.63636,1281.39
1.39394,-1.59596,1252.63
1.39394,-1.55556,1224.19
1.39394,-1.51515,1196.08
1.39394,-1.47475,1168.3
1.39394,-1.43434,1140.85
1.39394,-1.39394,1113.72
1.39394,-1.35354,1086.91
1.39394,-1.31313,1060.44
1.39394,-1.27273,1034.29
1.39394,-1.23232,1008.47
1.39394,-1.19192,982.969
1.39394,-1.15152,957.799
1.39394,-1.11111,932.956
1.39394,-1.07071,908.439
1.39394,-1.0303,884.248
1.39394,-0.989899,860.384
1.39394,-0.949495,836.847
1.39394,-0.909091,813.636
1.39394,-0.868687,790.751
1.39394,-0.828283,768.193
1.39394,-0.787879,745.962
1.39394,-0.747475,724.057
1.39394,-0.707071,702.478
1.39394,-0.666667,681.226
1.39394,-0.626263,660.301
1.39394,-0.585859,639.702
1.39394,-0.545455,619.429
1.39394,-0.505051,599.483
1.39394,-0.464646,579.864
1.39394,-0.424242,560.571
1.39394,-0.383838,541.604
1.39394,-0.343434,522.964
1.39394,-0.30303,504.651
1.39394,-0.262626,486.663
1.39394,-0.222222,469.003
1.39394,-0.181818,451.669
1.39394,-0.141414,434.661
1.39394,-0.10101,417.98
1.39394,-0.0606061,401.626
1.39394,-0.020202,385.598
1.39394,0.020202,369.896
1.39394,0.0606061,354.521
1.39394,0.10101,339.473
1.39394,0.141414,324.751
1.39394,0.181818,310.355
1.39394,0.222222,296.286
1.39394,0.262626,282.543
1.39394,0.30303,269.127
1.39394,0.343434,256.038
1.39394,0.383838,243.275
1.39394,0.424242,230.838
1.39394,0.464646,218.728
1.39394,0.505051,206.944
1.39394,0.545455,195.487
1.39394,0.585859,184.357
1.39394,0.626263,173.553
1.39394,0.666667,163.075
1.39394,0.707071,152.924
1.39394,0.747475,143.099
1.39394,0.787879,133.601
1.39394,0.828283,124.43
1.39394,0.868687,115.584
1.39394,0.909091,107.066
1.39394,0.949495,98.8737
1.39394,0.989899,91.0081
1.39394,1.0303,83.469
1.39394,1.07071,76.2564
1.39394,1.11111,69.3703
1.39394,1.15152,62.8106
1.39394,1.19192,56.5775
1.39394,1.23232,50.6709
1.39394,1.27273,45.0907
1.39394,1.31313,39.8371
1.39394,1.35354,34.9099
1.39394,1.39394,30.3093
1.39394,1.43434,26.0352
1.39394,1.47475,22.0875
1.39394,1.51515,18.4664
1.39394,1.55556,15.1717
1.39394,1.59596,12.2035
1.39394,1.63636,9.56189
1.39394,1.67677,7.24672
1.39394,1.71717,5.25806
1.39394,1.75758,3.59589
1.39394,1.79798,2.26022
1.39394,1.83838,1.25105
1.39394,1.87879,0.568369
1.39394,1.91919,0.21219
1.39394,1.9596,0.182509
1.39394,2,0.479325
1.43434,-2,1646.39
1.43434,-1.9596,1613.77
1.43434,-1.91919,1581.47
1.43434,-1.87879,1549.5
1.43434,-1.83838,1517.86
1.43434,-1.79798,1486.54
1.43434,-1.75758,1455.55
1.43434,-1.71717,1424.88
1.43434,-1.67677,1394.55
1.43434,-1.63636,1364.53
1.43434,-1.59596,1334.85
1.43434,-1.55556,1305.49
1.43434,-1.51515,1276.46
1.43434,-1.47475,1247.75
1.43434,-1.43434,1219.37
1.43434,-1.39394,1191.32
1.43434,-1.35354,1163.6
1.43434,-1.31313,1136.2
1.43434,-1.27273,1109.12
1.43434,-1.23232,1082.38
1.43434,-1.19192,1055.96
1.43434,-1.15152,1029.86
1.43434,-1.11111,1004.1
1.43434,-1.07071,978.657
1.43434,-1.0303,953.543
1.43434,-0.989899,928.756
1.43434,-0.949495,904.295
1.43434,-0.909091,880.161
1.43434,-0.868687,856.353
1.43434,-0.828283,832.871
1.43434,-0.787879,809.716
1.43434,-0.747475,786.888
1.43434,-0.707071,764.386
1.43434,-0.666667,742.21
1.43434,-0.626263,720.362
1.43434,-0.585859,698.839
1.43434,-0.545455,677.643
1.43434,-0.505051,656.774
1.43434,-0.464646,636.231
1.43434,-0.424242,616.014
1.43434,-0.383838,596.124
1.43434,-0.343434,576.561
1.43434,-0.30303,557.324
1.43434,-0.262626,538.414
1.43434,-0.222222,519.83
1.43434,-0.181818,501.572
1.43434,-0.141414,483.641
1.43434,-0.10101,466.037
1.43434,-0.0606061,448.759
1.43434,-0.020202,431.807
1.43434,0.020202,415.182
1.43434,0.0606061,398.884
1.43434,0.10101,382.912
1.43434,0.141414,367.266
1.43434,0.181818,351.947
1.43434,0.222222,336.955
1.43434,0.262626,322.289
1.43434,0.30303,307.949
1.43434,0.343434,293.936
1.43434,0.383838,280.25
1.43434,0.424242,266.89
1.43434,0.464646,253.856
1.43434,0.505051,241.149
1.43434,0.545455,228.769
1.43434,0.585859,216.715
1.43434,0.626263,204.987
1.43434,0.666667,193.586
1.43434,0.707071,182.512
1.43434,0.747475,171.764
1.43434,0.787879,161.342
1.43434,0.828283,151.247
1.43434,0.868687,141.479
1.43434,0.909091,132.037
1.43434,0.949495,122.921
1.43434,0.989899,114.132
1.43434,1.0303,105.669
1.43434,1.07071,97.5333
1.43434,1.11111,89.7238
1.43434,1.15152,82.2407
1.43434,1.19192,75.0842
1.43434,1.23232,68.2541
1.43434,1.27273,61.7505
1.43434,1.31313,55.5735
1.43434,1.35354,49.7229
1.43434,1.39394,44.1988
1.43434,1.43434,39.0013
1.43434,1.47475,34.1302
1.43434,1.51515,29.5856
1.43434,1.55556,25.3675
1.43434,1.59596,21.4759
1.43434,1.63636,17.9109
1.43434,1.67677,14.6723
1.43434,1.71717,11.7602
1.43434,1.75758,9.17458
1.43434,1.79798,6.91548
1.43434,1.83838,4.98288
1.43434,1.87879,3.37678
1.43434,1.91919,2.09717
1.43434,1.9596,1.14407
1.43434,2,0.517454
1.47475,-2,1743.19
1.47475,-1.9596,1709.61
1.47475,-1.91919,1676.37
1.47475,-1.87879,1643.45
1.47475,-1.83838,1610.85
1.47475,-1.79798,1578.59
1.47475,-1.75758,1546.65
1.47475,-1.71717,1515.03
1.47475,-1.67677,1483.74
1.47475,-1.63636,1452.78
1.47475,-1.59596,1422.15
1.47475,-1.55556,1391.84
1.47475,-1.51515,1361.86
1.47475,-1.47475,1332.2
1.47475,-1.43434,1302.87
1.47475,-1.39394,1273.87
1.47475,-1.35354,1245.2
1.47475,-1.31313,1216.85
1.47475,-1.27273,1188.83
1.47475,-1.23232,1161.13
1.47475,-1.19192,1133.76
1.47475,-1.15152,1106.72
1.47475,-1.11111,1080
1.47475,-1.07071,1053.61
1.47475,-1.0303,1027.55
1.47475,-0.989899,1001.81
1.47475,-0.949495,976.397
1.47475,-0.909091,951.313
1.47475,-0.868687,926.555
1.47475,-0.828283,902.124
1.47475,-0.787879,878.019
1.47475,-0.747475,854.241
1.47475,-0.707071,830.789
1.47475,-0.666667,807.664
1.47475,-0.626263,784.865
1.47475,-0.585859,762.393
1.47475,-0.545455,740.247
1.47475,-0.505051,718.428
1.47475,-0.464646,696.935
1.47475,-0.424242,675.769
1.47475,-0.383838,654.929
1.47475,-0.343434,634.416
1.47475,-0.30303,614.229
1.47475,-0.262626,594.369
1.47475,-0.222222,574.835
1.47475,-0.181818,555.628
1.47475,-0.141414,536.747
1.47475,-0.10101,518.193
1.47475,-0.0606061,499.965
1.47475,-0.020202,482.064
1.47475,0.020202,464.489
1.47475,0.0606061,447.241
1.47475,0.10101,430.319
1.47475,0.141414,413.724
1.47475,0.181818,397.455
1.47475,0.222222,381.513
1.47475,0.262626,365.897
1.47475,0.30303,350.608
1.47475,0.343434,335.645
1.47475,0.383838,321.008
1.47475,0.424242,306.699
1.47475,0.464646,292.715
1.47475,0.505051,279.058
1.47475,0.545455,265.728
1.47475,0.585859,252.724
1.47475,0.626263,240.047
1.47475,0.666667,227.696
1.47475,0.707071,215.672
1.47475,0.747475,203.974
1.47475,0.787879,192.603
1.47475,0.828283,181.558
1.47475,0.868687,170.839
1.47475,0.909091,160.448
1.47475,0.949495,150.382
1.47475,0.989899,140.643
1.47475,1.0303,131.231
1.47475,1.07071,122.145
1.47475,1.11111,113.386
1.47475,1.15152,104.953
1.47475,1.19192,96.8466
1.47475,1.23232,89.0667
1.47475,1.27273,81.6134
1.47475,1.31313,74.4865
1.47475,1.35354,67.6861
1.47475,1.39394,61.2122
1.47475,1.43434,55.0648
1.47475,1.47475,49.244
1.47475,1.51515,43.7496
1.47475,1.55556,38.5817
1.47475,1.59596,33.7403
1.47475,1.63636,29.2254
1.47475,1.67677,25.037
1.47475,1.71717,21.1751
1.47475,1.75758,17.6397
1.47475,1.79798,14.4308
1.47475,1.83838,11.5484
1.47475,1.87879,8.99245
1.47475,1.91919,6.76303
1.47475,1.9596,4.86011
1.47475,2,3.28369
1.51515,-2,1845.56
1.51515,-1.9596,1811.01
1.51515,-1.91919,1776.78
1.51515,-1.87879,1742.89
1.51515,-1.83838,1709.32
1.51515,-1.79798,1676.07
1.51515,-1.75758,1643.16
1.51515,-1.71717,1610.57
1.51515,-1.67677,1578.3
1.51515,-1.63636,1546.37
1.51515,-1.59596,1514.75
1.51515,-1.55556,1483.47
1.51515,-1.51515,1452.51
1.51515,-1.47475,1421.88
1.51515,-1.43434,1391.58
1.51515,-1.39394,1361.6
1.51515,-1.35354,1331.95
1.51515,-1.31313,1302.62
1.51515,-1.27273,1273.62
1.51515,-1.23232,1244.95
1.51515,-1.19192,1216.6
1.51515,-1.15152,1188.58
1.51515,-1.11111,1160.89
1.51515,-1.07071,1133.52
1.51515,-1.0303,1106.48
1.51515,-0.989899,1079.77
1.51515,-0.949495,1053.38
1.51515,-0.909091,1027.32
1.51515,-0.868687,1001.59
1.51515,-0.828283,976.182
1.51515,-0.787879,951.101
1.51515,-0.747475,926.347
1.51515,-0.707071,901.919
1.51515,-0.666667,877.818
1.51515,-0.626263,854.043
1.51515,-0.585859,830.594
1.51515,-0.545455,807.472
1.51515,-0.505051,784.677
1.51515,-0.464646,762.208
1.51515,-0.424242,740.065
1.51515,-0.383838,718.249
1.51515,-0.343434,696.76
1.51515,-0.30303,675.597
1.51515,-0.262626,654.761
1.51515,-0.222222,634.251
1.51515,-0.181818,614.067
1.51515,-0.141414,594.21
1.51515,-0.10101,574.68
1.51515,-0.0606061,555.476
1.51515,-0.020202,536.598
1.51515,0.020202,518.047
1.51515,0.0606061,499.823
1.51515,0.10101,481.925
1.51515,0.141414,464.353
1.51515,0.181818,447.108
1.51515,0.222222,430.19
1.51515,0.262626,413.598
1.51515,0.30303,397.332
1.51515,0.343434,381.393
1.51515,0.383838,365.781
1.51515,0.424242,350.495
1.51515,0.464646,335.535
1.51515,0.505051,320.902
1.51515,0.545455,306.596
1.51515,0.585859,292.616
1.51515,0.626263,278.962
1.51515,0.666667,265.635
1.51515,0.707071,252.635
1.51515,0.747475,239.961
1.51515,0.787879,227.613
1.51515,0.828283,215.592
1.51515,0.868687,203.897
1.51515,0.909091,192.529
1.51515,0.949495,181.488
1.51515,0.989899,170.773
1.51515,1.0303,160.384
1.51515,1.07071,150.322
1.51515,1.11111,140.587
1.51515,1.15152,131.178
1.51515,1.19192,122.095
1.51515,1.23232,113.339
1.51515,1.27273,104.909
1.51515,1.31313,96.8064
1.51515,1.35354,89.0298
1.51515,1.39394,81.5797
1.51515,1.43434,74.4562
1.51515,1.47475,67.6591
1.51515,1.51515,61.1885
1.51515,1.55556,55.0444
1.51515,1.59596,49.2268
1.51515,1.63636,43.7357
1.51515,1.67677,38.5711
1.51515,1.71717,33.733
1.51515,1.75758,29.2214
1.51515,1.79798,25.0363
1.51515,1.83838,21.1777
1.51515,1.87879,17.6456
1.51515,1.91919,14.44
1.51515,1.9596,11.5609
1.51515,2,9.00829
1.55556,-2,1953.73
1.55556,-1.9596,1918.18
1.55556,-1.91919,1882.95
1.55556,-1.87879,1848.05
1.55556,-1.83838,1813.48
1.55556,-1.79798,1779.24
1.55556,-1.75758,1745.32
1.55556,-1.71717,1711.72
1.55556,-1.67677,1678.46
1.55556,-1.63636,1645.52
1.55556,-1.59596,1612.9
1.55556,-1.55556,1580.62
1.55556,-1.51515,1548.66
1.55556,-1.47475,1517.02
1.55556,-1.43434,1485.71
1.55556,-1.39394,1454.73
1.55556,-1.35354,1424.08
1.55556,-1.31313,1393.75
1.55556,-1.27273,1363.75
1.55556,-1.23232,1334.07
1.55556,-1.19192,1304.73
1.55556,-1.15152,1275.7
1.55556,-1.11111,1247.01
1.55556,-1.07071,1218.64
1.55556,-1.0303,1190.6
1.55556,-0.989899,1162.88
1.55556,-0.949495,1135.49
1.55556,-0.909091,1108.43
1.55556,-0.868687,1081.69
1.55556,-0.828283,1055.28
1.55556,-0.787879,1029.2
1.55556,-0.747475,1003.44
1.55556,-0.707071,978.011
1.55556,-0.666667,952.907
1.55556,-0.626263,928.13
1.55556,-0.585859,903.679
1.55556,-0.545455,879.554
1.55556,-0.505051,855.756
1.55556,-0.464646,832.285
1.55556,-0.424242,809.14
1.55556,-0.383838,786.321
1.55556,-0.343434,763.829
1.55556,-0.30303,741.664
1.55556,-0.262626,719.825
1.55556,-0.222222,698.312
1.55556,-0.181818,677.126
1.55556,-0.141414,656.266
1.55556,-0.10101,635.733
1.55556,-0.0606061,615.527
1.55556,-0.020202,595.647
1.55556,0.020202,576.093
1.55556,0.0606061,556.866
1.55556,0.10101,537.966
1.55556,0.141414,519.391
1.55556,0.181818,501.144
1.55556,0.222222,483.223
1.55556,0.262626,465.628
1.55556,0.30303,448.36
1.55556,0.343434,431.419
1.55556,0.383838,414.804
1.55556,0.424242,398.515
1.55556,0.464646,382.553
1.55556,0.505051,366.917
1.55556,0.545455,351.608
1.55556,0.585859,336.626
1.55556,0.626263,321.969
1.55556,0.666667,307.64
1.55556,0.707071,293.637
1.55556,0.747475,279.96
1.55556,0.787879,266.61
1.55556,0.828283,253.586
1.55556,0.868687,240.889
1.55556,0.909091,228.519
1.55556,0.949495,216.475
1.55556,0.989899,204.757
1.55556,1.0303,193.366
1.55556,1.07071,182.301
1.55556,1.11111,171.563
1.55556,1.15152,161.151
1.55556,1.19192,151.066
1.55556,1.23232,141.308
1.55556,1.27273,131.875
1.55556,1.31313,122.77
1.55556,1.35354,113.991
1.55556,1.39394,105.538
1.55556,1.43434,97.4119
1.55556,1.47475,89.6122
1.55556,1.51515,82.139
1.55556,1.55556,74.9924
1.55556,1.59596,68.1722
1.55556,1.63636,61.6785
1.55556,1.67677,55.5114
1.55556,1.71717,49.6707
1.55556,1.75758,44.1565
1.55556,1.79798,38.9688
1.55556,1.83838,34.1077
1.55556,1.87879,29.573
1.55556,1.91919,25.3648
1.55556,1.9596,21.4831
1.55556,2,17.9279
1.59596,-2,2067.96
1.59596,-1.9596,2031.37
1.59596,-1.91919,1995.12
1.59596,-1.87879,1959.19
1.59596,-1.83838,1923.59
1.59596,-1.79798,1888.32
1.59596,-1.75758,1853.37
1.59596,-1.71717,1818.75
1.59596,-1.67677,1784.45
1.59596,-1.63636,1750.48
1.59596,-1.59596,1716.84
1.59596,-1.55556,1683.52
1.59596,-1.51515,1650.53
1.59596,-1.47475,1617.87
1.59596,-1.43434,1585.53
1.59596,-1.39394,1553.52
1.59596,-1.35354,1521.84
1.59596,-1.31313,1490.48
1.59596,-1.27273,1459.45
1.59596,-1.23232,1428.75
1.59596,-1.19192,1398.37
1.59596,-1.15152,1368.32
1.59596,-1.11111,1338.6
1.59596,-1.07071,1309.2
1.59596,-1.0303,1280.13
1.59596,-0.989899,1251.38
1.59596,-0.949495,1222.96
1.59596,-0.909091,1194.87
1.59596,-0.868687,1167.11
1.59596,-0.828283,1139.67
1.59596,-0.787879,1112.55
1.59596,-0.747475,1085.77
1.59596,-0.707071,1059.31
1.59596,-0.666667,1033.18
1.59596,-0.626263,1007.37
1.59596,-0.585859,981.89
1.59596,-0.545455,956.737
1.59596,-0.505051,931.91
1.59596,-0.464646,907.409
1.59596,-0.424242,883.235
1.59596,-0.383838,859.388
1.59596,-0.343434,835.867
1.59596,-0.30303,812.672
1.59596,-0.262626,789.804
1.59596,-0.222222,767.263
1.59596,-0.181818,745.048
1.59596,-0.141414,723.159
1.59596,-0.10101,701.597
1.59596,-0.0606061,680.361
1.59596,-0.020202,659.452
1.59596,0.020202,638.87
1.59596,0.0606061,618.614
1.59596,0.10101,598.684
1.59596,0.141414,579.081
1.59596,0.181818,559.805
1.59596,0.222222,540.855
1.59596,0.262626,522.231
1.59596,0.30303,503.934
1.59596,0.343434,485.964
1.59596,0.383838,468.32
1.59596,0.424242,451.002
1.59596,0.464646,434.011
1.59596,0.505051,417.346
1.59596,0.545455,401.008
1.59596,0.585859,384.997
1.59596,0.626263,369.312
1.59596,0.666667,353.953
1.59596,0.707071,338.921
1.59596,0.747475,324.216
1.59596,0.787879,309.837
1.59596,0.828283,295.784
1.59596,0.868687,282.058
1.59596,0.909091,268.658
1.59596,0.949495,255.585
1.59596,0.989899,242.839
1.59596,1.0303,230.419
1.59596,1.07071,218.325
1.59596,1.11111,206.558
1.59596,1.15152,195.117
1.59596,1.19192,184.003
1.59596,1.23232,173.216
1.59596,1.27273,162.754
1.59596,1.31313,152.62
1.59596,1.35354,142.812
1.59596,1.39394,133.33
1.59596,1.43434,124.175
1.59596,1.47475,115.346
1.59596,1.51515,106.844
1.59596,1.55556,98.6686
1.59596,1.59596,90.8195
1.59596,1.63636,83.2969
1.59596,1.67677,76.1007
1.59596,1.71717,69.2311
1.59596,1.75758,62.688
1.59596,1.79798,56.4713
1.59596,1.83838,50.5812
1.59596,1.87879,45.0175
1.59596,1.91919,39.7804
1.59596,1.9596,34.8697
1.59596,2,30.2856
1.63636,-2,2188.48
1.63636,-1.9596,2150.84
1.63636,-1.91919,2113.53
1.63636,-1.87879,2076.55
1.63636,-1.83838,2039.89
1.63636,-1.79798,2003.56
1.63636,-1.75758,1967.56
1.63636,-1.71717,1931.88
1.63636,-1.67677,1896.53
1.63636,-1.63636,1861.51
1.63636,-1.59596,1826.81
1.63636,-1.55556,1792.44
1.63636,-1.51515,1758.39
1.63636,-1.47475,1724.68
1.63636,-1.43434,1691.28
1.63636,-1.39394,1658.22
1.63636,-1.35354,1625.48
1.63636,-1.31313,1593.07
1.63636,-1.27273,1560.98
1.63636,-1.23232,1529.22
1.63636,-1.19192,1497.79
1.63636,-1.15152,1466.68
1.63636,-1.11111,1435.9
1.63636,-1.07071,1405.45
1.63636,-1.0303,1375.32
1.63636,-0.989899,1345.52
1.63636,-0.949495,1316.05
1.63636,-0.909091,1286.9
1.63636,-0.868687,1258.08
1.63636,-0.828283,1229.59
1.63636,-0.787879,1201.42
1.63636,-0.747475,1173.58
1.63636,-0.707071,1146.06
1.63636,-0.666667,1118.87
1.63636,-0.626263,1092.01
1.63636,-0.585859,1065.48
1.63636,-0.545455,1039.27
1.63636,-0.505051,1013.39
1.63636,-0.464646,987.83
1.63636,-0.424242,962.601
1.63636,-0.383838,937.698
1.63636,-0.343434,913.122
1.63636,-0.30303,888.872
1.63636,-0.262626,864.949
1.63636,-0.222222,841.352
1.63636,-0.181818,818.081
1.63636,-0.141414,795.137
1.63636,-0.10101,772.52
1.63636,-0.0606061,750.229
1.63636,-0.020202,728.265
1.63636,0.020202,706.627
1.63636,0.0606061,685.316
1.63636,0.10101,664.331
1.63636,0.141414,643.672
1.63636,0.181818,623.341
1.63636,0.222222,603.335
1.63636,0.262626,583.656
1.63636,0.30303,564.304
1.63636,0.343434,545.278
1.63636,0.383838,526.579
1.63636,0.424242,508.206
1.63636,0.464646,490.159
1.63636,0.505051,472.439
1.63636,0.545455,455.046
1.63636,0.585859,437.979
1.63636,0.626263,421.239
1.63636,0.666667,404.825
1.63636,0.707071,388.737
1.63636,0.747475,372.976
1.63636,0.787879,357.542
1.63636,0.828283,342.434
1.63636,0.868687,327.653
1.63636,0.909091,313.198
1.63636,0.949495,299.069
1.63636,0.989899,285.267
1.63636,1.0303,271.792
1.63636,1.07071,258.643
1.63636,1.11111,245.821
1.63636,1.15152,233.325
1.63636,1.19192,221.155
1.63636,1.23232,209.312
1.63636,1.27273,197.796
1.63636,1.31313,186.606
1.63636,1.35354,175.742
1.63636,1.39394,165.205
1.63636,1.43434,154.995
1.63636,1.47475,145.111
1.63636,1.51515,135.554
1.63636,1.55556,126.323
1.63636,1.59596,117.418
1.63636,1.63636,108.84
1.63636,1.67677,100.589
1.63636,1.71717,92.6637
1.63636,1.75758,85.0652
1.63636,1.79798,77.7933
1.63636,1.83838,70.8478
1.63636,1.87879,64.2288
1.63636,1.91919,57.9363
1.63636,1.9596,51.9703
1.63636,2,46.3308
1.67677,-2,2315.56
1.67677,-1.9596,2276.84
1.67677,-1.91919,2238.45
1.67677,-1.87879,2200.38
1.67677,-1.83838,2162.65
1.67677,-1.79798,2125.23
1.67677,-1.75758,2088.15
1.67677,-1.71717,2051.39
1.67677,-1.67677,2014.96
1.67677,-1.63636,1978.85
1.67677,-1.59596,1943.07
1.67677,-1.55556,1907.62
1.67677,-1.51515,1872.49
1.67677,-1.47475,1837.69
1.67677,-1.43434,1803.22
1.67677,-1.39394,1769.07
1.67677,-1.35354,1735.25
1.67677,-1.31313,1701.76
1.67677,-1.27273,1668.59
1.67677,-1.23232,1635.75
1.67677,-1.19192,1603.23
1.67677,-1.15152,1571.05
1.67677,-1.11111,1539.18
1.67677,-1.07071,1507.65
1.67677,-1.0303,1476.44
1.67677,-0.989899,1445.56
1.67677,-0.949495,1415
1.67677,-0.909091,1384.77
1.67677,-0.868687,1354.87
1.67677,-0.828283,1325.3
1.67677,-0.787879,1296.05
1.67677,-0.747475,1267.12
1.67677,-0.707071,1238.53
1.67677,-0.666667,1210.26
1.67677,-0.626263,1182.31
1.67677,-0.585859,1154.7
1.67677,-0.545455,1127.41
1.67677,-0.505051,1100.44
1.67677,-0.464646,1073.8
1.67677,-0.424242,1047.49
1.67677,-0.383838,1021.51
1.67677,-0.343434,995.851
1.67677,-0.30303,970.519
1.67677,-0.262626,945.514
1.67677,-0.222222,920.835
1.67677,-0.181818,896.483
1.67677,-0.141414,872.458
1.67677,-0.10101,848.759
1.67677,-0.0606061,825.386
1.67677,-0.020202,802.34
1.67677,0.020202,779.62
1.67677,0.0606061,757.227
1.67677,0.10101,735.161
1.67677,0.141414,713.42
1.67677,0.181818,692.007
1.67677,0.222222,670.92
1.67677,0.262626,650.159
1.67677,0.30303,629.725
1.67677,0.343434,609.617
1.67677,0.383838,589.836
1.67677,0.424242,570.382
1.67677,0.464646,551.254
1.67677,0.505051,532.452
1.67677,0.545455,513.977
1.67677,0.585859,495.828
1.67677,0.626263,478.006
1.67677,0.666667,460.51
1.67677,0.707071,443.341
1.67677,0.747475,426.499
1.67677,0.787879,409.982
1.67677,0.828283,393.793
1.67677,0.868687,377.93
1.67677,0.909091,362.393
1.67677,0.949495,347.183
1.67677,0.989899,332.299
1.67677,1.0303,317.742
1.67677,1.07071,303.511
1.67677,1.11111,289.607
1.67677,1.15152,276.03
1.67677,1.19192,262.778
1.67677,1.23232,249.854
1.67677,1.27273,237.256
1.67677,1.31313,224.984
1.67677,1.35354,213.039
1.67677,1.39394,201.42
1.67677,1.43434,190.128
1.67677,1.47475,179.162
1.67677,1.51515,168.523
1.67677,1.55556,158.21
1.67677,1.59596,148.224
1.67677,1.63636,138.564
1.67677,1.67677,129.231
1.67677,1.71717,120.224
1.67677,1.75758,111.544
1.67677,1.79798,103.19
1.67677,1.83838,95.1632
1.67677,1.87879,87.4625
1.67677,1.91919,80.0883
1.67677,1.9596,73.0406
1.67677,2,66.3193
1.71717,-2,2449.46
1.71717,-1.9596,2409.63
1.71717,-1.91919,2370.13
1.71717,-1.87879,2330.96
1.71717,-1.83838,2292.11
1.71717,-1.79798,2253.59
1.71717,-1.75758,2215.4
1.71717,-1.71717,2177.53
1.71717,-1.67677,2139.99
1.71717,-1.63636,2102.78
1.71717,-1.59596,2065.89
1.71717,-1.55556,2029.33
1.71717,-1.51515,1993.09
1.71717,-1.47475,1957.18
1.71717,-1.43434,1921.6
1.71717,-1.39394,1886.35
1.71717,-1.35354,1851.42
1.71717,-1.31313,1816.82
1.71717,-1.27273,1782.54
1.71717,-1.23232,1748.59
1.71717,-1.19192,1714.97
1.71717,-1.15152,1681.67
1.71717,-1.11111,1648.7
1.71717,-1.07071,1616.06
1.71717,-1.0303,1583.74
1.71717,-0.989899,1551.75
1.71717,-0.949495,1520.09
1.71717,-0.909091,1488.75
1.71717,-0.868687,1457.74
1.71717,-0.828283,1427.06
1.71717,-0.787879,1396.7
1.71717,-0.747475,1366.67
1.71717,-0.707071,1336.96
1.71717,-0.666667,1307.59
1.71717,-0.626263,1278.53
1.71717,-0.585859,1249.81
1.71717,-0.545455,1221.41
1.71717,-0.505051,1193.34
1.71717,-0.464646,1165.59
1.71717,-0.424242,1138.17
1.71717,-0.383838,1111.08
1.71717,-0.343434,1084.32
1.71717,-0.30303,1057.88
1.71717,-0.262626,1031.76
1.71717,-0.222222,1005.98
1.71717,-0.181818,980.515
1.71717,-0.141414,955.382
1.71717,-0.10101,930.575
1.71717,-0.0606061,906.094
1.71717,-0.020202,881.94
1.71717,0.020202,858.112
1.71717,0.0606061,834.611
1.71717,0.10101,811.436
1.71717,0.141414,788.588
1.71717,0.181818,766.066
1.71717,0.222222,743.871
1.71717,0.262626,722.002
1.71717,0.30303,700.46
1.71717,0.343434,679.244
1.71717,0.383838,658.355
1.71717,0.424242,637.792
1.71717,0.464646,617.556
1.71717,0.505051,597.646
1.71717,0.545455,578.063
1.71717,0.585859,558.806
1.71717,0.626263,539.876
1.71717,0.666667,521.272
1.71717,0.707071,502.995
1.71717,0.747475,485.044
1.71717,0.787879,467.42
1.71717,0.828283,450.122
1.71717,0.868687,433.151
1.71717,0.909091,416.506
1.71717,0.949495,400.188
1.71717,0.989899,384.196
1.71717,1.0303,368.531
1.71717,1.07071,353.192
1.71717,1.11111,338.18
1.71717,1.15152,323.494
1.71717,1.19192,309.135
1.71717,1.23232,295.102
1.71717,1.27273,281.396
1.71717,1.31313,268.016
1.71717,1.35354,254.963
1.71717,1.39394,242.236
1.71717,1.43434,229.835
1.71717,1.47475,217.762
1.71717,1.51515,206.014
1.71717,1.55556,194.594
1.71717,1.59596,183.499
1.71717,1.63636,172.731
1.71717,1.67677,162.29
1.71717,1.71717,152.175
1.71717,1.75758,142.387
1.71717,1.79798,132.925
1.71717,1.83838,123.79
1.71717,1.87879,114.981
1.71717,1.91919,106.499
1.71717,1.9596,98.3428
1.71717,2,90.5135
1.75758,-2,2590.44
1.75758,-1.9596,2549.48
1.75758,-1.91919,2508.85
1.75758,-1.87879,2468.54
1.75758,-1.83838,2428.56
1.75758,-1.79798,2388.9
1.75758,-1.75758,2349.57
1.75758,-1.71717,2310.57
1.75758,-1.67677,2271.9
1.75758,-1.63636,2233.55
1.75758,-1.59596,2195.53
1.75758,-1.55556,2157.83
1.75758,-1.51515,2120.46
1.75758,-1.47475,2083.42
1.75758,-1.43434,2046.7
1.75758,-1.39394,2010.31
1.75758,-1.35354,1974.25
1.75758,-1.31313,1938.51
1.75758,-1.27273,1903.1
1.75758,-1.23232,1868.02
1.75758,-1.19192,1833.26
1.75758,-1.15152,1798.83
1.75758,-1.11111,1764.73
1.75758,-1.07071,1730.95
1.75758,-1.0303,1697.5
1.75758,-0.989899,1664.37
1.75758,-0.949495,1631.58
1.75758,-0.909091,1599.11
1.75758,-0.868687,1566.96
1.75758,-0.828283,1535.14
1.75758,-0.787879,1503.65
1.75758,-0.747475,1472.48
1.75758,-0.707071,1441.64
1.75758,-0.666667,1411.13
1.75758,-0.626263,1380.95
1.75758,-0.585859,1351.09
1.75758,-0.545455,1321.55
1.75758,-0.505051,1292.35
1.75758,-0.464646,1263.47
1.75758,-0.424242,1234.91
1.75758,-0.383838,1206.68
1.75758,-0.343434,1178.78
1.75758,-0.30303,1151.21
1.75758,-0.262626,1123.96
1.75758,-0.222222,1097.04
1.75758,-0.181818,1070.45
1.75758,-0.141414,1044.18
1.75758,-0.10101,1018.24
1.75758,-0.0606061,992.621
1.75758,-0.020202,967.333
1.75758,0.020202,942.371
1.75758,0.0606061,917.735
1.75758,0.10101,893.426
1.75758,0.141414,869.443
1.75758,0.181818,845.787
1.75758,0.222222,822.457
1.75758,0.262626,799.454
1.75758,0.30303,776.777
1.75758,0.343434,754.427
1.75758,0.383838,732.403
1.75758,0.424242,710.706
1.75758,0.464646,689.335
1.75758,0.505051,668.291
1.75758,0.545455,647.573
1.75758,0.585859,627.182
1.75758,0.626263,607.117
1.75758,0.666667,587.379
1.75758,0.707071,567.967
1.75758,0.747475,548.882
1.75758,0.787879,530.123
1.75758,0.828283,511.691
1.75758,0.868687,493.585
1.75758,0.909091,475.806
1.75758,0.949495,458.353
1.75758,0.989899,441.227
1.75758,1.0303,424.427
1.75758,1.07071,407.954
1.75758,1.11111,391.807
1.75758,1.15152,375.987
1.75758,1.19192,360.493
1.75758,1.23232,345.326
1.75758,1.27273,330.485
1.75758,1.31313,315.971
1.75758,1.35354,301.783
1.75758,1.39394,287.922
1.75758,1.43434,274.387
1.75758,1.47475,261.178
1.75758,1.51515,248.297
1.75758,1.55556,235.741
1.75758,1.59596,223.513
1.75758,1.63636,211.61
1.75758,1.67677,200.034
1.75758,1.71717,188.785
1.75758,1.75758,177.862
1.75758,1.79798,167.266
1.75758,1.83838,156.996
1.75758,1.87879,147.053
1.75758,1.91919,137.436
1.75758,1.9596,128.146
1.75758,2,119.182
1.79798,-2,2738.78
1.79798,-1.9596,2696.66
1.79798,-1.91919,2654.87
1.79798,-1.87879,2613.4
1.79798,-1.83838,2572.26
1.79798,-1.79798,2531.44
1.79798,-1.75758,2490.95
1.79798,-1.71717,2450.79
1.79798,-1.67677,2410.95
1.79798,-1.63636,2371.45
1.79798,-1.59596,2332.26
1.79798,-1.55556,2293.41
1.79798,-1.51515,2254.88
1.79798,-1.47475,2216.67
1.79798,-1.43434,2178.8
1.79798,-1.39394,2141.24
1.79798,-1.35354,2104.02
1.79798,-1.31313,2067.12
1.79798,-1.27273,2030.55
1.79798,-1.23232,1994.31
1.79798,-1.19192,1958.39
1.79798,-1.15152,1922.8
1.79798,-1.11111,1887.53
1.79798,-1.07071,1852.59
1.79798,-1.0303,1817.98
1.79798,-0.989899,1783.7
1.79798,-0.949495,1749.74
1.79798,-0.909091,1716.11
1.79798,-0.868687,1682.8
1.79798,-0.828283,1649.82
1.79798,-0.787879,1617.17
1.79798,-0.747475,1584.84
1.79798,-0.707071,1552.84
1.79798,-0.666667,1521.17
1.79798,-0.626263,1489.82
1.79798,-0.585859,1458.8
1.79798,-0.545455,1428.11
1.79798,-0.505051,1397.74
1.79798,-0.464646,1367.7
1.79798,-0.424242,1337.98
1.79798,-0.383838,1308.59
1.79798,-0.343434,1279.53
1.79798,-0.30303,1250.8
1.79798,-0.262626,1222.39
1.79798,-0.222222,1194.31
1.79798,-0.181818,1166.55
1.79798,-0.141414,1139.12
1.79798,-0.10101,1112.02
1.79798,-0.0606061,1085.24
1.79798,-0.020202,1058.79
1.79798,0.020202,1032.67
1.79798,0.0606061,1006.87
1.79798,0.10101,981.405
1.79798,0.141414,956.261
1.79798,0.181818,931.444
1.79798,0.222222,906.953
1.79798,0.262626,882.789
1.79798,0.30303,858.952
1.79798,0.343434,835.44
1.79798,0.383838,812.256
1.79798,0.424242,789.398
1.79798,0.464646,766.866
1.79798,0.505051,744.661
1.79798,0.545455,722.782
1.79798,0.585859,701.23
1.79798,0.626263,680.005
1.79798,0.666667,659.106
1.79798,0.707071,638.533
1.79798,0.747475,618.287
1.79798,0.787879,598.367
1.79798,0.828283,578.774
1.79798,0.868687,559.507
1.79798,0.909091,540.567
1.79798,0.949495,521.954
1.79798,0.989899,503.666
1.79798,1.0303,485.706
1.79798,1.07071,468.072
1.79798,1.11111,450.764
1.79798,1.15152,433.783
1.79798,1.19192,417.128
1.79798,1.23232,400.8
1.79798,1.27273,384.798
1.79798,1.31313,369.123
1.79798,1.35354,353.775
1.79798,1.39394,338.752
1.79798,1.43434,324.057
1.79798,1.47475,309.688
1.79798,1.51515,295.645
1.79798,1.55556,281.929
1.79798,1.59596,268.539
1.79798,1.63636,255.476
1.79798,1.67677,242.739
1.79798,1.71717,230.329
1.79798,1.75758,218.245
1.79798,1.79798,206.488
1.79798,1.83838,195.057
1.79798,1.87879,183.953
1.79798,1.91919,173.175
1.79798,1.9596,162.724
1.79798,2,152.599
1.83838,-2,2894.77
1.83838,-1.9596,2851.46
1.83838,-1.91919,2808.48
1.83838,-1.87879,2765.83
1.83838,-1.83838,2723.5
1.83838,-1.79798,2681.49
1.83838,-1.75758,2639.82
1.83838,-1.71717,2598.47
1.83838,-1.67677,2557.44
1.83838,-1.63636,2516.75
1.83838,-1.59596,2476.38
1.83838,-1.55556,2436.33
1.83838,-1.51515,2396.62
1.83838,-1.47475,2357.23
1.83838,-1.43434,2318.16
1.83838,-1.39394,2279.42
1.83838,-1.35354,2241.01
1.83838,-1.31313,2202.93
1.83838,-1.27273,2165.17
1.83838,-1.23232,2127.74
1.83838,-1.19192,2090.63
1.83838,-1.15152,2053.85
1.83838,-1.11111,2017.4
1.83838,-1.07071,1981.28
1.83838,-1.0303,1945.48
1.83838,-0.989899,1910
1.83838,-0.949495,1874.86
1.83838,-0.909091,1840.04
1.83838,-0.868687,1805.54
1.83838,-0.828283,1771.38
1.83838,-0.787879,1737.54
1.83838,-0.747475,1704.02
1.83838,-0.707071,1670.84
1.83838,-0.666667,1637.97
1.83838,-0.626263,1605.44
1.83838,-0.585859,1573.23
1.83838,-0.545455,1541.35
1.83838,-0.505051,1509.8
1.83838,-0.464646,1478.57
1.83838,-0.424242,1447.67
1.83838,-0.383838,1417.09
1.83838,-0.343434,1386.84
1.83838,-0.30303,1356.92
1.83838,-0.262626,1327.32
1.83838,-0.222222,1298.05
1.83838,-0.181818,1269.11
1.83838,-0.141414,1240.5
1.83838,-0.10101,1212.21
1.83838,-0.0606061,1184.24
1.83838,-0.020202,1156.61
1.83838,0.020202,1129.3
1.83838,0.0606061,1102.31
1.83838,0.10101,1075.65
1.83838,0.141414,1049.32
1.83838,0.181818,1023.32
1.83838,0.222222,997.641
1.83838,0.262626,972.29
1.83838,0.30303,947.265
1.83838,0.343434,922.567
1.83838,0.383838,898.195
1.83838,0.424242,874.149
1.83838,0.464646,850.43
1.83838,0.505051,827.038
1.83838,0.545455,803.972
1.83838,0.585859,781.233
1.83838,0.626263,758.82
1.83838,0.666667,736.734
1.83838,0.707071,714.974
1.83838,0.747475,693.54
1.83838,0.787879,672.433
1.83838,0.828283,651.653
1.83838,0.868687,631.199
1.83838,0.909091,611.072
1.83838,0.949495,591.271
1.83838,0.989899,571.796
1.83838,1.0303,552.648
1.83838,1.07071,533.827
1.83838,1.11111,515.332
1.83838,1.15152,497.164
1.83838,1.19192,479.322
1.83838,1.23232,461.806
1.83838,1.27273,444.617
1.83838,1.31313,427.755
1.83838,1.35354,411.219
1.83838,1.39394,395.01
1.83838,1.43434,379.127
1.83838,1.47475,363.57
1.83838,1.51515,348.34
1.83838,1.55556,333.437
1.83838,1.59596,318.86
1.83838,1.63636,304.609
1.83838,1.67677,290.685
1.83838,1.71717,277.088
1.83838,1.75758,263.817
1.83838,1.79798,250.873
1.83838,1.83838,238.255
1.83838,1.87879,225.963
1.83838,1.91919,213.998
1.83838,1.9596,202.36
1.83838,2,191.048
1.87879,-2,3058.69
1.87879,-1.9596,3014.17
1.87879,-1.91919,2969.97
1.87879,-1.87879,2926.1
1.87879,-1.83838,2882.56
1.87879,-1.79798,2839.34
1.87879,-1.75758,2796.45
1.87879,-1.71717,2753.89
1.87879,-1.67677,2711.65
1.87879,-1.63636,2669.74
1.87879,-1.59596,2628.16
1.87879,-1.55556,2586.9
1.87879,-1.51515,2545.97
1.87879,-1.47475,2505.37
1.87879,-1.43434,2465.09
1.87879,-1.39394,2425.14
1.87879,-1.35354,2385.51
1.87879,-1.31313,2346.21
1.87879,-1.27273,2307.24
1.87879,-1.23232,2268.6
1.87879,-1.19192,2230.28
1.87879,-1.15152,2192.28
1.87879,-1.11111,2154.62
1.87879,-1.07071,2117.28
1.87879,-1.0303,2080.27
1.87879,-0.989899,2043.58
1.87879,-0.949495,2007.22
1.87879,-0.909091,1971.19
1.87879,-0.868687,1935.48
1.87879,-0.828283,1900.1
1.87879,-0.787879,1865.05
1.87879,-0.747475,1830.32
1.87879,-0.707071,1795.92
1.87879,-0.666667,1761.84
1.87879,-0.626263,1728.09
1.87879,-0.585859,1694.67
1.87879,-0.545455,1661.58
1.87879,-0.505051,1628.81
1.87879,-0.464646,1596.37
1.87879,-0.424242,1564.25
1.87879,-0.383838,1532.46
1.87879,-0.343434,1501
1.87879,-0.30303,1469.86
1.87879,-0.262626,1439.06
1.87879,-0.222222,1408.57
1.87879,-0.181818,1378.42
1.87879,-0.141414,1348.59
1.87879,-0.10101,1319.08
1.87879,-0.0606061,1289.91
1.87879,-0.020202,1261.05
1.87879,0.020202,1232.53
1.87879,0.0606061,1204.33
1.87879,0.10101,1176.46
1.87879,0.141414,1148.92
1.87879,0.181818,1121.7
1.87879,0.222222,1094.81
1.87879,0.262626,1068.24
1.87879,0.30303,1042
1.87879,0.343434,1016.09
1.87879,0.383838,990.507
1.87879,0.424242,965.248
1.87879,0.464646,940.316
1.87879,0.505051,915.71
1.87879,0.545455,891.43
1.87879,0.585859,867.477
1.87879,0.626263,843.851
1.87879,0.666667,820.551
1.87879,0.707071,797.577
1.87879,0.747475,774.93
1.87879,0.787879,752.61
1.87879,0.828283,730.615
1.87879,0.868687,708.948
1.87879,0.909091,687.607
1.87879,0.949495,666.592
1.87879,0.989899,645.904
1.87879,1.0303,625.543
1.87879,1.07071,605.508
1.87879,1.11111,585.799
1.87879,1.15152,566.417
1.87879,1.19192,547.361
1.87879,1.23232,528.632
1.87879,1.27273,510.23
1.87879,1.31313,492.154
1.87879,1.35354,474.404
1.87879,1.39394,456.981
1.87879,1.43434,439.884
1.87879,1.47475,423.114
1.87879,1.51515,406.671
1.87879,1.55556,390.554
1.87879,1.59596,374.763
1.87879,1.63636,359.299
1.87879,1.67677,344.161
1.87879,1.71717,329.35
1.87879,1.75758,314.866
1.87879,1.79798,300.708
1.87879,1.83838,286.876
1.87879,1.87879,273.371
1.87879,1.91919,260.192
1.87879,1.9596,247.34
1.87879,2,234.815
1.91919,-2,3230.83
1.91919,-1.9596,3185.07
1.91919,-1.91919,3139.63
1.91919,-1.87879,3094.52
1.91919,-1.83838,3049.74
1.91919,-1.79798,3005.29
1.91919,-1.75758,2961.16
1.91919,-1.71717,2917.35
1.91919,-1.67677,2873.87
1.91919,-1.63636,2830.72
1.91919,-1.59596,2787.9
1.91919,-1.55556,2745.4
1.91919,-1.51515,2703.23
1.91919,-1.47475,2661.39
1.91919,-1.43434,2619.87
1.91919,-1.39394,2578.68
1.91919,-1.35354,2537.81
1.91919,-1.31313,2497.28
1.91919,-1.27273,2457.06
1.91919,-1.23232,2417.18
1.91919,-1.19192,2377.62
1.91919,-1.15152,2338.39
1.91919,-1.11111,2299.48
1.91919,-1.07071,2260.9
1.91919,-1.0303,2222.65
1.91919,-0.989899,2184.72
1.91919,-0.949495,2147.12
1.91919,-0.909091,2109.85
1.91919,-0.868687,2072.9
1.91919,-0.828283,2036.28
1.91919,-0.787879,1999.99
1.91919,-0.747475,1964.02
1.91919,-0.707071,1928.38
1.91919,-0.666667,1893.06
1.91919,-0.626263,1858.08
1.91919,-0.585859,1823.41
1.91919,-0.545455,1789.08
1.91919,-0.505051,1755.07
1.91919,-0.464646,1721.39
1.91919,-0.424242,1688.03
1.91919,-0.383838,1655
1.91919,-0.343434,1622.3
1.91919,-0.30303,1589.93
1.91919,-0.262626,1557.88
1.91919,-0.222222,1526.15
1.91919,-0.181818,1494.76
1.91919,-0.141414,1463.69
1.91919,-0.10101,1432.94
1.91919,-0.0606061,1402.53
1.91919,-0.020202,1372.44
1.91919,0.020202,1342.67
1.91919,0.0606061,1313.23
1.91919,0.10101,1284.12
1.91919,0.141414,1255.34
1.91919,0.181818,1226.88
1.91919,0.222222,1198.75
1.91919,0.262626,1170.94
1.91919,0.30303,1143.47
1.91919,0.343434,1116.31
1.91919,0.383838,1089.49
1.91919,0.424242,1062.99
1.91919,0.464646,1036.82
1.91919,0.505051,1010.97
1.91919,0.545455,985.451
1.91919,0.585859,960.258
1.91919,0.626263,935.391
1.91919,0.666667,910.851
1.91919,0.707071,886.638
1.91919,0.747475,862.751
1.91919,0.787879,839.19
1.91919,0.828283,815.956
1.91919,0.868687,793.048
1.91919,0.909091,770.467
1.91919,0.949495,748.213
1.91919,0.989899,726.285
1.91919,1.0303,704.683
1.91919,1.07071,683.408
1.91919,1.11111,662.459
1.91919,1.15152,641.837
1.91919,1.19192,621.542
1.91919,1.23232,601.572
1.91919,1.27273,581.93
1.91919,1.31313,562.614
1.91919,1.35354,543.624
1.91919,1.39394,524.961
1.91919,1.43434,506.624
1.91919,1.47475,488.614
1.91919,1.51515,470.931
1.91919,1.55556,453.574
1.91919,1.59596,436.543
1.91919,1.63636,419.839
1.91919,1.67677,403.461
1.91919,1.71717,387.41
1.91919,1.75758,371.685
1.91919,1.79798,356.287
1.91919,1.83838,341.216
1.91919,1.87879,326.47
1.91919,1.91919,312.052
1.91919,1.9596,297.96
1.91919,2,284.194
1.9596,-2,3411.5
1.9596,-1.9596,3364.47
1.9596,-1.91919,3317.77
1.9596,-1.87879,3271.39
1.9596,-1.83838,3225.34
1.9596,-1.79798,3179.62
1.9596,-1.75758,3134.22
1.9596,-1.71717,3089.15
1.9596,-1.67677,3044.41
1.9596,-1.63636,2999.99
1.9596,-1.59596,2955.9
1.9596,-1.55556,2912.14
1.9596,-1.51515,2868.7
1.9596,-1.47475,2825.59
1.9596,-1.43434,2782.81
1.9596,-1.39394,2740.35
1.9596,-1.35354,2698.22
1.9596,-1.31313,2656.41
1.9596,-1.27273,2614.94
1.9596,-1.23232,2573.78
1.9596,-1.19192,2532.96
1.9596,-1.15152,2492.46
1.9596,-1.11111,2452.29
1.9596,-1.07071,2412.44
1.9596,-1.0303,2372.92
1.9596,-0.989899,2333.73
1.9596,-0.949495,2294.86
1.9596,-0.909091,2256.32
1.9596,-0.868687,2218.11
1.9596,-0.828283,2180.22
1.9596,-0.787879,2142.66
1.9596,-0.747475,2105.43
1.9596,-0.707071,2068.52
1.9596,-0.666667,2031.94
1.9596,-0.626263,1995.69
1.9596,-0.585859,1959.76
1.9596,-0.545455,1924.16
1.9596,-0.505051,1888.88
1.9596,-0.464646,1853.93
1.9596,-0.424242,1819.31
1.9596,-0.383838,1785.02
1.9596,-0.343434,1751.05
1.9596,-0.30303,1717.4
1.9596,-0.262626,1684.09
1.9596,-0.222222,1651.1
1.9596,-0.181818,1618.44
1.9596,-0.141414,1586.1
1.9596,-0.10101,1554.09
1.9596,-0.0606061,1522.41
1.9596,-0.020202,1491.05
1.9596,0.020202,1460.02
1.9596,0.0606061,1429.32
1.9596,0.10101,1398.94
1.9596,0.141414,1368.89
1.9596,0.181818,1339.16
1.9596,0.222222,1309.76
1.9596,0.262626,1280.69
1.9596,0.30303,1251.95
1.9596,0.343434,1223.53
1.9596,0.383838,1195.44
1.9596,0.424242,1167.67
1.9596,0.464646,1140.23
1.9596,0.505051,1113.12
1.9596,0.545455,1086.33
1.9596,0.585859,1059.88
1.9596,0.626263,1033.74
1.9596,0.666667,1007.94
1.9596,0.707071,982.456
1.9596,0.747475,957.302
1.9596,0.787879,932.475
1.9596,0.828283,907.975
1.9596,0.868687,883.801
1.9596,0.909091,859.953
1.9596,0.949495,836.432
1.9596,0.989899,813.238
1.9596,1.0303,790.37
1.9596,1.07071,767.828
1.9596,1.11111,745.613
1.9596,1.15152,723.725
1.9596,1.19192,702.163
1.9596,1.23232,680.927
1.9596,1.27273,660.018
1.9596,1.31313,639.436
1.9596,1.35354,619.18
1.9596,1.39394,599.25
1.9596,1.43434,579.647
1.9596,1.47475,560.37
1.9596,1.51515,541.42
1.9596,1.55556,522.797
1.9596,1.59596,504.5
1.9596,1.63636,486.529
1.9596,1.67677,468.885
1.9596,1.71717,451.568
1.9596,1.75758,434.577
1.9596,1.79798,417.912
1.9596,1.83838,401.574
1.9596,1.87879,385.563
1.9596,1.91919,369.877
1.9596,1.9596,354.519
1.9596,2,339.487
2,-2,3601
2,-1.9596,3552.68
2,-1.91919,3504.68
2,-1.87879,3457.01
2,-1.83838,3409.67
2,-1.79798,3362.66
2,-1.75758,3315.97
2,-1.71717,3269.61
2,-1.67677,3223.57
2,-1.63636,3177.86
2,-1.59596,3132.48
2,-1.55556,3087.42
2,-1.51515,3042.69
2,-1.47475,2998.29
2,-1.43434,2954.21
2,-1.39394,2910.46
2,-1.35354,2867.03
2,-1.31313,2823.94
2,-1.27273,2781.17
2,-1.23232,2738.72
2,-1.19192,2696.6
2,-1.15152,2654.81
2,-1.11111,2613.35
2,-1.07071,2572.21
2,-1.0303,2531.39
2,-0.989899,2490.91
2,-0.949495,2450.75
2,-0.909091,2410.92
2,-0.868687,2371.41
2,-0.828283,2332.23
2,-0.787879,2293.38
2,-0.747475,2254.85
2,-0.707071,2216.65
2,-0.666667,2178.78
2,-0.626263,2141.23
2,-0.585859,2104.01
2,-0.545455,2067.12
2,-0.505051,2030.55
2,-0.464646,1994.31
2,-0.424242,1958.39
2,-0.383838,1922.8
2,-0.343434,1887.54
2,-0.30303,1852.61
2,-0.262626,1818
2,-0.222222,1783.72
2,-0.181818,1749.76
2,-0.141414,1716.13
2,-0.10101,1682.83
2,-0.0606061,1649.85
2,-0.020202,1617.2
2,0.020202,1584.88
2,0.0606061,1552.88
2,0.10101,1521.21
2,0.141414,1489.87
2,0.181818,1458.85
2,0.222222,1428.16
2,0.262626,1397.8
2,0.30303,1367.76
2,0.343434,1338.05
2,0.383838,1308.66
2,0.424242,1279.6
2,0.464646,1250.87
2,0.505051,1222.47
2,0.545455,1194.39
2,0.585859,1166.64
2,0.626263,1139.21
2,0.666667,1112.11
2,0.707071,1085.34
2,0.747475,1058.89
2,0.787879,1032.77
2,0.828283,1006.98
2,0.868687,981.512
2,0.909091,956.372
2,0.949495,931.558
2,0.989899,907.071
2,1.0303,882.91
2,1.07071,859.076
2,1.11111,835.568
2,1.15152,812.387
2,1.19192,789.532
2,1.23232,767.003
2,1.27273,744.802
2,1.31313,722.926
2,1.35354,701.378
2,1.39394,680.155
2,1.43434,659.259
2,1.47475,638.69
2,1.51515,618.447
2,1.55556,598.531
2,1.59596,578.941
2,1.63636,559.678
2,1.67677,540.741
2,1.71717,522.13
2,1.75758,503.847
2,1.79798,485.889
2,1.83838,468.258
2,1.87879,450.954
2,1.91919,433.976
2,1.9596,417.325
2,2,401
