x,y,z
-2,-2,0.809773
-2,-1.9596,0.970966
-2,-1.91919,1.14017
-2,-1.87879,1.31174
-2,-1.83838,1.48027
-2,-1.79798,1.64072
-2,-1.75758,1.78858
-2,-1.71717,1.92002
-2,-1.67677,2.03192
-2,-1.63636,2.12195
-2,-1.59596,2.18856
-2,-1.55556,2.23101
-2,-1.51515,2.24927
-2,-1.47475,2.24401
-2,-1.43434,2.2165
-2,-1.39394,2.16848
-2,-1.35354,2.10213
-2,-1.31313,2.0199
-2,-1.27273,1.92444
-2,-1.23232,1.8185
-2,-1.19192,1.70482
-2,-1.15152,1.58608
-2,-1.11111,1.46479
-2,-1.07071,1.34328
-2,-1.0303,1.22362
-2,-0.989899,1.10761
-2,-0.949495,0.99677
-2,-0.909091,0.892314
-2,-0.868687,0.795164
-2,-0.828283,0.705968
-2,-0.787879,0.625111
-2,-0.747475,0.552745
-2,-0.707071,0.488814
-2,-0.666667,0.433087
-2,-0.626263,0.385184
-2,-0.585859,0.344613
-2,-0.545455,0.310792
-2,-0.505051,0.283082
-2,-0.464646,0.260809
-2,-0.424242,0.243285
-2,-0.383838,0.229832
-2,-0.343434,0.219794
-2,-0.30303,0.21255
-2,-0.262626,0.20753
-2,-0.222222,0.204219
-2,-0.181818,0.202167
-2,-0.141414,0.200991
-2,-0.10101,0.200383
-2,-0.0606061,0.200108
-2,-0.020202,0.20001
-2,0.020202,0.20001
-2,0.0606061,0.200108
-2,0.10101,0.200383
-2,0.141414,0.200991
-2,0.181818,0.202167
-2,0.222222,0.204219
-2,0.262626,0.20753
-2,0.30303,0.21255
-2,0.343434,0.219794
-2,0.383838,0.229832
-2,0.424242,0.243285
-2,0.464646,0.260809
-2,0.505051,0.283082
-2,0.545455,0.310792
-2,0.585859,0.344613
-2,0.626263,0.385184
-2,0.666667,0.433087
-2,0.707071,0.488814
-2,0.747475,0.552745
-2,0.787879,0.625111
-2,0.828283,0.705968
-2,0.868687,0.795164
-2,0.909091,0.892314
-2,0.949495,0.99677
-2,0.989899,1.10761
-2,1.0303,1.22362
-2,1.07071,1.34328
-2,1.11111,1.46479
-2,1.15152,1.58608
-2,1.19192,1.70482
-2,1.23232,1.8185
-2,1.27273,1.92444
-2,1.31313,2.0199
-2,1.35354,2.10213
-2,1.39394,2.16848
-2,1.43434,2.2165
-2,1.47475,2.24401
-2,1.51515,2.24927
-2,1.55556,2.23101
-2,1.59596,2.18856
-2,1.63636,2.12195
-2,1.67677,2.03192
-2,1.71717,1.92002
-2,1.75758,1.78858
-2,1.79798,1.64072
-2,1.83838,1.48027
-2,1.87879,1.31174
-2,1.91919,1.14017
-2,1.9596,0.970966
-2,2,0.809773
-1.9596,-2,0.970966
-1.9596,-1.9596,1.14378
-1.9596,-1.91919,1.3191
-1.9596,-1.87879,1.49116
-1.9596,-1.83838,1.6546
-1.9596,-1.79798,1.80461
-1.9596,-1.75758,1.9371
-1.9596,-1.71717,2.04873
-1.9596,-1.67677,2.13703
-1.9596,-1.63636,2.2004
-1.9596,-1.59596,2.23808
-1.9596,-1.55556,2.25012
-1.9596,-1.51515,2.23731
-1.9596,-1.47475,2.2011
-1.9596,-1.43434,2.14348
-1.9596,-1.39394,2.06687
-1.9596,-1.35354,1.97402
-1.9596,-1.31313,1.86789
-1.9596,-1.27273,1.75151
-1.9596,-1.23232,1.6279
-1.9596,-1.19192,1.50001
-1.9596,-1.15152,1.37058
-1.9596,-1.11111,1.24213
-1.9596,-1.07071,1.11689
-1.9596,-1.0303,0.99677
-1.9596,-0.989899,0.883353
-1.9596,-0.949495,0.777878
-1.9596,-0.909091,0.681253
-1.9596,-0.868687,0.594071
-1.9596,-0.828283,0.516634
-1.9596,-0.787879,0.44898
-1.9596,-0.747475,0.390918
-1.9596,-0.707071,0.342065
-1.9596,-0.666667,0.301879
-1.9596,-0.626263,0.269695
-1.9596,-0.585859,0.244761
-1.9596,-0.545455,0.226266
-1.9596,-0.505051,0.213368
-1.9596,-0.464646,0.205221
-1.9596,-0.424242,0.200991
-1.9596,-0.383838,0.199881
-1.9596,-0.343434,0.201137
-1.9596,-0.30303,0.204063
-1.9596,-0.262626,0.208031
-1.9596,-0.222222,0.21248
-1.9596,-0.181818,0.21693
-1.9596,-0.141414,0.220977
-1.9596,-0.10101,0.224295
-1.9596,-0.0606061,0.226643
-1.9596,-0.020202,0.227857
-1.9596,0.020202,0.227857
-1.9596,0.0606061,0.226643
-1.9596,0.10101,0.224295
-1.9596,0.141414,0.220977
-1.9596,0.181818,0.21693
-1.9596,0.222222,0.21248
-1.9596,0.262626,0.208031
-1.9596,0.30303,0.204063
-1.9596,0.343434,0.201137
-1.9596,0.383838,0.199881
-1.9596,0.424242,0.200991
-1.9596,0.464646,0.205221
-1.9596,0.505051,0.213368
-1.9596,0.545455,0.226266
-1.9596,0.585859,0.244761
-1.9596,0.626263,0.269695
-1.9596,0.666667,0.301879
-1.9596,0.707071,0.342065
-1.9596,0.747475,0.390918
-1.9596,0.787879,0.44898
-1.9596,0.828283,0.516634
-1.9596,0.868687,0.594071
-1.9596,0.909091,0.681253
-1.9596,0.949495,0.777878
-1.9596,0.989899,0.883353
-1.9596,1.0303,0.99677
-1.9596,1.07071,1.11689
-1.9596,1.11111,1.24213
-1.9596,1.15152,1.37058
-1.9596,1.19192,1.50001
-1.9596,1.23232,1.6279
-1.9596,1.27273,1.75151
-1.9596,1.31313,1.86789
-1.9596,1.35354,1.97402
-1.9596,1.39394,2.06687
-1.9596,1.43434,2.14348
-1.9596,1.47475,2.2011
-1.9596,1.51515,2.23731
-1.9596,1.55556,2.25012
-1.9596,1.59596,2.23808
-1.9596,1.63636,2.2004
-1.9596,1.67677,2.13703
-1.9596,1.71717,2.04873
-1.9596,1.75758,1.9371
-1.9596,1.79798,1.80461
-1.9596,1.83838,1.6546
-1.9596,1.87879,1.49116
-1.9596,1.91919,1.3191
-1.9596,1.9596,1.14378
-1.9596,2,0.970966
-1.91919,-2,1.14017
-1.91919,-1.9596,1.3191
-1.91919,-1.91919,1.49478
-1.91919,-1.87879,1.66151
-1.91919,-1.83838,1.81415
-1.91919,-1.79798,1.94829
-1.91919,-1.75758,2.06038
-1.91919,-1.71717,2.14778
-1.91919,-1.67677,2.20878
-1.91919,-1.63636,2.24259
-1.91919,-1.59596,2.2493
-1.91919,-1.55556,2.22984
-1.91919,-1.51515,2.18582
-1.91919,-1.47475,2.11945
-1.91919,-1.43434,2.03345
-1.91919,-1.39394,1.93083
-1.91919,-1.35354,1.81488
-1.91919,-1.31313,1.68892
-1.91919,-1.27273,1.5563
-1.91919,-1.23232,1.42022
-1.91919,-1.19192,1.28367
-1.91919,-1.15152,1.14938
-1.91919,-1.11111,1.01975
-1.91919,-1.07071,0.896802
-1.91919,-1.0303,0.782187
-1.91919,-0.989899,0.67717
-1.91919,-0.949495,0.582641
-1.91919,-0.909091,0.499132
-1.91919,-0.868687,0.42685
-1.91919,-0.828283,0.36571
-1.91919,-0.787879,0.315376
-1.91919,-0.747475,0.275298
-1.91919,-0.707071,0.244761
-1.91919,-0.666667,0.222919
-1.91919,-0.626263,0.208838
-1.91919,-0.585859,0.201527
-1.91919,-0.545455,0.199975
-1.91919,-0.505051,0.203171
-1.91919,-0.464646,0.210134
-1.91919,-0.424242,0.219924
-1.91919,-0.383838,0.231663
-1.91919,-0.343434,0.244538
-1.91919,-0.30303,0.257817
-1.91919,-0.262626,0.270847
-1.91919,-0.222222,0.283058
-1.91919,-0.181818,0.293964
-1.91919,-0.141414,0.303166
-1.91919,-0.10101,0.310343
-1.91919,-0.0606061,0.315259
-1.91919,-0.020202,0.317756
-1.91919,0.020202,0.317756
-1.91919,0.0606061,0.315259
-1.91919,0.10101,0.310343
-1.91919,0.141414,0.303166
-1.91919,0.181818,0.293964
-1.91919,0.222222,0.283058
-1.91919,0.262626,0.270847
-1.91919,0.30303,0.257817
-1.91919,0.343434,0.244538
-1.91919,0.383838,0.231663
-1.91919,0.424242,0.219924
-1.91919,0.464646,0.210134
-1.91919,0.505051,0.203171
-1.91919,0.545455,0.199975
-1.91919,0.585859,0.201527
-1.91919,0.626263,0.208838
-1.91919,0.666667,0.222919
-1.91919,0.707071,0.244761
-1.91919,0.747475,0.275298
-1.91919,0.787879,0.315376
-1.91919,0.828283,0.36571
-1.91919,0.868687,0.42685
-1.91919,0.909091,0.499132
-1.91919,0.949495,0.582641
-1.91919,0.989899,0.67717
-1.91919,1.0303,0.782187
-1.91919,1.07071,0.896802
-1.91919,1.11111,1.01975
-1.91919,1.15152,1.14938
-1.91919,1.19192,1.28367
-1.91919,1.23232,1.42022
-1.91919,1.27273,1.5563
-1.91919,1.31313,1.68892
-1.91919,1.35354,1.81488
-1.91919,1.39394,1.93083
-1.91919,1.43434,2.03345
-1.91919,1.47475,2.11945
-1.91919,1.51515,2.18582
-1.91919,1.55556,2.22984
-1.91919,1.59596,2.2493
-1.91919,1.63636,2.24259
-1.91919,1.67677,2.20878
-1.91919,1.71717,2.14778
-1.91919,1.75758,2.06038
-1.91919,1.79798,1.94829
-1.91919,1.83838,1.81415
-1.91919,1.87879,1.66151
-1.91919,1.91919,1.49478
-1.91919,1.9596,1.3191
-1.91919,2,1.14017
-1.87879,-2,1.31174
-1.87879,-1.9596,1.49116
-1.87879,-1.91919,1.66151
-1.87879,-1.87879,1.81731
-1.87879,-1.83838,1.95383
-1.87879,-1.79798,2.06723
-1.87879,-1.75758,2.15468
-1.87879,-1.71717,2.21431
-1.87879,-1.67677,2.24528
-1.87879,-1.63636,2.24772
-1.87879,-1.59596,2.22263
-1.87879,-1.55556,2.17178
-1.87879,-1.51515,2.09763
-1.87879,-1.47475,2.00314
-1.87879,-1.43434,1.89164
-1.87879,-1.39394,1.76672
-1.87879,-1.35354,1.63204
-1.87879,-1.31313,1.49124
-1.87879,-1.27273,1.34784
-1.87879,-1.23232,1.20508
-1.87879,-1.19192,1.06591
-1.87879,-1.15152,0.932902
-1.87879,-1.11111,0.808212
-1.87879,-1.07071,0.693564
-1.87879,-1.0303,0.590248
-1.87879,-0.989899,0.499132
-1.87879,-0.949495,0.420683
-1.87879,-0.909091,0.355005
-1.87879,-0.868687,0.301879
-1.87879,-0.828283,0.260809
-1.87879,-0.787879,0.23107
-1.87879,-0.747475,0.211757
-1.87879,-0.707071,0.201834
-1.87879,-0.666667,0.200174
-1.87879,-0.626263,0.205602
-1.87879,-0.585859,0.21693
-1.87879,-0.545455,0.232985
-1.87879,-0.505051,0.252636
-1.87879,-0.464646,0.27481
-1.87879,-0.424242,0.298512
-1.87879,-0.383838,0.322828
-1.87879,-0.343434,0.346936
-1.87879,-0.30303,0.370107
-1.87879,-0.262626,0.391704
-1.87879,-0.222222,0.411182
-1.87879,-0.181818,0.428085
-1.87879,-0.141414,0.442041
-1.87879,-0.10101,0.452757
-1.87879,-0.0606061,0.460019
-1.87879,-0.020202,0.463685
-1.87879,0.020202,0.463685
-1.87879,0.0606061,0.460019
-1.87879,0.10101,0.452757
-1.87879,0.141414,0.442041
-1.87879,0.181818,0.428085
-1.87879,0.222222,0.411182
-1.87879,0.262626,0.391704
-1.87879,0.30303,0.370107
-1.87879,0.343434,0.346936
-1.87879,0.383838,0.322828
-1.87879,0.424242,0.298512
-1.87879,0.464646,0.27481
-1.87879,0.505051,0.252636
-1.87879,0.545455,0.232985
-1.87879,0.585859,0.21693
-1.87879,0.626263,0.205602
-1.87879,0.666667,0.200174
-1.87879,0.707071,0.201834
-1.87879,0.747475,0.211757
-1.87879,0.787879,0.23107
-1.87879,0.828283,0.260809
-1.87879,0.868687,0.301879
-1.87879,0.909091,0.355005
-1.87879,0.949495,0.420683
-1.87879,0.989899,0.499132
-1.87879,1.0303,0.590248
-1.87879,1.07071,0.693564
-1.87879,1.11111,0.808212
-1.87879,1.15152,0.932902
-1.87879,1.19192,1.06591
-1.87879,1.23232,1.20508
-1.87879,1.27273,1.34784
-1.87879,1.31313,1.49124
-1.87879,1.35354,1.63204
-1.87879,1.39394,1.76672
-1.87879,1.43434,1.89164
-1.87879,1.47475,2.00314
-1.87879,1.51515,2.09763
-1.87879,1.55556,2.17178
-1.87879,1.59596,2.22263
-1.87879,1.63636,2.24772
-1.87879,1.67677,2.24528
-1.87879,1.71717,2.21431
-1.87879,1.75758,2.15468
-1.87879,1.79798,2.06723
-1.87879,1.83838,1.95383
-1.87879,1.87879,1.81731
-1.87879,1.91919,1.66151
-1.87879,1.9596,1.49116
-1.87879,2,1.31174
-1.83838,-2,1.48027
-1.83838,-1.9596,1.6546
-1.83838,-1.91919,1.81415
-1.83838,-1.87879,1.95383
-1.83838,-1.83838,2.06949
-1.83838,-1.79798,2.15804
-1.83838,-1.75758,2.21744
-1.83838,-1.71717,2.24675
-1.83838,-1.67677,2.24608
-1.83838,-1.63636,2.2165
-1.83838,-1.59596,2.15993
-1.83838,-1.55556,2.07902
-1.83838,-1.51515,1.977
-1.83838,-1.47475,1.85752
-1.83838,-1.43434,1.72446
-1.83838,-1.39394,1.58185
-1.83838,-1.35354,1.43365
-1.83838,-1.31313,1.28367
-1.83838,-1.27273,1.13546
-1.83838,-1.23232,0.992184
-1.83838,-1.19192,0.856615
-1.83838,-1.15152,0.731043
-1.83838,-1.11111,0.617277
-1.83838,-1.07071,0.516634
-1.83838,-1.0303,0.42996
-1.83838,-0.989899,0.357652
-1.83838,-0.949495,0.299704
-1.83838,-0.909091,0.255751
-1.83838,-0.868687,0.225126
-1.83838,-0.828283,0.206915
-1.83838,-0.787879,0.20001
-1.83838,-0.747475,0.203171
-1.83838,-0.707071,0.215069
-1.83838,-0.666667,0.234335
-1.83838,-0.626263,0.259598
-1.83838,-0.585859,0.289522
-1.83838,-0.545455,0.322828
-1.83838,-0.505051,0.358319
-1.83838,-0.464646,0.394889
-1.83838,-0.424242,0.431538
-1.83838,-0.383838,0.467374
-1.83838,-0.343434,0.501612
-1.83838,-0.30303,0.533573
-1.83838,-0.262626,0.562681
-1.83838,-0.222222,0.58845
-1.83838,-0.181818,0.610486
-1.83838,-0.141414,0.628473
-1.83838,-0.10101,0.642166
-1.83838,-0.0606061,0.651391
-1.83838,-0.020202,0.656032
-1.83838,0.020202,0.656032
-1.83838,0.0606061,0.651391
-1.83838,0.10101,0.642166
-1.83838,0.141414,0.628473
-1.83838,0.181818,0.610486
-1.83838,0.222222,0.58845
-1.83838,0.262626,0.562681
-1.83838,0.30303,0.533573
-1.83838,0.343434,0.501612
-1.83838,0.383838,0.467374
-1.83838,0.424242,0.431538
-1.83838,0.464646,0.394889
-1.83838,0.505051,0.358319
-1.83838,0.545455,0.322828
-1.83838,0.585859,0.289522
-1.83838,0.626263,0.259598
-1.83838,0.666667,0.234335
-1.83838,0.707071,0.215069
-1.83838,0.747475,0.203171
-1.83838,0.787879,0.20001
-1.83838,0.828283,0.206915
-1.83838,0.868687,0.225126
-1.83838,0.909091,0.255751
-1.83838,0.949495,0.299704
-1.83838,0.989899,0.357652
-1.83838,1.0303,0.42996
-1.83838,1.07071,0.516634
-1.83838,1.11111,0.617277
-1.83838,1.15152,0.731043
-1.83838,1.19192,0.856615
-1.83838,1.23232,0.992184
-1.83838,1.27273,1.13546
-1.83838,1.31313,1.28367
-1.83838,1.35354,1.43365
-1.83838,1.39394,1.58185
-1.83838,1.43434,1.72446
-1.83838,1.47475,1.85752
-1.83838,1.51515,1.977
-1.83838,1.55556,2.07902
-1.83838,1.59596,2.15993
-1.83838,1.63636,2.2165
-1.83838,1.67677,2.24608
-1.83838,1.71717,2.24675
-1.83838,1.75758,2.21744
-1.83838,1.79798,2.15804
-1.83838,1.83838,2.06949
-1.83838,1.87879,1.95383
-1.83838,1.91919,1.81415
-1.83838,1.9596,1.6546
-1.83838,2,1.48027
-1.79798,-2,1.64072
-1.79798,-1.9596,1.80461
-1.79798,-1.91919,1.94829
-1.79798,-1.87879,2.06723
-1.79798,-1.83838,2.15804
-1.79798,-1.79798,2.21845
-1.79798,-1.75758,2.24739
-1.79798,-1.71717,2.24489
-1.79798,-1.67677,2.21207
-1.79798,-1.63636,2.15095
-1.79798,-1.59596,2.06439
-1.79798,-1.55556,1.95586
-1.79798,-1.51515,1.82929
-1.79798,-1.47475,1.68892
-1.79798,-1.43434,1.53911
-1.79798,-1.39394,1.38417
-1.79798,-1.35354,1.22825
-1.79798,-1.31313,1.07517
-1.79798,-1.27273,0.928372
-1.79798,-1.23232,0.79083
-1.79798,-1.19192,0.664988
-1.79798,-1.15152,0.552745
-1.79798,-1.11111,0.455455
-1.79798,-1.07071,0.373942
-1.79798,-1.0303,0.308532
-1.79798,-0.989899,0.2591
-1.79798,-0.949495,0.225126
-1.79798,-0.909091,0.20576
-1.79798,-0.868687,0.199881
-1.79798,-0.828283,0.206169
-1.79798,-0.787879,0.223162
-1.79798,-0.747475,0.249316
-1.79798,-0.707071,0.283058
-1.79798,-0.666667,0.322828
-1.79798,-0.626263,0.367122
-1.79798,-0.585859,0.414514
-1.79798,-0.545455,0.463685
-1.79798,-0.505051,0.513432
-1.79798,-0.464646,0.562681
-1.79798,-0.424242,0.610486
-1.79798,-0.383838,0.656032
-1.79798,-0.343434,0.698622
-1.79798,-0.30303,0.737677
-1.79798,-0.262626,0.772718
-1.79798,-0.222222,0.803361
-1.79798,-0.181818,0.829301
-1.79798,-0.141414,0.850305
-1.79798,-0.10101,0.866199
-1.79798,-0.0606061,0.876859
-1.79798,-0.020202,0.882208
-1.79798,0.020202,0.882208
-1.79798,0.0606061,0.876859
-1.79798,0.10101,0.866199
-1.79798,0.141414,0.850305
-1.79798,0.181818,0.829301
-1.79798,0.222222,0.803361
-1.79798,0.262626,0.772718
-1.79798,0.30303,0.737677
-1.79798,0.343434,0.698622
-1.79798,0.383838,0.656032
-1.79798,0.424242,0.610486
-1.79798,0.464646,0.562681
-1.79798,0.505051,0.513432
-1.79798,0.545455,0.463685
-1.79798,0.585859,0.414514
-1.79798,0.626263,0.367122
-1.79798,0.666667,0.322828
-1.79798,0.707071,0.283058
-1.79798,0.747475,0.249316
-1.79798,0.787879,0.223162
-1.79798,0.828283,0.206169
-1.79798,0.868687,0.199881
-1.79798,0.909091,0.20576
-1.79798,0.949495,0.225126
-1.79798,0.989899,0.2591
-1.79798,1.0303,0.308532
-1.79798,1.07071,0.373942
-1.79798,1.11111,0.455455
-1.79798,1.15152,0.552745
-1.79798,1.19192,0.664988
-1.79798,1.23232,0.79083
-1.79798,1.27273,0.928372
-1.79798,1.31313,1.07517
-1.79798,1.35354,1.22825
-1.79798,1.39394,1.38417
-1.79798,1.43434,1.53911
-1.79798,1.47475,1.68892
-1.79798,1.51515,1.82929
-1.79798,1.55556,1.95586
-1.79798,1.59596,2.06439
-1.79798,1.63636,2.15095
-1.79798,1.67677,2.21207
-1.79798,1.71717,2.24489
-1.79798,1.75758,2.24739
-1.79798,1.79798,2.21845
-1.79798,1.83838,2.15804
-1.79798,1.87879,2.06723
-1.79798,1.91919,1.94829
-1.79798,1.9596,1.80461
-1.79798,2,1.64072
-1.75758,-2,1.78858
-1.75758,-1.9596,1.9371
-1.75758,-1.91919,2.06038
-1.75758,-1.87879,2.15468
-1.75758,-1.83838,2.21744
-1.75758,-1.79798,2.24739
-1.75758,-1.75758,2.24446
-1.75758,-1.71717,2.20975
-1.75758,-1.67677,2.14537
-1.75758,-1.63636,2.05432
-1.75758,-1.59596,1.94032
-1.75758,-1.55556,1.8076
-1.75758,-1.51515,1.66072
-1.75758,-1.47475,1.50438
-1.75758,-1.43434,1.34328
-1.75758,-1.39394,1.18188
-1.75758,-1.35354,1.02436
-1.75758,-1.31313,0.874416
-1.75758,-1.27273,0.735256
-1.75758,-1.23232,0.609491
-1.75758,-1.19192,0.499132
-1.75758,-1.15152,0.405574
-1.75758,-1.11111,0.329626
-1.75758,-1.07071,0.271541
-1.75758,-1.0303,0.23107
-1.75758,-0.989899,0.20753
-1.75758,-0.949495,0.199874
-1.75758,-0.909091,0.206763
-1.75758,-0.868687,0.226643
-1.75758,-0.828283,0.257817
-1.75758,-0.787879,0.298512
-1.75758,-0.747475,0.346936
-1.75758,-0.707071,0.401332
-1.75758,-0.666667,0.460019
-1.75758,-0.626263,0.521423
-1.75758,-0.585859,0.584104
-1.75758,-0.545455,0.646769
-1.75758,-0.505051,0.708283
-1.75758,-0.464646,0.767664
-1.75758,-0.424242,0.824085
-1.75758,-0.383838,0.876859
-1.75758,-0.343434,0.925433
-1.75758,-0.30303,0.969367
-1.75758,-0.262626,1.00832
-1.75758,-0.222222,1.04205
-1.75758,-0.181818,1.07036
-1.75758,-0.141414,1.09313
-1.75758,-0.10101,1.11027
-1.75758,-0.0606061,1.12173
-1.75758,-0.020202,1.12746
-1.75758,0.020202,1.12746
-1.75758,0.0606061,1.12173
-1.75758,0.10101,1.11027
-1.75758,0.141414,1.09313
-1.75758,0.181818,1.07036
-1.75758,0.222222,1.04205
-1.75758,0.262626,1.00832
-1.75758,0.30303,0.969367
-1.75758,0.343434,0.925433
-1.75758,0.383838,0.876859
-1.75758,0.424242,0.824085
-1.75758,0.464646,0.767664
-1.75758,0.505051,0.708283
-1.75758,0.545455,0.646769
-1.75758,0.585859,0.584104
-1.75758,0.626263,0.521423
-1.75758,0.666667,0.460019
-1.75758,0.707071,0.401332
-1.75758,0.747475,0.346936
-1.75758,0.787879,0.298512
-1.75758,0.828283,0.257817
-1.75758,0.868687,0.226643
-1.75758,0.909091,0.206763
-1.75758,0.949495,0.199874
-1.75758,0.989899,0.20753
-1.75758,1.0303,0.23107
-1.75758,1.07071,0.271541
-1.75758,1.11111,0.329626
-1.75758,1.15152,0.405574
-1.75758,1.19192,0.499132
-1.75758,1.23232,0.609491
-1.75758,1.27273,0.735256
-1.75758,1.31313,0.874416
-1.75758,1.35354,1.02436
-1.75758,1.39394,1.18188
-1.75758,1.43434,1.34328
-1.75758,1.47475,1.50438
-1.75758,1.51515,1.66072
-1.75758,1.55556,1.8076
-1.75758,1.59596,1.94032
-1.75758,1.63636,2.05432
-1.75758,1.67677,2.14537
-1.75758,1.71717,2.20975
-1.75758,1.75758,2.24446
-1.75758,1.79798,2.24739
-1.75758,1.83838,2.21744
-1.75758,1.87879,2.15468
-1.75758,1.91919,2.06038
-1.75758,1.9596,1.9371
-1.75758,2,1.78858
-1.71717,-2,1.92002
-1.71717,-1.9596,2.04873
-1.71717,-1.91919,2.14778
-1.71717,-1.87879,2.21431
-1.71717,-1.83838,2.24675
-1.71717,-1.79798,2.24489
-1.71717,-1.75758,2.20975
-1.71717,-1.71717,2.14348
-1.71717,-1.67677,2.0492
-1.71717,-1.63636,1.93083
-1.71717,-1.59596,1.7929
-1.71717,-1.55556,1.64028
-1.71717,-1.51515,1.47804
-1.71717,-1.47475,1.31125
-1.71717,-1.43434,1.14474
-1.71717,-1.39394,0.983021
-1.71717,-1.35354,0.830108
-1.71717,-1.31313,0.68945
-1.71717,-1.27273,0.563854
-1.71717,-1.23232,0.455455
-1.71717,-1.19192,0.36571
-1.71717,-1.15152,0.295418
-1.71717,-1.11111,0.244761
-1.71717,-1.07071,0.213368
-1.71717,-1.0303,0.200383
-1.71717,-0.989899,0.20455
-1.71717,-0.949495,0.224295
-1.71717,-0.909091,0.257817
-1.71717,-0.868687,0.303166
-1.71717,-0.828283,0.358319
-1.71717,-0.787879,0.421251
-1.71717,-0.747475,0.489994
-1.71717,-0.707071,0.562681
-1.71717,-0.666667,0.637583
-1.71717,-0.626263,0.713139
-1.71717,-0.585859,0.787971
-1.71717,-0.545455,0.860888
-1.71717,-0.505051,0.930887
-1.71717,-0.464646,0.997149
-1.71717,-0.424242,1.05902
-1.71717,-0.383838,1.116
-1.71717,-0.343434,1.16771
-1.71717,-0.30303,1.21391
-1.71717,-0.262626,1.25444
-1.71717,-0.222222,1.28918
-1.71717,-0.181818,1.31811
-1.71717,-0.141414,1.34123
-1.71717,-0.10101,1.35853
-1.71717,-0.0606061,1.37005
-1.71717,-0.020202,1.3758
-1.71717,0.020202,1.3758
-1.71717,0.0606061,1.37005
-1.71717,0.10101,1.35853
-1.71717,0.141414,1.34123
-1.71717,0.181818,1.31811
-1.71717,0.222222,1.28918
-1.71717,0.262626,1.25444
-1.71717,0.30303,1.21391
-1.71717,0.343434,1.16771
-1.71717,0.383838,1.116
-1.71717,0.424242,1.05902
-1.71717,0.464646,0.997149
-1.71717,0.505051,0.930887
-1.71717,0.545455,0.860888
-1.71717,0.585859,0.787971
-1.71717,0.626263,0.713139
-1.71717,0.666667,0.637583
-1.71717,0.707071,0.562681
-1.71717,0.747475,0.489994
-1.71717,0.787879,0.421251
-1.71717,0.828283,0.358319
-1.71717,0.868687,0.303166
-1.71717,0.909091,0.257817
-1.71717,0.949495,0.224295
-1.71717,0.989899,0.20455
-1.71717,1.0303,0.200383
-1.71717,1.07071,0.213368
-1.71717,1.11111,0.244761
-1.71717,1.15152,0.295418
-1.71717,1.19192,0.36571
-1.71717,1.23232,0.455455
-1.71717,1.27273,0.563854
-1.71717,1.31313,0.68945
-1.71717,1.35354,0.830108
-1.71717,1.39394,0.983021
-1.71717,1.43434,1.14474
-1.71717,1.47475,1.31125
-1.71717,1.51515,1.47804
-1.71717,1.55556,1.64028
-1.71717,1.59596,1.7929
-1.71717,1.63636,1.93083
-1.71717,1.67677,2.0492
-1.71717,1.71717,2.14348
-1.71717,1.75758,2.20975
-1.71717,1.79798,2.24489
-1.71717,1.83838,2.24675
-1.71717,1.87879,2.21431
-1.71717,1.91919,2.14778
-1.71717,1.9596,2.04873
-1.71717,2,1.92002
-1.67677,-2,2.03192
-1.67677,-1.9596,2.13703
-1.67677,-1.91919,2.20878
-1.67677,-1.87879,2.24528
-1.67677,-1.83838,2.24608
-1.67677,-1.79798,2.21207
-1.67677,-1.75758,2.14537
-1.67677,-1.71717,2.0492
-1.67677,-1.67677,1.92764
-1.67677,-1.63636,1.78547
-1.67677,-1.59596,1.6279
-1.67677,-1.55556,1.46036
-1.67677,-1.51515,1.28827
-1.67677,-1.47475,1.11689
-1.67677,-1.43434,0.951068
-1.67677,-1.39394,0.795164
-1.67677,-1.35354,0.652904
-1.67677,-1.31313,0.527315
-1.67677,-1.27273,0.420683
-1.67677,-1.23232,0.334541
-1.67677,-1.19192,0.269695
-1.67677,-1.15152,0.226266
-1.67677,-1.11111,0.203757
-1.67677,-1.07071,0.201137
-1.67677,-1.0303,0.21693
-1.67677,-0.989899,0.249316
-1.67677,-0.949495,0.296225
-1.67677,-0.909091,0.355435
-1.67677,-0.868687,0.424656
-1.67677,-0.828283,0.501612
-1.67677,-0.787879,0.584104
-1.67677,-0.747475,0.670065
-1.67677,-0.707071,0.757604
-1.67677,-0.666667,0.845034
-1.67677,-0.626263,0.930887
-1.67677,-0.585859,1.01393
-1.67677,-0.545455,1.09313
-1.67677,-0.505051,1.16771
-1.67677,-0.464646,1.23706
-1.67677,-0.424242,1.30076
-1.67677,-0.383838,1.35853
-1.67677,-0.343434,1.41024
-1.67677,-0.30303,1.45583
-1.67677,-0.262626,1.49536
-1.67677,-0.222222,1.5289
-1.67677,-0.181818,1.55658
-1.67677,-0.141414,1.57852
-1.67677,-0.10101,1.59485
-1.67677,-0.0606061,1.60568
-1.67677,-0.020202,1.61107
-1.67677,0.020202,1.61107
-1.67677,0.0606061,1.60568
-1.67677,0.10101,1.59485
-1.67677,0.141414,1.57852
-1.67677,0.181818,1.55658
-1.67677,0.222222,1.5289
-1.67677,0.262626,1.49536
-1.67677,0.30303,1.45583
-1.67677,0.343434,1.41024
-1.67677,0.383838,1.35853
-1.67677,0.424242,1.30076
-1.67677,0.464646,1.23706
-1.67677,0.505051,1.16771
-1.67677,0.545455,1.09313
-1.67677,0.585859,1.01393
-1.67677,0.626263,0.930887
-1.67677,0.666667,0.845034
-1.67677,0.707071,0.757604
-1.67677,0.747475,0.670065
-1.67677,0.787879,0.584104
-1.67677,0.828283,0.501612
-1.67677,0.868687,0.424656
-1.67677,0.909091,0.355435
-1.67677,0.949495,0.296225
-1.67677,0.989899,0.249316
-1.67677,1.0303,0.21693
-1.67677,1.07071,0.201137
-1.67677,1.11111,0.203757
-1.67677,1.15152,0.226266
-1.67677,1.19192,0.269695
-1.67677,1.23232,0.334541
-1.67677,1.27273,0.420683
-1.67677,1.31313,0.527315
-1.67677,1.35354,0.652904
-1.67677,1.39394,0.795164
-1.67677,1.43434,0.951068
-1.67677,1.47475,1.11689
-1.67677,1.51515,1.28827
-1.67677,1.55556,1.46036
-1.67677,1.59596,1.6279
-1.67677,1.63636,1.78547
-1.67677,1.67677,1.92764
-1.67677,1.71717,2.0492
-1.67677,1.75758,2.14537
-1.67677,1.79798,2.21207
-1.67677,1.83838,2.24608
-1.67677,1.87879,2.24528
-1.67677,1.91919,2.20878
-1.67677,1.9596,2.13703
-1.67677,2,2.03192
-1.63636,-2,2.12195
-1.63636,-1.9596,2.2004
-1.63636,-1.91919,2.24259
-1.63636,-1.87879,2.24772
-1.63636,-1.83838,2.2165
-1.63636,-1.79798,2.15095
-1.63636,-1.75758,2.05432
-1.63636,-1.71717,1.93083
-1.63636,-1.67677,1.78547
-1.63636,-1.63636,1.62376
-1.63636,-1.59596,1.45148
-1.63636,-1.55556,1.27446
-1.63636,-1.51515,1.09833
-1.63636,-1.47475,0.928372
-1.63636,-1.43434,0.769284
-1.63636,-1.39394,0.625111
-1.63636,-1.35354,0.499132
-1.63636,-1.31313,0.393813
-1.63636,-1.27273,0.310792
-1.63636,-1.23232,0.250901
-1.63636,-1.19192,0.214211
-1.63636,-1.15152,0.200108
-1.63636,-1.11111,0.207383
-1.63636,-1.07071,0.234335
-1.63636,-1.0303,0.278881
-1.63636,-0.989899,0.338668
-1.63636,-0.949495,0.411182
-1.63636,-0.909091,0.493844
-1.63636,-0.868687,0.584104
-1.63636,-0.828283,0.679512
-1.63636,-0.787879,0.777787
-1.63636,-0.747475,0.876859
-1.63636,-0.707071,0.974905
-1.63636,-0.666667,1.07036
-1.63636,-0.626263,1.16195
-1.63636,-0.585859,1.24864
-1.63636,-0.545455,1.32967
-1.63636,-0.505051,1.40451
-1.63636,-0.464646,1.47282
-1.63636,-0.424242,1.53446
-1.63636,-0.383838,1.58942
-1.63636,-0.343434,1.63782
-1.63636,-0.30303,1.67986
-1.63636,-0.262626,1.71578
-1.63636,-0.222222,1.74587
-1.63636,-0.181818,1.77041
-1.63636,-0.141414,1.78967
-1.63636,-0.10101,1.80389
-1.63636,-0.0606061,1.81327
-1.63636,-0.020202,1.81792
-1.63636,0.020202,1.81792
-1.63636,0.0606061,1.81327
-1.63636,0.10101,1.80389
-1.63636,0.141414,1.78967
-1.63636,0.181818,1.77041
-1.63636,0.222222,1.74587
-1.63636,0.262626,1.71578
-1.63636,0.30303,1.67986
-1.63636,0.343434,1.63782
-1.63636,0.383838,1.58942
-1.63636,0.424242,1.53446
-1.63636,0.464646,1.47282
-1.63636,0.505051,1.40451
-1.63636,0.545455,1.32967
-1.63636,0.585859,1.24864
-1.63636,0.626263,1.16195
-1.63636,0.666667,1.07036
-1.63636,0.707071,0.974905
-1.63636,0.747475,0.876859
-1.63636,0.787879,0.777787
-1.63636,0.828283,0.679512
-1.63636,0.868687,0.584104
-1.63636,0.909091,0.493844
-1.63636,0.949495,0.411182
-1.63636,0.989899,0.338668
-1.63636,1.0303,0.278881
-1.63636,1.07071,0.234335
-1.63636,1.11111,0.207383
-1.63636,1.15152,0.200108
-1.63636,1.19192,0.214211
-1.63636,1.23232,0.250901
-1.63636,1.27273,0.310792
-1.63636,1.31313,0.393813
-1.63636,1.35354,0.499132
-1.63636,1.39394,0.625111
-1.63636,1.43434,0.769284
-1.63636,1.47475,0.928372
-1.63636,1.51515,1.09833
-1.63636,1.55556,1.27446
-1.63636,1.59596,1.45148
-1.63636,1.63636,1.62376
-1.63636,1.67677,1.78547
-1.63636,1.71717,1.93083
-1.63636,1.75758,2.05432
-1.63636,1.79798,2.15095
-1.63636,1.83838,2.2165
-1.63636,1.87879,2.24772
-1.63636,1.91919,2.24259
-1.63636,1.9596,2.2004
-1.63636,2,2.12195
-1.59596,-2,2.18856
-1.59596,-1.9596,2.23808
-1.59596,-1.91919,2.2493
-1.59596,-1.87879,2.22263
-1.59596,-1.83838,2.15993
-1.59596,-1.79798,2.06439
-1.59596,-1.75758,1.94032
-1.59596,-1.71717,1.7929
-1.59596,-1.67677,1.6279
-1.59596,-1.63636,1.45148
-1.59596,-1.59596,1.26984
-1.59596,-1.55556,1.08906
-1.59596,-1.51515,0.914811
-1.59596,-1.47475,0.752199
-1.59596,-1.43434,0.605617
-1.59596,-1.39394,0.478638
-1.59596,-1.35354,0.373942
-1.59596,-1.31313,0.293307
-1.59596,-1.27273,0.237617
-1.59596,-1.23232,0.206915
-1.59596,-1.19192,0.20048
-1.59596,-1.15152,0.21693
-1.59596,-1.11111,0.254336
-1.59596,-1.07071,0.310343
-1.59596,-1.0303,0.382298
-1.59596,-0.989899,0.467374
-1.59596,-0.949495,0.562681
-1.59596,-0.909091,0.665368
-1.59596,-0.868687,0.772718
-1.59596,-0.828283,0.882208
-1.59596,-0.787879,0.991574
-1.59596,-0.747475,1.09884
-1.59596,-0.707071,1.20235
-1.59596,-0.666667,1.30076
-1.59596,-0.626263,1.39304
-1.59596,-0.585859,1.47847
-1.59596,-0.545455,1.55658
-1.59596,-0.505051,1.62716
-1.59596,-0.464646,1.69021
-1.59596,-0.424242,1.74587
-1.59596,-0.383838,1.79443
-1.59596,-0.343434,1.83629
-1.59596,-0.30303,1.87189
-1.59596,-0.262626,1.9017
-1.59596,-0.222222,1.92619
-1.59596,-0.181818,1.94582
-1.59596,-0.141414,1.96099
-1.59596,-0.10101,1.97205
-1.59596,-0.0606061,1.97927
-1.59596,-0.020202,1.98283
-1.59596,0.020202,1.98283
-1.59596,0.0606061,1.97927
-1.59596,0.10101,1.97205
-1.59596,0.141414,1.96099
-1.59596,0.181818,1.94582
-1.59596,0.222222,1.92619
-1.59596,0.262626,1.9017
-1.59596,0.30303,1.87189
-1.59596,0.343434,1.83629
-1.59596,0.383838,1.79443
-1.59596,0.424242,1.74587
-1.59596,0.464646,1.69021
-1.59596,0.505051,1.62716
-1.59596,0.545455,1.55658
-1.59596,0.585859,1.47847
-1.59596,0.626263,1.39304
-1.59596,0.666667,1.30076
-1.59596,0.707071,1.20235
-1.59596,0.747475,1.09884
-1.59596,0.787879,0.991574
-1.59596,0.828283,0.882208
-1.59596,0.868687,0.772718
-1.59596,0.909091,0.665368
-1.59596,0.949495,0.562681
-1.59596,0.989899,0.467374
-1.59596,1.0303,0.382298
-1.59596,1.07071,0.310343
-1.59596,1.11111,0.254336
-1.59596,1.15152,0.21693
-1.59596,1.19192,0.20048
-1.59596,1.23232,0.206915
-1.59596,1.27273,0.237617
-1.59596,1.31313,0.293307
-1.59596,1.35354,0.373942
-1.59596,1.39394,0.478638
-1.59596,1.43434,0.605617
-1.59596,1.47475,0.752199
-1.59596,1.51515,0.914811
-1.59596,1.55556,1.08906
-1.59596,1.59596,1.26984
-1.59596,1.63636,1.45148
-1.59596,1.67677,1.6279
-1.59596,1.71717,1.7929
-1.59596,1.75758,1.94032
-1.59596,1.79798,2.06439
-1.59596,1.83838,2.15993
-1.59596,1.87879,2.22263
-1.59596,1.91919,2.2493
-1.59596,1.9596,2.23808
-1.59596,2,2.18856
-1.55556,-2,2.23101
-1.55556,-1.9596,2.25012
-1.55556,-1.91919,2.22984
-1.55556,-1.87879,2.17178
-1.55556,-1.83838,2.07902
-1.55556,-1.79798,1.95586
-1.55556,-1.75758,1.8076
-1.55556,-1.71717,1.64028
-1.55556,-1.67677,1.46036
-1.55556,-1.63636,1.27446
-1.55556,-1.59596,1.08906
-1.55556,-1.55556,0.910301
-1.55556,-1.51515,0.743709
-1.55556,-1.47475,0.594071
-1.55556,-1.43434,0.465293
-1.55556,-1.39394,0.360319
-1.55556,-1.35354,0.281103
-1.55556,-1.31313,0.228619
-1.55556,-1.27273,0.202911
-1.55556,-1.23232,0.203171
-1.55556,-1.19192,0.227857
-1.55556,-1.15152,0.27481
-1.55556,-1.11111,0.341399
-1.55556,-1.07071,0.424656
-1.55556,-1.0303,0.521423
-1.55556,-0.989899,0.628473
-1.55556,-0.949495,0.742634
-1.55556,-0.909091,0.860888
-1.55556,-0.868687,0.980452
-1.55556,-0.828283,1.09884
-1.55556,-0.787879,1.21391
-1.55556,-0.747475,1.3239
-1.55556,-0.707071,1.42738
-1.55556,-0.666667,1.52334
-1.55556,-0.626263,1.61107
-1.55556,-0.585859,1.69021
-1.55556,-0.545455,1.76065
-1.55556,-0.505051,1.82255
-1.55556,-0.464646,1.87623
-1.55556,-0.424242,1.92218
-1.55556,-0.383838,1.96099
-1.55556,-0.343434,1.99332
-1.55556,-0.30303,2.01987
-1.55556,-0.262626,2.04132
-1.55556,-0.222222,2.05832
-1.55556,-0.181818,2.07149
-1.55556,-0.141414,2.08135
-1.55556,-0.10101,2.08834
-1.55556,-0.0606061,2.0928
-1.55556,-0.020202,2.09498
-1.55556,0.020202,2.09498
-1.55556,0.0606061,2.0928
-1.55556,0.10101,2.08834
-1.55556,0.141414,2.08135
-1.55556,0.181818,2.07149
-1.55556,0.222222,2.05832
-1.55556,0.262626,2.04132
-1.55556,0.30303,2.01987
-1.55556,0.343434,1.99332
-1.55556,0.383838,1.96099
-1.55556,0.424242,1.92218
-1.55556,0.464646,1.87623
-1.55556,0.505051,1.82255
-1.55556,0.545455,1.76065
-1.55556,0.585859,1.69021
-1.55556,0.626263,1.61107
-1.55556,0.666667,1.52334
-1.55556,0.707071,1.42738
-1.55556,0.747475,1.3239
-1.55556,0.787879,1.21391
-1.55556,0.828283,1.09884
-1.55556,0.868687,0.980452
-1.55556,0.909091,0.860888
-1.55556,0.949495,0.742634
-1.55556,0.989899,0.628473
-1.55556,1.0303,0.521423
-1.55556,1.07071,0.424656
-1.55556,1.11111,0.341399
-1.55556,1.15152,0.27481
-1.55556,1.19192,0.227857
-1.55556,1.23232,0.203171
-1.55556,1.27273,0.202911
-1.55556,1.31313,0.228619
-1.55556,1.35354,0.281103
-1.55556,1.39394,0.360319
-1.55556,1.43434,0.465293
-1.55556,1.47475,0.594071
-1.55556,1.51515,0.743709
-1.55556,1.55556,0.910301
-1.55556,1.59596,1.08906
-1.55556,1.63636,1.27446
-1.55556,1.67677,1.46036
-1.55556,1.71717,1.64028
-1.55556,1.75758,1.8076
-1.55556,1.79798,1.95586
-1.55556,1.83838,2.07902
-1.55556,1.87879,2.17178
-1.55556,1.91919,2.22984
-1.55556,1.9596,2.25012
-1.55556,2,2.23101
-1.51515,-2,2.24927
-1.51515,-1.9596,2.23731
-1.51515,-1.91919,2.18582
-1.51515,-1.87879,2.09763
-1.51515,-1.83838,1.977
-1.51515,-1.79798,1.82929
-1.51515,-1.75758,1.66072
-1.51515,-1.71717,1.47804
-1.51515,-1.67677,1.28827
-1.51515,-1.63636,1.09833
-1.51515,-1.59596,0.914811
-1.51515,-1.55556,0.743709
-1.51515,-1.51515,0.590248
-1.51515,-1.47475,0.458718
-1.51515,-1.43434,0.352377
-1.51515,-1.39394,0.273408
-1.51515,-1.35354,0.222919
-1.51515,-1.31313,0.200991
-1.51515,-1.27273,0.206763
-1.51515,-1.23232,0.238546
-1.51515,-1.19192,0.293964
-1.51515,-1.15152,0.370107
-1.51515,-1.11111,0.463685
-1.51515,-1.07071,0.571187
-1.51515,-1.0303,0.689031
-1.51515,-0.989899,0.813694
-1.51515,-0.949495,0.94183
-1.51515,-0.909091,1.07036
-1.51515,-0.868687,1.19657
-1.51515,-0.828283,1.31811
-1.51515,-0.787879,1.43309
-1.51515,-0.747475,1.54001
-1.51515,-0.707071,1.63782
-1.51515,-0.666667,1.72588
-1.51515,-0.626263,1.80389
-1.51515,-0.585859,1.87189
-1.51515,-0.545455,1.93017
-1.51515,-0.505051,1.97927
-1.51515,-0.464646,2.01987
-1.51515,-0.424242,2.0528
-1.51515,-0.383838,2.07894
-1.51515,-0.343434,2.09921
-1.51515,-0.30303,2.11453
-1.51515,-0.262626,2.12579
-1.51515,-0.222222,2.13378
-1.51515,-0.181818,2.13927
-1.51515,-0.141414,2.14286
-1.51515,-0.10101,2.14509
-1.51515,-0.0606061,2.14636
-1.51515,-0.020202,2.14692
-1.51515,0.020202,2.14692
-1.51515,0.0606061,2.14636
-1.51515,0.10101,2.14509
-1.51515,0.141414,2.14286
-1.51515,0.181818,2.13927
-1.51515,0.222222,2.13378
-1.51515,0.262626,2.12579
-1.51515,0.30303,2.11453
-1.51515,0.343434,2.09921
-1.51515,0.383838,2.07894
-1.51515,0.424242,2.0528
-1.51515,0.464646,2.01987
-1.51515,0.505051,1.97927
-1.51515,0.545455,1.93017
-1.51515,0.585859,1.87189
-1.51515,0.626263,1.80389
-1.51515,0.666667,1.72588
-1.51515,0.707071,1.63782
-1.51515,0.747475,1.54001
-1.51515,0.787879,1.43309
-1.51515,0.828283,1.31811
-1.51515,0.868687,1.19657
-1.51515,0.909091,1.07036
-1.51515,0.949495,0.94183
-1.51515,0.989899,0.813694
-1.51515,1.0303,0.689031
-1.51515,1.07071,0.571187
-1.51515,1.11111,0.463685
-1.51515,1.15152,0.370107
-1.51515,1.19192,0.293964
-1.51515,1.23232,0.238546
-1.51515,1.27273,0.206763
-1.51515,1.31313,0.200991
-1.51515,1.35354,0.222919
-1.51515,1.39394,0.273408
-1.51515,1.43434,0.352377
-1.51515,1.47475,0.458718
-1.51515,1.51515,0.590248
-1.51515,1.55556,0.743709
-1.51515,1.59596,0.914811
-1.51515,1.63636,1.09833
-1.51515,1.67677,1.28827
-1.51515,1.71717,1.47804
-1.51515,1.75758,1.66072
-1.51515,1.79798,1.82929
-1.51515,1.83838,1.977
-1.51515,1.87879,2.09763
-1.51515,1.91919,2.18582
-1.51515,1.9596,2.23731
-1.51515,2,2.24927
-1.47475,-2,2.24401
-1.47475,-1.9596,2.2011
-1.47475,-1.91919,2.11945
-1.47475,-1.87879,2.00314
-1.47475,-1.83838,1.85752
-1.47475,-1.79798,1.68892
-1.47475,-1.75758,1.50438
-1.47475,-1.71717,1.31125
-1.47475,-1.67677,1.11689
-1.47475,-1.63636,0.928372
-1.47475,-1.59596,0.752199
-1.47475,-1.55556,0.594071
-1.47475,-1.51515,0.458718
-1.47475,-1.47475,0.349769
-1.47475,-1.43434,0.269695
-1.47475,-1.39394,0.219794
-1.47475,-1.35354,0.200233
-1.47475,-1.31313,0.210134
-1.47475,-1.27273,0.247696
-1.47475,-1.23232,0.310343
-1.47475,-1.19192,0.394889
-1.47475,-1.15152,0.497717
-1.47475,-1.11111,0.614953
-1.47475,-1.07071,0.742634
-1.47475,-1.0303,0.876859
-1.47475,-0.989899,1.01393
-1.47475,-0.949495,1.15044
-1.47475,-0.909091,1.28339
-1.47475,-0.868687,1.41024
-1.47475,-0.828283,1.5289
-1.47475,-0.787879,1.63782
-1.47475,-0.747475,1.73591
-1.47475,-0.707071,1.82255
-1.47475,-0.666667,1.89752
-1.47475,-0.626263,1.96099
-1.47475,-0.585859,2.01343
-1.47475,-0.545455,2.05558
-1.47475,-0.505051,2.08834
-1.47475,-0.464646,2.11276
-1.47475,-0.424242,2.12998
-1.47475,-0.383838,2.14115
-1.47475,-0.343434,2.14744
-1.47475,-0.30303,2.14995
-1.47475,-0.262626,2.14971
-1.47475,-0.222222,2.14768
-1.47475,-0.181818,2.14468
-1.47475,-0.141414,2.14141
-1.47475,-0.10101,2.13846
-1.47475,-0.0606061,2.13624
-1.47475,-0.020202,2.13506
-1.47475,0.020202,2.13506
-1.47475,0.0606061,2.13624
-1.47475,0.10101,2.13846
-1.47475,0.141414,2.14141
-1.47475,0.181818,2.14468
-1.47475,0.222222,2.14768
-1.47475,0.262626,2.14971
-1.47475,0.30303,2.14995
-1.47475,0.343434,2.14744
-1.47475,0.383838,2.14115
-1.47475,0.424242,2.12998
-1.47475,0.464646,2.11276
-1.47475,0.505051,2.08834
-1.47475,0.545455,2.05558
-1.47475,0.585859,2.01343
-1.47475,0.626263,1.96099
-1.47475,0.666667,1.89752
-1.47475,0.707071,1.82255
-1.47475,0.747475,1.73591
-1.47475,0.787879,1.63782
-1.47475,0.828283,1.5289
-1.47475,0.868687,1.41024
-1.47475,0.909091,1.28339
-1.47475,0.949495,1.15044
-1.47475,0.989899,1.01393
-1.47475,1.0303,0.876859
-1.47475,1.07071,0.742634
-1.47475,1.11111,0.614953
-1.47475,1.15152,0.497717
-1.47475,1.19192,0.394889
-1.47475,1.23232,0.310343
-1.47475,1.27273,0.247696
-1.47475,1.31313,0.210134
-1.47475,1.35354,0.200233
-1.47475,1.39394,0.219794
-1.47475,1.43434,0.269695
-1.47475,1.47475,0.349769
-1.47475,1.51515,0.458718
-1.47475,1.55556,0.594071
-1.47475,1.59596,0.752199
-1.47475,1.63636,0.928372
-1.47475,1.67677,1.11689
-1.47475,1.71717,1.31125
-1.47475,1.75758,1.50438
-1.47475,1.79798,1.68892
-1.47475,1.83838,1.85752
-1.47475,1.87879,2.00314
-1.47475,1.91919,2.11945
-1.47475,1.9596,2.2011
-1.47475,2,2.24401
-1.43434,-2,2.2165
-1.43434,-1.9596,2.14348
-1.43434,-1.91919,2.03345
-1.43434,-1.87879,1.89164
-1.43434,-1.83838,1.72446
-1.43434,-1.79798,1.53911
-1.43434,-1.75758,1.34328
-1.43434,-1.71717,1.14474
-1.43434,-1.67677,0.951068
-1.43434,-1.63636,0.769284
-1.43434,-1.59596,0.605617
-1.43434,-1.55556,0.465293
-1.43434,-1.51515,0.352377
-1.43434,-1.47475,0.269695
-1.43434,-1.43434,0.218801
-1.43434,-1.39394,0.20001
-1.43434,-1.35354,0.21248
-1.43434,-1.31313,0.254336
-1.43434,-1.27273,0.322828
-1.43434,-1.23232,0.414514
-1.43434,-1.19192,0.525451
-1.43434,-1.15152,0.651391
-1.43434,-1.11111,0.787971
-1.43434,-1.07071,0.930887
-1.43434,-1.0303,1.07605
-1.43434,-0.989899,1.2197
-1.43434,-0.949495,1.35853
-1.43434,-0.909091,1.48974
-1.43434,-0.868687,1.61107
-1.43434,-0.828283,1.72084
-1.43434,-0.787879,1.81792
-1.43434,-0.747475,1.9017
-1.43434,-0.707071,1.97205
-1.43434,-0.666667,2.02927
-1.43434,-0.626263,2.07401
-1.43434,-0.585859,2.1072
-1.43434,-0.545455,2.12998
-1.43434,-0.505051,2.14365
-1.43434,-0.464646,2.14959
-1.43434,-0.424242,2.14922
-1.43434,-0.383838,2.14393
-1.43434,-0.343434,2.13506
-1.43434,-0.30303,2.12387
-1.43434,-0.262626,2.11151
-1.43434,-0.222222,2.09899
-1.43434,-0.181818,2.0872
-1.43434,-0.141414,2.07688
-1.43434,-0.10101,2.06862
-1.43434,-0.0606061,2.06287
-1.43434,-0.020202,2.05992
-1.43434,0.020202,2.05992
-1.43434,0.0606061,2.06287
-1.43434,0.10101,2.06862
-1.43434,0.141414,2.07688
-1.43434,0.181818,2.0872
-1.43434,0.222222,2.09899
-1.43434,0.262626,2.11151
-1.43434,0.30303,2.12387
-1.43434,0.343434,2.13506
-1.43434,0.383838,2.14393
-1.43434,0.424242,2.14922
-1.43434,0.464646,2.14959
-1.43434,0.505051,2.14365
-1.43434,0.545455,2.12998
-1.43434,0.585859,2.1072
-1.43434,0.626263,2.07401
-1.43434,0.666667,2.02927
-1.43434,0.707071,1.97205
-1.43434,0.747475,1.9017
-1.43434,0.787879,1.81792
-1.43434,0.828283,1.72084
-1.43434,0.868687,1.61107
-1.43434,0.909091,1.48974
-1.43434,0.949495,1.35853
-1.43434,0.989899,1.2197
-1.43434,1.0303,1.07605
-1.43434,1.07071,0.930887
-1.43434,1.11111,0.787971
-1.43434,1.15152,0.651391
-1.43434,1.19192,0.525451
-1.43434,1.23232,0.414514
-1.43434,1.27273,0.322828
-1.43434,1.31313,0.254336
-1.43434,1.35354,0.21248
-1.43434,1.39394,0.20001
-1.43434,1.43434,0.218801
-1.43434,1.47475,0.269695
-1.43434,1.51515,0.352377
-1.43434,1.55556,0.465293
-1.43434,1.59596,0.605617
-1.43434,1.63636,0.769284
-1.43434,1.67677,0.951068
-1.43434,1.71717,1.14474
-1.43434,1.75758,1.34328
-1.43434,1.79798,1.53911
-1.43434,1.83838,1.72446
-1.43434,1.87879,1.89164
-1.43434,1.91919,2.03345
-1.43434,1.9596,2.14348
-1.43434,2,2.2165
-1.39394,-2,2.16848
-1.39394,-1.9596,2.06687
-1.39394,-1.91919,1.93083
-1.39394,-1.87879,1.76672
-1.39394,-1.83838,1.58185
-1.39394,-1.79798,1.38417
-1.39394,-1.75758,1.18188
-1.39394,-1.71717,0.983021
-1.39394,-1.67677,0.795164
-1.39394,-1.63636,0.625111
-1.39394,-1.59596,0.478638
-1.39394,-1.55556,0.360319
-1.39394,-1.51515,0.273408
-1.39394,-1.47475,0.219794
-1.39394,-1.43434,0.20001
-1.39394,-1.39394,0.213316
-1.39394,-1.35354,0.257817
-1.39394,-1.31313,0.330632
-1.39394,-1.27273,0.428085
-1.39394,-1.23232,0.54592
-1.39394,-1.19192,0.679512
-1.39394,-1.15152,0.824085
-1.39394,-1.11111,0.974905
-1.39394,-1.07071,1.12746
-1.39394,-1.0303,1.2776
-1.39394,-0.989899,1.42167
-1.39394,-0.949495,1.55658
-1.39394,-0.909091,1.67986
-1.39394,-0.868687,1.78967
-1.39394,-0.828283,1.88482
-1.39394,-0.787879,1.96471
-1.39394,-0.747475,2.02927
-1.39394,-0.707071,2.07894
-1.39394,-0.666667,2.11453
-1.39394,-0.626263,2.1372
-1.39394,-0.585859,2.14834
-1.39394,-0.545455,2.14949
-1.39394,-0.505051,2.1423
-1.39394,-0.464646,2.12844
-1.39394,-0.424242,2.10955
-1.39394,-0.383838,2.0872
-1.39394,-0.343434,2.06287
-1.39394,-0.30303,2.03789
-1.39394,-0.262626,2.01346
-1.39394,-0.222222,1.99063
-1.39394,-0.181818,1.97028
-1.39394,-0.141414,1.95315
-1.39394,-0.10101,1.9398
-1.39394,-0.0606061,1.93067
-1.39394,-0.020202,1.92603
-1.39394,0.020202,1.92603
-1.39394,0.0606061,1.93067
-1.39394,0.10101,1.9398
-1.39394,0.141414,1.95315
-1.39394,0.181818,1.97028
-1.39394,0.222222,1.99063
-1.39394,0.262626,2.01346
-1.39394,0.30303,2.03789
-1.39394,0.343434,2.06287
-1.39394,0.383838,2.0872
-1.39394,0.424242,2.10955
-1.39394,0.464646,2.12844
-1.39394,0.505051,2.1423
-1.39394,0.545455,2.14949
-1.39394,0.585859,2.14834
-1.39394,0.626263,2.1372
-1.39394,0.666667,2.11453
-1.39394,0.707071,2.07894
-1.39394,0.747475,2.02927
-1.39394,0.787879,1.96471
-1.39394,0.828283,1.88482
-1.39394,0.868687,1.78967
-1.39394,0.909091,1.67986
-1.39394,0.949495,1.55658
-1.39394,0.989899,1.42167
-1.39394,1.0303,1.2776
-1.39394,1.07071,1.12746
-1.39394,1.11111,0.974905
-1.39394,1.15152,0.824085
-1.39394,1.19192,0.679512
-1.39394,1.23232,0.54592
-1.39394,1.27273,0.428085
-1.39394,1.31313,0.330632
-1.39394,1.35354,0.257817
-1.39394,1.39394,0.213316
-1.39394,1.43434,0.20001
-1.39394,1.47475,0.219794
-1.39394,1.51515,0.273408
-1.39394,1.55556,0.360319
-1.39394,1.59596,0.478638
-1.39394,1.63636,0.625111
-1.39394,1.67677,0.795164
-1.39394,1.71717,0.983021
-1.39394,1.75758,1.18188
-1.39394,1.79798,1.38417
-1.39394,1.83838,1.58185
-1.39394,1.87879,1.76672
-1.39394,1.91919,1.93083
-1.39394,1.9596,2.06687
-1.39394,2,2.16848
-1.35354,-2,2.10213
-1.35354,-1.9596,1.97402
-1.35354,-1.91919,1.81488
-1.35354,-1.87879,1.63204
-1.35354,-1.83838,1.43365
-1.35354,-1.79798,1.22825
-1.35354,-1.75758,1.02436
-1.35354,-1.71717,0.830108
-1.35354,-1.67677,0.652904
-1.35354,-1.63636,0.499132
-1.35354,-1.59596,0.373942
-1.35354,-1.55556,0.281103
-1.35354,-1.51515,0.222919
-1.35354,-1.47475,0.200233
-1.35354,-1.43434,0.21248
-1.35354,-1.39394,0.257817
-1.35354,-1.35354,0.333285
-1.35354,-1.31313,0.435015
-1.35354,-1.27273,0.558459
-1.35354,-1.23232,0.698622
-1.35354,-1.19192,0.850305
-1.35354,-1.15152,1.00832
-1.35354,-1.11111,1.16771
-1.35354,-1.07071,1.3239
-1.35354,-1.0303,1.47282
-1.35354,-0.989899,1.61107
-1.35354,-0.949495,1.73591
-1.35354,-0.909091,1.84534
-1.35354,-0.868687,1.93805
-1.35354,-0.828283,2.01343
-1.35354,-0.787879,2.07149
-1.35354,-0.747475,2.11276
-1.35354,-0.707071,2.13826
-1.35354,-0.666667,2.14935
-1.35354,-0.626263,2.14768
-1.35354,-0.585859,2.13506
-1.35354,-0.545455,2.11342
-1.35354,-0.505051,2.08469
-1.35354,-0.464646,2.05077
-1.35354,-0.424242,2.01346
-1.35354,-0.383838,1.97445
-1.35354,-0.343434,1.93526
-1.35354,-0.30303,1.89724
-1.35354,-0.262626,1.86157
-1.35354,-0.222222,1.82926
-1.35354,-0.181818,1.80114
-1.35354,-0.141414,1.77787
-1.35354,-0.10101,1.75999
-1.35354,-0.0606061,1.74786
-1.35354,-0.020202,1.74173
-1.35354,0.020202,1.74173
-1.35354,0.0606061,1.74786
-1.35354,0.10101,1.75999
-1.35354,0.141414,1.77787
-1.35354,0.181818,1.80114
-1.35354,0.222222,1.82926
-1.35354,0.262626,1.86157
-1.35354,0.30303,1.89724
-1.35354,0.343434,1.93526
-1.35354,0.383838,1.97445
-1.35354,0.424242,2.01346
-1.35354,0.464646,2.05077
-1.35354,0.505051,2.08469
-1.35354,0.545455,2.11342
-1.35354,0.585859,2.13506
-1.35354,0.626263,2.14768
-1.35354,0.666667,2.14935
-1.35354,0.707071,2.13826
-1.35354,0.747475,2.11276
-1.35354,0.787879,2.07149
-1.35354,0.828283,2.01343
-1.35354,0.868687,1.93805
-1.35354,0.909091,1.84534
-1.35354,0.949495,1.73591
-1.35354,0.989899,1.61107
-1.35354,1.0303,1.47282
-1.35354,1.07071,1.3239
-1.35354,1.11111,1.16771
-1.35354,1.15152,1.00832
-1.35354,1.19192,0.850305
-1.35354,1.23232,0.698622
-1.35354,1.27273,0.558459
-1.35354,1.31313,0.435015
-1.35354,1.35354,0.333285
-1.35354,1.39394,0.257817
-1.35354,1.43434,0.21248
-1.35354,1.47475,0.200233
-1.35354,1.51515,0.222919
-1.35354,1.55556,0.281103
-1.35354,1.59596,0.373942
-1.35354,1.63636,0.499132
-1.35354,1.67677,0.652904
-1.35354,1.71717,0.830108
-1.35354,1.75758,1.02436
-1.35354,1.79798,1.22825
-1.35354,1.83838,1.43365
-1.35354,1.87879,1.63204
-1.35354,1.91919,1.81488
-1.35354,1.9596,1.97402
-1.35354,2,2.10213
-1.31313,-2,2.0199
-1.31313,-1.9596,1.86789
-1.31313,-1.91919,1.68892
-1.31313,-1.87879,1.49124
-1.31313,-1.83838,1.28367
-1.31313,-1.79798,1.07517
-1.31313,-1.75758,0.874416
-1.31313,-1.71717,0.68945
-1.31313,-1.67677,0.527315
-1.31313,-1.63636,0.393813
-1.31313,-1.59596,0.293307
-1.31313,-1.55556,0.228619
-1.31313,-1.51515,0.200991
-1.31313,-1.47475,0.210134
-1.31313,-1.43434,0.254336
-1.31313,-1.39394,0.330632
-1.31313,-1.35354,0.435015
-1.31313,-1.31313,0.562681
-1.31313,-1.27273,0.708283
-1.31313,-1.23232,0.866199
-1.31313,-1.19192,1.03078
-1.31313,-1.15152,1.19657
-1.31313,-1.11111,1.35853
-1.31313,-1.07071,1.51217
-1.31313,-1.0303,1.6537
-1.31313,-0.989899,1.78008
-1.31313,-0.949495,1.88908
-1.31313,-0.909091,1.97927
-1.31313,-0.868687,2.04998
-1.31313,-0.828283,2.10127
-1.31313,-0.787879,2.13378
-1.31313,-0.747475,2.14872
-1.31313,-0.707071,2.14768
-1.31313,-0.666667,2.13256
-1.31313,-0.626263,2.10547
-1.31313,-0.585859,2.06862
-1.31313,-0.545455,2.02422
-1.31313,-0.505051,1.97445
-1.31313,-0.464646,1.92135
-1.31313,-0.424242,1.8668
-1.31313,-0.383838,1.81252
-1.31313,-0.343434,1.75999
-1.31313,-0.30303,1.7105
-1.31313,-0.262626,1.66515
-1.31313,-0.222222,1.62482
-1.31313,-0.181818,1.59024
-1.31313,-0.141414,1.56196
-1.31313,-0.10101,1.54041
-1.31313,-0.0606061,1.52588
-1.31313,-0.020202,1.51857
-1.31313,0.020202,1.51857
-1.31313,0.0606061,1.52588
-1.31313,0.10101,1.54041
-1.31313,0.141414,1.56196
-1.31313,0.181818,1.59024
-1.31313,0.222222,1.62482
-1.31313,0.262626,1.66515
-1.31313,0.30303,1.7105
-1.31313,0.343434,1.75999
-1.31313,0.383838,1.81252
-1.31313,0.424242,1.8668
-1.31313,0.464646,1.92135
-1.31313,0.505051,1.97445
-1.31313,0.545455,2.02422
-1.31313,0.585859,2.06862
-1.31313,0.626263,2.10547
-1.31313,0.666667,2.13256
-1.31313,0.707071,2.14768
-1.31313,0.747475,2.14872
-1.31313,0.787879,2.13378
-1.31313,0.828283,2.10127
-1.31313,0.868687,2.04998
-1.31313,0.909091,1.97927
-1.31313,0.949495,1.88908
-1.31313,0.989899,1.78008
-1.31313,1.0303,1.6537
-1.31313,1.07071,1.51217
-1.31313,1.11111,1.35853
-1.31313,1.15152,1.19657
-1.31313,1.19192,1.03078
-1.31313,1.23232,0.866199
-1.31313,1.27273,0.708283
-1.31313,1.31313,0.562681
-1.31313,1.35354,0.435015
-1.31313,1.39394,0.330632
-1.31313,1.43434,0.254336
-1.31313,1.47475,0.210134
-1.31313,1.51515,0.200991
-1.31313,1.55556,0.228619
-1.31313,1.59596,0.293307
-1.31313,1.63636,0.393813
-1.31313,1.67677,0.527315
-1.31313,1.71717,0.68945
-1.31313,1.75758,0.874416
-1.31313,1.79798,1.07517
-1.31313,1.83838,1.28367
-1.31313,1.87879,1.49124
-1.31313,1.91919,1.68892
-1.31313,1.9596,1.86789
-1.31313,2,2.0199
-1.27273,-2,1.92444
-1.27273,-1.9596,1.75151
-1.27273,-1.91919,1.5563
-1.27273,-1.87879,1.34784
-1.27273,-1.83838,1.13546
-1.27273,-1.79798,0.928372
-1.27273,-1.75758,0.735256
-1.27273,-1.71717,0.563854
-1.27273,-1.67677,0.420683
-1.27273,-1.63636,0.310792
-1.27273,-1.59596,0.237617
-1.27273,-1.55556,0.202911
-1.27273,-1.51515,0.206763
-1.27273,-1.47475,0.247696
-1.27273,-1.43434,0.322828
-1.27273,-1.39394,0.428085
-1.27273,-1.35354,0.558459
-1.27273,-1.31313,0.708283
-1.27273,-1.27273,0.871523
-1.27273,-1.23232,1.04205
-1.27273,-1.19192,1.21391
-1.27273,-1.15152,1.38155
-1.27273,-1.11111,1.54001
-1.27273,-1.07071,1.68504
-1.27273,-1.0303,1.81327
-1.27273,-0.989899,1.92218
-1.27273,-0.949495,2.01017
-1.27273,-0.909091,2.07649
-1.27273,-0.868687,2.12121
-1.27273,-0.828283,2.14509
-1.27273,-0.787879,2.14949
-1.27273,-0.747475,2.13624
-1.27273,-0.707071,2.10753
-1.27273,-0.666667,2.06577
-1.27273,-0.626263,2.01346
-1.27273,-0.585859,1.95315
-1.27273,-0.545455,1.88727
-1.27273,-0.505051,1.81814
-1.27273,-0.464646,1.74786
-1.27273,-0.424242,1.6783
-1.27273,-0.383838,1.6111
-1.27273,-0.343434,1.54763
-1.27273,-0.30303,1.48903
-1.27273,-0.262626,1.43623
-1.27273,-0.222222,1.38993
-1.27273,-0.181818,1.35068
-1.27273,-0.141414,1.31889
-1.27273,-0.10101,1.29483
-1.27273,-0.0606061,1.2787
-1.27273,-0.020202,1.2706
-1.27273,0.020202,1.2706
-1.27273,0.0606061,1.2787
-1.27273,0.10101,1.29483
-1.27273,0.141414,1.31889
-1.27273,0.181818,1.35068
-1.27273,0.222222,1.38993
-1.27273,0.262626,1.43623
-1.27273,0.30303,1.48903
-1.27273,0.343434,1.54763
-1.27273,0.383838,1.6111
-1.27273,0.424242,1.6783
-1.27273,0.464646,1.74786
-1.27273,0.505051,1.81814
-1.27273,0.545455,1.88727
-1.27273,0.585859,1.95315
-1.27273,0.626263,2.01346
-1.27273,0.666667,2.06577
-1.27273,0.707071,2.10753
-1.27273,0.747475,2.13624
-1.27273,0.787879,2.14949
-1.27273,0.828283,2.14509
-1.27273,0.868687,2.12121
-1.27273,0.909091,2.07649
-1.27273,0.949495,2.01017
-1.27273,0.989899,1.92218
-1.27273,1.0303,1.81327
-1.27273,1.07071,1.68504
-1.27273,1.11111,1.54001
-1.27273,1.15152,1.38155
-1.27273,1.19192,1.21391
-1.27273,1.23232,1.04205
-1.27273,1.27273,0.871523
-1.27273,1.31313,0.708283
-1.27273,1.35354,0.558459
-1.27273,1.39394,0.428085
-1.27273,1.43434,0.322828
-1.27273,1.47475,0.247696
-1.27273,1.51515,0.206763
-1.27273,1.55556,0.202911
-1.27273,1.59596,0.237617
-1.27273,1.63636,0.310792
-1.27273,1.67677,0.420683
-1.27273,1.71717,0.563854
-1.27273,1.75758,0.735256
-1.27273,1.79798,0.928372
-1.27273,1.83838,1.13546
-1.27273,1.87879,1.34784
-1.27273,1.91919,1.5563
-1.27273,1.9596,1.75151
-1.27273,2,1.92444
-1.23232,-2,1.8185
-1.23232,-1.9596,1.6279
-1.23232,-1.91919,1.42022
-1.23232,-1.87879,1.20508
-1.23232,-1.83838,0.992184
-1.23232,-1.79798,0.79083
-1.23232,-1.75758,0.609491
-1.23232,-1.71717,0.455455
-1.23232,-1.67677,0.334541
-1.23232,-1.63636,0.250901
-1.23232,-1.59596,0.206915
-1.23232,-1.55556,0.203171
-1.23232,-1.51515,0.238546
-1.23232,-1.47475,0.310343
-1.23232,-1.43434,0.414514
-1.23232,-1.39394,0.54592
-1.23232,-1.35354,0.698622
-1.23232,-1.31313,0.866199
-1.23232,-1.27273,1.04205
-1.23232,-1.23232,1.2197
-1.23232,-1.19192,1.39304
-1.23232,-1.15152,1.55658
-1.23232,-1.11111,1.7056
-1.23232,-1.07071,1.83629
-1.23232,-1.0303,1.94582
-1.23232,-0.989899,2.03234
-1.23232,-0.949495,2.09498
-1.23232,-0.909091,2.13378
-1.23232,-0.868687,2.14959
-1.23232,-0.828283,2.14393
-1.23232,-0.787879,2.11887
-1.23232,-0.747475,2.07688
-1.23232,-0.707071,2.02068
-1.23232,-0.666667,1.95315
-1.23232,-0.626263,1.87713
-1.23232,-0.585859,1.79539
-1.23232,-0.545455,1.7105
-1.23232,-0.505051,1.62482
-1.23232,-0.464646,1.54041
-1.23232,-0.424242,1.45902
-1.23232,-0.383838,1.38213
-1.23232,-0.343434,1.31089
-1.23232,-0.30303,1.24621
-1.23232,-0.262626,1.18877
-1.23232,-0.222222,1.13904
-1.23232,-0.181818,1.09732
-1.23232,-0.141414,1.06383
-1.23232,-0.10101,1.03865
-1.23232,-0.0606061,1.02185
-1.23232,-0.020202,1.01344
-1.23232,0.020202,1.01344
-1.23232,0.0606061,1.02185
-1.23232,0.10101,1.03865
-1.23232,0.141414,1.06383
-1.23232,0.181818,1.09732
-1.23232,0.222222,1.13904
-1.23232,0.262626,1.18877
-1.23232,0.30303,1.24621
-1.23232,0.343434,1.31089
-1.23232,0.383838,1.38213
-1.23232,0.424242,1.45902
-1.23232,0.464646,1.54041
-1.23232,0.505051,1.62482
-1.23232,0.545455,1.7105
-1.23232,0.585859,1.79539
-1.23232,0.626263,1.87713
-1.23232,0.666667,1.95315
-1.23232,0.707071,2.02068
-1.23232,0.747475,2.07688
-1.23232,0.787879,2.11887
-1.23232,0.828283,2.14393
-1.23232,0.868687,2.14959
-1.23232,0.909091,2.13378
-1.23232,0.949495,2.09498
-1.23232,0.989899,2.03234
-1.23232,1.0303,1.94582
-1.23232,1.07071,1.83629
-1.23232,1.11111,1.7056
-1.23232,1.15152,1.55658
-1.23232,1.19192,1.39304
-1.23232,1.23232,1.2197
-1.23232,1.27273,1.04205
-1.23232,1.31313,0.866199
-1.23232,1.35354,0.698622
-1.23232,1.39394,0.54592
-1.23232,1.43434,0.414514
-1.23232,1.47475,0.310343
-1.23232,1.51515,0.238546
-1.23232,1.55556,0.203171
-1.23232,1.59596,0.206915
-1.23232,1.63636,0.250901
-1.23232,1.67677,0.334541
-1.23232,1.71717,0.455455
-1.23232,1.75758,0.609491
-1.23232,1.79798,0.79083
-1.23232,1.83838,0.992184
-1.23232,1.87879,1.20508
-1.23232,1.91919,1.42022
-1.23232,1.9596,1.6279
-1.23232,2,1.8185
-1.19192,-2,1.70482
-1.19192,-1.9596,1.50001
-1.19192,-1.91919,1.28367
-1.19192,-1.87879,1.06591
-1.19192,-1.83838,0.856615
-1.19192,-1.79798,0.664988
-1.19192,-1.75758,0.499132
-1.19192,-1.71717,0.36571
-1.19192,-1.67677,0.269695
-1.19192,-1.63636,0.214211
-1.19192,-1.59596,0.20048
-1.19192,-1.55556,0.227857
-1.19192,-1.51515,0.293964
-1.19192,-1.47475,0.394889
-1.19192,-1.43434,0.525451
-1.19192,-1.39394,0.679512
-1.19192,-1.35354,0.850305
-1.19192,-1.31313,1.03078
-1.19192,-1.27273,1.21391
-1.19192,-1.23232,1.39304
-1.19192,-1.19192,1.56208
-1.19192,-1.15152,1.71578
-1.19192,-1.11111,1.84983
-1.19192,-1.07071,1.96099
-1.19192,-1.0303,2.04713
-1.19192,-0.989899,2.1072
-1.19192,-0.949495,2.14115
-1.19192,-0.909091,2.14989
-1.19192,-0.868687,2.13506
-1.19192,-0.828283,2.09899
-1.19192,-0.787879,2.04443
-1.19192,-0.747475,1.97445
-1.19192,-0.707071,1.89228
-1.19192,-0.666667,1.80114
-1.19192,-0.626263,1.70414
-1.19192,-0.585859,1.60418
-1.19192,-0.545455,1.50386
-1.19192,-0.505051,1.40546
-1.19192,-0.464646,1.31089
-1.19192,-0.424242,1.22168
-1.19192,-0.383838,1.13904
-1.19192,-0.343434,1.06383
-1.19192,-0.30303,0.996634
-1.19192,-0.262626,0.937816
-1.19192,-0.222222,0.887543
-1.19192,-0.181818,0.845848
-1.19192,-0.141414,0.812678
-1.19192,-0.10101,0.787935
-1.19192,-0.0606061,0.771514
-1.19192,-0.020202,0.763328
-1.19192,0.020202,0.763328
-1.19192,0.0606061,0.771514
-1.19192,0.10101,0.787935
-1.19192,0.141414,0.812678
-1.19192,0.181818,0.845848
-1.19192,0.222222,0.887543
-1.19192,0.262626,0.937816
-1.19192,0.30303,0.996634
-1.19192,0.343434,1.06383
-1.19192,0.383838,1.13904
-1.19192,0.424242,1.22168
-1.19192,0.464646,1.31089
-1.19192,0.505051,1.40546
-1.19192,0.545455,1.50386
-1.19192,0.585859,1.60418
-1.19192,0.626263,1.70414
-1.19192,0.666667,1.80114
-1.19192,0.707071,1.89228
-1.19192,0.747475,1.97445
-1.19192,0.787879,2.04443
-1.19192,0.828283,2.09899
-1.19192,0.868687,2.13506
-1.19192,0.909091,2.14989
-1.19192,0.949495,2.14115
-1.19192,0.989899,2.1072
-1.19192,1.0303,2.04713
-1.19192,1.07071,1.96099
-1.19192,1.11111,1.84983
-1.19192,1.15152,1.71578
-1.19192,1.19192,1.56208
-1.19192,1.23232,1.39304
-1.19192,1.27273,1.21391
-1.19192,1.31313,1.03078
-1.19192,1.35354,0.850305
-1.19192,1.39394,0.679512
-1.19192,1.43434,0.525451
-1.19192,1.47475,0.394889
-1.19192,1.51515,0.293964
-1.19192,1.55556,0.227857
-1.19192,1.59596,0.20048
-1.19192,1.63636,0.214211
-1.19192,1.67677,0.269695
-1.19192,1.71717,0.36571
-1.19192,1.75758,0.499132
-1.19192,1.79798,0.664988
-1.19192,1.83838,0.856615
-1.19192,1.87879,1.06591
-1.19192,1.91919,1.28367
-1.19192,1.9596,1.50001
-1.19192,2,1.70482
-1.15152,-2,1.58608
-1.15152,-1.9596,1.37058
-1.15152,-1.91919,1.14938
-1.15152,-1.87879,0.932902
-1.15152,-1.83838,0.731043
-1.15152,-1.79798,0.552745
-1.15152,-1.75758,0.405574
-1.15152,-1.71717,0.295418
-1.15152,-1.67677,0.226266
-1.15152,-1.63636,0.200108
-1.15152,-1.59596,0.21693
-1.15152,-1.55556,0.27481
-1.15152,-1.51515,0.370107
-1.15152,-1.47475,0.497717
-1.15152,-1.43434,0.651391
-1.15152,-1.39394,0.824085
-1.15152,-1.35354,1.00832
-1.15152,-1.31313,1.19657
-1.15152,-1.27273,1.38155
-1.15152,-1.23232,1.55658
-1.15152,-1.19192,1.71578
-1.15152,-1.15152,1.85429
-1.15152,-1.11111,1.96839
-1.15152,-1.07071,2.05558
-1.15152,-1.0303,2.11453
-1.15152,-0.989899,2.14509
-1.15152,-0.949495,2.14814
-1.15152,-0.909091,2.12544
-1.15152,-0.868687,2.07953
-1.15152,-0.828283,2.01346
-1.15152,-0.787879,1.93067
-1.15152,-0.747475,1.83476
-1.15152,-0.707071,1.72936
-1.15152,-0.666667,1.61798
-1.15152,-0.626263,1.50386
-1.15152,-0.585859,1.38993
-1.15152,-0.545455,1.2787
-1.15152,-0.505051,1.17224
-1.15152,-0.464646,1.07221
-1.15152,-0.424242,0.979821
-1.15152,-0.383838,0.895907
-1.15152,-0.343434,0.820952
-1.15152,-0.30303,0.755158
-1.15152,-0.262626,0.698502
-1.15152,-0.222222,0.6508
-1.15152,-0.181818,0.611766
-1.15152,-0.141414,0.581071
-1.15152,-0.10101,0.558389
-1.15152,-0.0606061,0.54344
-1.15152,-0.020202,0.53602
-1.15152,0.020202,0.53602
-1.15152,0.0606061,0.54344
-1.15152,0.10101,0.558389
-1.15152,0.141414,0.581071
-1.15152,0.181818,0.611766
-1.15152,0.222222,0.6508
-1.15152,0.262626,0.698502
-1.15152,0.30303,0.755158
-1.15152,0.343434,0.820952
-1.15152,0.383838,0.895907
-1.15152,0.424242,0.979821
-1.15152,0.464646,1.07221
-1.15152,0.505051,1.17224
-1.15152,0.545455,1.2787
-1.15152,0.585859,1.38993
-1.15152,0.626263,1.50386
-1.15152,0.666667,1.61798
-1.15152,0.707071,1.72936
-1.15152,0.747475,1.83476
-1.15152,0.787879,1.93067
-1.15152,0.828283,2.01346
-1.15152,0.868687,2.07953
-1.15152,0.909091,2.12544
-1.15152,0.949495,2.14814
-1.15152,0.989899,2.14509
-1.15152,1.0303,2.11453
-1.15152,1.07071,2.05558
-1.15152,1.11111,1.96839
-1.15152,1.15152,1.85429
-1.15152,1.19192,1.71578
-1.15152,1.23232,1.55658
-1.15152,1.27273,1.38155
-1.15152,1.31313,1.19657
-1.15152,1.35354,1.00832
-1.15152,1.39394,0.824085
-1.15152,1.43434,0.651391
-1.15152,1.47475,0.497717
-1.15152,1.51515,0.370107
-1.15152,1.55556,0.27481
-1.15152,1.59596,0.21693
-1.15152,1.63636,0.200108
-1.15152,1.67677,0.226266
-1.15152,1.71717,0.295418
-1.15152,1.75758,0.405574
-1.15152,1.79798,0.552745
-1.15152,1.83838,0.731043
-1.15152,1.87879,0.932902
-1.15152,1.91919,1.14938
-1.15152,1.9596,1.37058
-1.15152,2,1.58608
-1.11111,-2,1.46479
-1.11111,-1.9596,1.24213
-1.11111,-1.91919,1.01975
-1.11111,-1.87879,0.808212
-1.11111,-1.83838,0.617277
-1.11111,-1.79798,0.455455
-1.11111,-1.75758,0.329626
-1.11111,-1.71717,0.244761
-1.11111,-1.67677,0.203757
-1.11111,-1.63636,0.207383
-1.11111,-1.59596,0.254336
-1.11111,-1.55556,0.341399
-1.11111,-1.51515,0.463685
-1.11111,-1.47475,0.614953
-1.11111,-1.43434,0.787971
-1.11111,-1.39394,0.974905
-1.11111,-1.35354,1.16771
-1.11111,-1.31313,1.35853
-1.11111,-1.27273,1.54001
-1.11111,-1.23232,1.7056
-1.11111,-1.19192,1.84983
-1.11111,-1.15152,1.96839
-1.11111,-1.11111,2.05832
-1.11111,-1.07071,2.11796
-1.11111,-1.0303,2.14692
-1.11111,-0.989899,2.14602
-1.11111,-0.949495,2.1171
-1.11111,-0.909091,2.06287
-1.11111,-0.868687,1.98666
-1.11111,-0.828283,1.89228
-1.11111,-0.787879,1.78375
-1.11111,-0.747475,1.66515
-1.11111,-0.707071,1.54041
-1.11111,-0.666667,1.41319
-1.11111,-0.626263,1.28677
-1.11111,-0.585859,1.16396
-1.11111,-0.545455,1.04705
-1.11111,-0.505051,0.937816
-1.11111,-0.464646,0.837538
-1.11111,-0.424242,0.747007
-1.11111,-0.383838,0.666603
-1.11111,-0.343434,0.596356
-1.11111,-0.30303,0.53602
-1.11111,-0.262626,0.485147
-1.11111,-0.222222,0.443164
-1.11111,-0.181818,0.409442
-1.11111,-0.141414,0.383357
-1.11111,-0.10101,0.364345
-1.11111,-0.0606061,0.351944
-1.11111,-0.020202,0.345827
-1.11111,0.020202,0.345827
-1.11111,0.0606061,0.351944
-1.11111,0.10101,0.364345
-1.11111,0.141414,0.383357
-1.11111,0.181818,0.409442
-1.11111,0.222222,0.443164
-1.11111,0.262626,0.485147
-1.11111,0.30303,0.53602
-1.11111,0.343434,0.596356
-1.11111,0.383838,0.666603
-1.11111,0.424242,0.747007
-1.11111,0.464646,0.837538
-1.11111,0.505051,0.937816
-1.11111,0.545455,1.04705
-1.11111,0.585859,1.16396
-1.11111,0.626263,1.28677
-1.11111,0.666667,1.41319
-1.11111,0.707071,1.54041
-1.11111,0.747475,1.66515
-1.11111,0.787879,1.78375
-1.11111,0.828283,1.89228
-1.11111,0.868687,1.98666
-1.11111,0.909091,2.06287
-1.11111,0.949495,2.1171
-1.11111,0.989899,2.14602
-1.11111,1.0303,2.14692
-1.11111,1.07071,2.11796
-1.11111,1.11111,2.05832
-1.11111,1.15152,1.96839
-1.11111,1.19192,1.84983
-1.11111,1.23232,1.7056
-1.11111,1.27273,1.54001
-1.11111,1.31313,1.35853
-1.11111,1.35354,1.16771
-1.11111,1.39394,0.974905
-1.11111,1.43434,0.787971
-1.11111,1.47475,0.614953
-1.11111,1.51515,0.463685
-1.11111,1.55556,0.341399
-1.11111,1.59596,0.254336
-1.11111,1.63636,0.207383
-1.11111,1.67677,0.203757
-1.11111,1.71717,0.244761
-1.11111,1.75758,0.329626
-1.11111,1.79798,0.455455
-1.11111,1.83838,0.617277
-1.11111,1.87879,0.808212
-1.11111,1.91919,1.01975
-1.11111,1.9596,1.24213
-1.11111,2,1.46479
-1.07071,-2,1.34328
-1.07071,-1.9596,1.11689
-1.07071,-1.91919,0.896802
-1.07071,-1.87879,0.693564
-1.07071,-1.83838,0.516634
-1.07071,-1.79798,0.373942
-1.07071,-1.75758,0.271541
-1.07071,-1.71717,0.213368
-1.07071,-1.67677,0.201137
-1.07071,-1.63636,0.234335
-1.07071,-1.59596,0.310343
-1.07071,-1.55556,0.424656
-1.07071,-1.51515,0.571187
-1.07071,-1.47475,0.742634
-1.07071,-1.43434,0.930887
-1.07071,-1.39394,1.12746
-1.07071,-1.35354,1.3239
-1.07071,-1.31313,1.51217
-1.07071,-1.27273,1.68504
-1.07071,-1.23232,1.83629
-1.07071,-1.19192,1.96099
-1.07071,-1.15152,2.05558
-1.07071,-1.11111,2.11796
-1.07071,-1.07071,2.14744
-1.07071,-1.0303,2.14468
-1.07071,-0.989899,2.11151
-1.07071,-0.949495,2.05077
-1.07071,-0.909091,1.96607
-1.07071,-0.868687,1.86157
-1.07071,-0.828283,1.74173
-1.07071,-0.787879,1.6111
-1.07071,-0.747475,1.47409
-1.07071,-0.707071,1.33483
-1.07071,-0.666667,1.19702
-1.07071,-0.626263,1.06383
-1.07071,-0.585859,0.937816
-1.07071,-0.545455,0.820952
-1.07071,-0.505051,0.714589
-1.07071,-0.464646,0.619516
-1.07071,-0.424242,0.53602
-1.07071,-0.383838,0.463957
-1.07071,-0.343434,0.402844
-1.07071,-0.30303,0.351944
-1.07071,-0.262626,0.310355
-1.07071,-0.222222,0.277097
-1.07071,-0.181818,0.251189
-1.07071,-0.141414,0.23171
-1.07071,-0.10101,0.217859
-1.07071,-0.0606061,0.208996
-1.07071,-0.020202,0.204678
-1.07071,0.020202,0.204678
-1.07071,0.0606061,0.208996
-1.07071,0.10101,0.217859
-1.07071,0.141414,0.23171
-1.07071,0.181818,0.251189
-1.07071,0.222222,0.277097
-1.07071,0.262626,0.310355
-1.07071,0.30303,0.351944
-1.07071,0.343434,0.402844
-1.07071,0.383838,0.463957
-1.07071,0.424242,0.53602
-1.07071,0.464646,0.619516
-1.07071,0.505051,0.714589
-1.07071,0.545455,0.820952
-1.07071,0.585859,0.937816
-1.07071,0.626263,1.06383
-1.07071,0.666667,1.19702
-1.07071,0.707071,1.33483
-1.07071,0.747475,1.47409
-1.07071,0.787879,1.6111
-1.07071,0.828283,1.74173
-1.07071,0.868687,1.86157
-1.07071,0.909091,1.96607
-1.07071,0.949495,2.05077
-1.07071,0.989899,2.11151
-1.07071,1.0303,2.14468
-1.07071,1.07071,2.14744
-1.07071,1.11111,2.11796
-1.07071,1.15152,2.05558
-1.07071,1.19192,1.96099
-1.07071,1.23232,1.83629
-1.07071,1.27273,1.68504
-1.07071,1.31313,1.51217
-1.07071,1.35354,1.3239
-1.07071,1.39394,1.12746
-1.07071,1.43434,0.930887
-1.07071,1.47475,0.742634
-1.07071,1.51515,0.571187
-1.07071,1.55556,0.424656
-1.07071,1.59596,0.310343
-1.07071,1.63636,0.234335
-1.07071,1.67677,0.201137
-1.07071,1.71717,0.213368
-1.07071,1.75758,0.271541
-1.07071,1.79798,0.373942
-1.07071,1.83838,0.516634
-1.07071,1.87879,0.693564
-1.07071,1.91919,0.896802
-1.07071,1.9596,1.11689
-1.07071,2,1.34328
-1.0303,-2,1.22362
-1.0303,-1.9596,0.99677
-1.0303,-1.91919,0.782187
-1.0303,-1.87879,0.590248
-1.0303,-1.83838,0.42996
-1.0303,-1.79798,0.308532
-1.0303,-1.75758,0.23107
-1.0303,-1.71717,0.200383
-1.0303,-1.67677,0.21693
-1.0303,-1.63636,0.278881
-1.0303,-1.59596,0.382298
-1.0303,-1.55556,0.521423
-1.0303,-1.51515,0.689031
-1.0303,-1.47475,0.876859
-1.0303,-1.43434,1.07605
-1.0303,-1.39394,1.2776
-1.0303,-1.35354,1.47282
-1.0303,-1.31313,1.6537
-1.0303,-1.27273,1.81327
-1.0303,-1.23232,1.94582
-1.0303,-1.19192,2.04713
-1.0303,-1.15152,2.11453
-1.0303,-1.11111,2.14692
-1.0303,-1.07071,2.14468
-1.0303,-1.0303,2.10955
-1.0303,-0.989899,2.04443
-1.0303,-0.949495,1.95315
-1.0303,-0.909091,1.84021
-1.0303,-0.868687,1.7105
-1.0303,-0.828283,1.56908
-1.0303,-0.787879,1.4209
-1.0303,-0.747475,1.2706
-1.0303,-0.707071,1.12238
-1.0303,-0.666667,0.979821
-1.0303,-0.626263,0.845848
-1.0303,-0.585859,0.722663
-1.0303,-0.545455,0.611766
-1.0303,-0.505051,0.513982
-1.0303,-0.464646,0.429532
-1.0303,-0.424242,0.358116
-1.0303,-0.383838,0.299015
-1.0303,-0.343434,0.251189
-1.0303,-0.30303,0.21339
-1.0303,-0.262626,0.184255
-1.0303,-0.222222,0.1624
-1.0303,-0.181818,0.1465
-1.0303,-0.141414,0.135355
-1.0303,-0.10101,0.127941
-1.0303,-0.0606061,0.123459
-1.0303,-0.020202,0.121358
-1.0303,0.020202,0.121358
-1.0303,0.0606061,0.123459
-1.0303,0.10101,0.127941
-1.0303,0.141414,0.135355
-1.0303,0.181818,0.1465
-1.0303,0.222222,0.1624
-1.0303,0.262626,0.184255
-1.0303,0.30303,0.21339
-1.0303,0.343434,0.251189
-1.0303,0.383838,0.299015
-1.0303,0.424242,0.358116
-1.0303,0.464646,0.429532
-1.0303,0.505051,0.513982
-1.0303,0.545455,0.611766
-1.0303,0.585859,0.722663
-1.0303,0.626263,0.845848
-1.0303,0.666667,0.979821
-1.0303,0.707071,1.12238
-1.0303,0.747475,1.2706
-1.0303,0.787879,1.4209
-1.0303,0.828283,1.56908
-1.0303,0.868687,1.7105
-1.0303,0.909091,1.84021
-1.0303,0.949495,1.95315
-1.0303,0.989899,2.04443
-1.0303,1.0303,2.10955
-1.0303,1.07071,2.14468
-1.0303,1.11111,2.14692
-1.0303,1.15152,2.11453
-1.0303,1.19192,2.04713
-1.0303,1.23232,1.94582
-1.0303,1.27273,1.81327
-1.0303,1.31313,1.6537
-1.0303,1.35354,1.47282
-1.0303,1.39394,1.2776
-1.0303,1.43434,1.07605
-1.0303,1.47475,0.876859
-1.0303,1.51515,0.689031
-1.0303,1.55556,0.521423
-1.0303,1.59596,0.382298
-1.0303,1.63636,0.278881
-1.0303,1.67677,0.21693
-1.0303,1.71717,0.200383
-1.0303,1.75758,0.23107
-1.0303,1.79798,0.308532
-1.0303,1.83838,0.42996
-1.0303,1.87879,0.590248
-1.0303,1.91919,0.782187
-1.0303,1.9596,0.99677
-1.0303,2,1.22362
-0.989899,-2,1.10761
-0.989899,-1.9596,0.883353
-0.989899,-1.91919,0.67717
-0.989899,-1.87879,0.499132
-0.989899,-1.83838,0.357652
-0.989899,-1.79798,0.2591
-0.989899,-1.75758,0.20753
-0.989899,-1.71717,0.20455
-0.989899,-1.67677,0.249316
-0.989899,-1.63636,0.338668
-0.989899,-1.59596,0.467374
-0.989899,-1.55556,0.628473
-0.989899,-1.51515,0.813694
-0.989899,-1.47475,1.01393
-0.989899,-1.43434,1.2197
-0.989899,-1.39394,1.42167
-0.989899,-1.35354,1.61107
-0.989899,-1.31313,1.78008
-0.989899,-1.27273,1.92218
-0.989899,-1.23232,2.03234
-0.989899,-1.19192,2.1072
-0.989899,-1.15152,2.14509
-0.989899,-1.11111,2.14602
-0.989899,-1.07071,2.11151
-0.989899,-1.0303,2.04443
-0.989899,-0.989899,1.94875
-0.989899,-0.949495,1.82926
-0.989899,-0.909091,1.6913
-0.989899,-0.868687,1.54041
-0.989899,-0.828283,1.38213
-0.989899,-0.787879,1.22168
-0.989899,-0.747475,1.06383
-0.989899,-0.707071,0.912654
-0.989899,-0.666667,0.771514
-0.989899,-0.626263,0.642938
-0.989899,-0.585859,0.528636
-0.989899,-0.545455,0.429532
-0.989899,-0.505051,0.345827
-0.989899,-0.464646,0.277097
-0.989899,-0.424242,0.222402
-0.989899,-0.383838,0.180408
-0.989899,-0.343434,0.149508
-0.989899,-0.30303,0.127941
-0.989899,-0.262626,0.1139
-0.989899,-0.222222,0.105621
-0.989899,-0.181818,0.101469
-0.989899,-0.141414,0.0999949
-0.989899,-0.10101,0.0999897
-0.989899,-0.0606061,0.100518
-0.989899,-0.020202,0.100943
-0.989899,0.020202,0.100943
-0.989899,0.0606061,0.100518
-0.989899,0.10101,0.0999897
-0.989899,0.141414,0.0999949
-0.989899,0.181818,0.101469
-0.989899,0.222222,0.105621
-0.989899,0.262626,0.1139
-0.989899,0.30303,0.127941
-0.989899,0.343434,0.149508
-0.989899,0.383838,0.180408
-0.989899,0.424242,0.222402
-0.989899,0.464646,0.277097
-0.989899,0.505051,0.345827
-0.989899,0.545455,0.429532
-0.989899,0.585859,0.528636
-0.989899,0.626263,0.642938
-0.989899,0.666667,0.771514
-0.989899,0.707071,0.912654
-0.989899,0.747475,1.06383
-0.989899,0.787879,1.22168
-0.989899,0.828283,1.38213
-0.989899,0.868687,1.54041
-0.989899,0.909091,1.6913
-0.989899,0.949495,1.82926
-0.989899,0.989899,1.94875
-0.989899,1.0303,2.04443
-0.989899,1.07071,2.11151
-0.989899,1.11111,2.14602
-0.989899,1.15152,2.14509
-0.989899,1.19192,2.1072
-0.989899,1.23232,2.03234
-0.989899,1.27273,1.92218
-0.989899,1.31313,1.78008
-0.989899,1.35354,1.61107
-0.989899,1.39394,1.42167
-0.989899,1.43434,1.2197
-0.989899,1.47475,1.01393
-0.989899,1.51515,0.813694
-0.989899,1.55556,0.628473
-0.989899,1.59596,0.467374
-0.989899,1.63636,0.338668
-0.989899,1.67677,0.249316
-0.989899,1.71717,0.20455
-0.989899,1.75758,0.20753
-0.989899,1.79798,0.2591
-0.989899,1.83838,0.357652
-0.989899,1.87879,0.499132
-0.989899,1.91919,0.67717
-0.989899,1.9596,0.883353
-0.989899,2,1.10761
-0.949495,-2,0.99677
-0.949495,-1.9596,0.777878
-0.949495,-1.91919,0.582641
-0.949495,-1.87879,0.420683
-0.949495,-1.83838,0.299704
-0.949495,-1.79798,0.225126
-0.949495,-1.75758,0.199874
-0.949495,-1.71717,0.224295
-0.949495,-1.67677,0.296225
-0.949495,-1.63636,0.411182
-0.949495,-1.59596,0.562681
-0.949495,-1.55556,0.742634
-0.949495,-1.51515,0.94183
-0.949495,-1.47475,1.15044
-0.949495,-1.43434,1.35853
-0.949495,-1.39394,1.55658
-0.949495,-1.35354,1.73591
-0.949495,-1.31313,1.88908
-0.949495,-1.27273,2.01017
-0.949495,-1.23232,2.09498
-0.949495,-1.19192,2.14115
-0.949495,-1.15152,2.14814
-0.949495,-1.11111,2.1171
-0.949495,-1.07071,2.05077
-0.949495,-1.0303,1.95315
-0.949495,-0.989899,1.82926
-0.949495,-0.949495,1.68482
-0.949495,-0.909091,1.52588
-0.949495,-0.868687,1.35858
-0.949495,-0.828283,1.18877
-0.949495,-0.787879,1.02185
-0.949495,-0.747475,0.862499
-0.949495,-0.707071,0.714589
-0.949495,-0.666667,0.581071
-0.949495,-0.626263,0.463957
-0.949495,-0.585859,0.364345
-0.949495,-0.545455,0.28248
-0.949495,-0.505051,0.217859
-0.949495,-0.464646,0.169355
-0.949495,-0.424242,0.135355
-0.949495,-0.383838,0.1139
-0.949495,-0.343434,0.102825
-0.949495,-0.30303,0.0998856
-0.949495,-0.262626,0.102867
-0.949495,-0.222222,0.109677
-0.949495,-0.181818,0.118423
-0.949495,-0.141414,0.127464
-0.949495,-0.10101,0.13545
-0.949495,-0.0606061,0.141353
-0.949495,-0.020202,0.144479
-0.949495,0.020202,0.144479
-0.949495,0.0606061,0.141353
-0.949495,0.10101,0.13545
-0.949495,0.141414,0.127464
-0.949495,0.181818,0.118423
-0.949495,0.222222,0.109677
-0.949495,0.262626,0.102867
-0.949495,0.30303,0.0998856
-0.949495,0.343434,0.102825
-0.949495,0.383838,0.1139
-0.949495,0.424242,0.135355
-0.949495,0.464646,0.169355
-0.949495,0.505051,0.217859
-0.949495,0.545455,0.28248
-0.949495,0.585859,0.364345
-0.949495,0.626263,0.463957
-0.949495,0.666667,0.581071
-0.949495,0.707071,0.714589
-0.949495,0.747475,0.862499
-0.949495,0.787879,1.02185
-0.949495,0.828283,1.18877
-0.949495,0.868687,1.35858
-0.949495,0.909091,1.52588
-0.949495,0.949495,1.68482
-0.949495,0.989899,1.82926
-0.949495,1.0303,1.95315
-0.949495,1.07071,2.05077
-0.949495,1.11111,2.1171
-0.949495,1.15152,2.14814
-0.949495,1.19192,2.14115
-0.949495,1.23232,2.09498
-0.949495,1.27273,2.01017
-0.949495,1.31313,1.88908
-0.949495,1.35354,1.73591
-0.949495,1.39394,1.55658
-0.949495,1.43434,1.35853
-0.949495,1.47475,1.15044
-0.949495,1.51515,0.94183
-0.949495,1.55556,0.742634
-0.949495,1.59596,0.562681
-0.949495,1.63636,0.411182
-0.949495,1.67677,0.296225
-0.949495,1.71717,0.224295
-0.949495,1.75758,0.199874
-0.949495,1.79798,0.225126
-0.949495,1.83838,0.299704
-0.949495,1.87879,0.420683
-0.949495,1.91919,0.582641
-0.949495,1.9596,0.777878
-0.949495,2,0.99677
-0.909091,-2,0.892314
-0.909091,-1.9596,0.681253
-0.909091,-1.91919,0.499132
-0.909091,-1.87879,0.355005
-0.909091,-1.83838,0.255751
-0.909091,-1.79798,0.20576
-0.909091,-1.75758,0.206763
-0.909091,-1.71717,0.257817
-0.909091,-1.67677,0.355435
-0.909091,-1.63636,0.493844
-0.909091,-1.59596,0.665368
-0.909091,-1.55556,0.860888
-0.909091,-1.51515,1.07036
-0.909091,-1.47475,1.28339
-0.909091,-1.43434,1.48974
-0.909091,-1.39394,1.67986
-0.909091,-1.35354,1.84534
-0.909091,-1.31313,1.97927
-0.909091,-1.27273,2.07649
-0.909091,-1.23232,2.13378
-0.909091,-1.19192,2.14989
-0.909091,-1.15152,2.12544
-0.909091,-1.11111,2.06287
-0.909091,-1.07071,1.96607
-0.909091,-1.0303,1.84021
-0.909091,-0.989899,1.6913
-0.909091,-0.949495,1.52588
-0.909091,-0.909091,1.35068
-0.909091,-0.868687,1.17224
-0.909091,-0.828283,0.996634
-0.909091,-0.787879,0.829239
-0.909091,-0.747475,0.674542
-0.909091,-0.707071,0.53602
-0.909091,-0.666667,0.41609
-0.909091,-0.626263,0.316117
-0.909091,-0.585859,0.236473
-0.909091,-0.545455,0.176642
-0.909091,-0.505051,0.135355
-0.909091,-0.464646,0.110748
-0.909091,-0.424242,0.100524
-0.909091,-0.383838,0.102117
-0.909091,-0.343434,0.112837
-0.909091,-0.30303,0.13001
-0.909091,-0.262626,0.151082
-0.909091,-0.222222,0.173705
-0.909091,-0.181818,0.195806
-0.909091,-0.141414,0.215623
-0.909091,-0.10101,0.231735
-0.909091,-0.0606061,0.24307
-0.909091,-0.020202,0.248916
-0.909091,0.020202,0.248916
-0.909091,0.0606061,0.24307
-0.909091,0.10101,0.231735
-0.909091,0.141414,0.215623
-0.909091,0.181818,0.195806
-0.909091,0.222222,0.173705
-0.909091,0.262626,0.151082
-0.909091,0.30303,0.13001
-0.909091,0.343434,0.112837
-0.909091,0.383838,0.102117
-0.909091,0.424242,0.100524
-0.909091,0.464646,0.110748
-0.909091,0.505051,0.135355
-0.909091,0.545455,0.176642
-0.909091,0.585859,0.236473
-0.909091,0.626263,0.316117
-0.909091,0.666667,0.41609
-0.909091,0.707071,0.53602
-0.909091,0.747475,0.674542
-0.909091,0.787879,0.829239
-0.909091,0.828283,0.996634
-0.909091,0.868687,1.17224
-0.909091,0.909091,1.35068
-0.909091,0.949495,1.52588
-0.909091,0.989899,1.6913
-0.909091,1.0303,1.84021
-0.909091,1.07071,1.96607
-0.909091,1.11111,2.06287
-0.909091,1.15152,2.12544
-0.909091,1.19192,2.14989
-0.909091,1.23232,2.13378
-0.909091,1.27273,2.07649
-0.909091,1.31313,1.97927
-0.909091,1.35354,1.84534
-0.909091,1.39394,1.67986
-0.909091,1.43434,1.48974
-0.909091,1.47475,1.28339
-0.909091,1.51515,1.07036
-0.909091,1.55556,0.860888
-0.909091,1.59596,0.665368
-0.909091,1.63636,0.493844
-0.909091,1.67677,0.355435
-0.909091,1.71717,0.257817
-0.909091,1.75758,0.206763
-0.909091,1.79798,0.20576
-0.909091,1.83838,0.255751
-0.909091,1.87879,0.355005
-0.909091,1.91919,0.499132
-0.909091,1.9596,0.681253
-0.909091,2,0.892314
-0.868687,-2,0.795164
-0.868687,-1.9596,0.594071
-0.868687,-1.91919,0.42685
-0.868687,-1.87879,0.301879
-0.868687,-1.83838,0.225126
-0.868687,-1.79798,0.199881
-0.868687,-1.75758,0.226643
-0.868687,-1.71717,0.303166
-0.868687,-1.67677,0.424656
-0.868687,-1.63636,0.584104
-0.868687,-1.59596,0.772718
-0.868687,-1.55556,0.980452
-0.868687,-1.51515,1.19657
-0.868687,-1.47475,1.41024
-0.868687,-1.43434,1.61107
-0.868687,-1.39394,1.78967
-0.868687,-1.35354,1.93805
-0.868687,-1.31313,2.04998
-0.868687,-1.27273,2.12121
-0.868687,-1.23232,2.14959
-0.868687,-1.19192,2.13506
-0.868687,-1.15152,2.07953
-0.868687,-1.11111,1.98666
-0.868687,-1.07071,1.86157
-0.868687,-1.0303,1.7105
-0.868687,-0.989899,1.54041
-0.868687,-0.949495,1.35858
-0.868687,-0.909091,1.17224
-0.868687,-0.868687,0.988227
-0.868687,-0.828283,0.812678
-0.868687,-0.787879,0.6508
-0.868687,-0.747475,0.506713
-0.868687,-0.707071,0.383357
-0.868687,-0.666667,0.28248
-0.868687,-0.626263,0.204678
-0.868687,-0.585859,0.149508
-0.868687,-0.545455,0.115621
-0.868687,-0.505051,0.100945
-0.868687,-0.464646,0.102867
-0.868687,-0.424242,0.118423
-0.868687,-0.383838,0.144479
-0.868687,-0.343434,0.177888
-0.868687,-0.30303,0.215623
-0.868687,-0.262626,0.254881
-0.868687,-0.222222,0.293161
-0.868687,-0.181818,0.328303
-0.868687,-0.141414,0.358519
-0.868687,-0.10101,0.382395
-0.868687,-0.0606061,0.398884
-0.868687,-0.020202,0.407299
-0.868687,0.020202,0.407299
-0.868687,0.0606061,0.398884
-0.868687,0.10101,0.382395
-0.868687,0.141414,0.358519
-0.868687,0.181818,0.328303
-0.868687,0.222222,0.293161
-0.868687,0.262626,0.254881
-0.868687,0.30303,0.215623
-0.868687,0.343434,0.177888
-0.868687,0.383838,0.144479
-0.868687,0.424242,0.118423
-0.868687,0.464646,0.102867
-0.868687,0.505051,0.100945
-0.868687,0.545455,0.115621
-0.868687,0.585859,0.149508
-0.868687,0.626263,0.204678
-0.868687,0.666667,0.28248
-0.868687,0.707071,0.383357
-0.868687,0.747475,0.506713
-0.868687,0.787879,0.6508
-0.868687,0.828283,0.812678
-0.868687,0.868687,0.988227
-0.868687,0.909091,1.17224
-0.868687,0.949495,1.35858
-0.868687,0.989899,1.54041
-0.868687,1.0303,1.7105
-0.868687,1.07071,1.86157
-0.868687,1.11111,1.98666
-0.868687,1.15152,2.07953
-0.868687,1.19192,2.13506
-0.868687,1.23232,2.14959
-0.868687,1.27273,2.12121
-0.868687,1.31313,2.04998
-0.868687,1.35354,1.93805
-0.868687,1.39394,1.78967
-0.868687,1.43434,1.61107
-0.868687,1.47475,1.41024
-0.868687,1.51515,1.19657
-0.868687,1.55556,0.980452
-0.868687,1.59596,0.772718
-0.868687,1.63636,0.584104
-0.868687,1.67677,0.424656
-0.868687,1.71717,0.303166
-0.868687,1.75758,0.226643
-0.868687,1.79798,0.199881
-0.868687,1.83838,0.225126
-0.868687,1.87879,0.301879
-0.868687,1.91919,0.42685
-0.868687,1.9596,0.594071
-0.868687,2,0.795164
-0.828283,-2,0.705968
-0.828283,-1.9596,0.516634
-0.828283,-1.91919,0.36571
-0.828283,-1.87879,0.260809
-0.828283,-1.83838,0.206915
-0.828283,-1.79798,0.206169
-0.828283,-1.75758,0.257817
-0.828283,-1.71717,0.358319
-0.828283,-1.67677,0.501612
-0.828283,-1.63636,0.679512
-0.828283,-1.59596,0.882208
-0.828283,-1.55556,1.09884
-0.828283,-1.51515,1.31811
-0.828283,-1.47475,1.5289
-0.828283,-1.43434,1.72084
-0.828283,-1.39394,1.88482
-0.828283,-1.35354,2.01343
-0.828283,-1.31313,2.10127
-0.828283,-1.27273,2.14509
-0.828283,-1.23232,2.14393
-0.828283,-1.19192,2.09899
-0.828283,-1.15152,2.01346
-0.828283,-1.11111,1.89228
-0.828283,-1.07071,1.74173
-0.828283,-1.0303,1.56908
-0.828283,-0.989899,1.38213
-0.828283,-0.949495,1.18877
-0.828283,-0.909091,0.996634
-0.828283,-0.868687,0.812678
-0.828283,-0.828283,0.642938
-0.828283,-0.787879,0.492295
-0.828283,-0.747475,0.364345
-0.828283,-0.707071,0.261349
-0.828283,-0.666667,0.184255
-0.828283,-0.626263,0.132792
-0.828283,-0.585859,0.105621
-0.828283,-0.545455,0.100518
-0.828283,-0.505051,0.114586
-0.828283,-0.464646,0.144479
-0.828283,-0.424242,0.18661
-0.828283,-0.383838,0.237343
-0.828283,-0.343434,0.293161
-0.828283,-0.30303,0.350791
-0.828283,-0.262626,0.407299
-0.828283,-0.222222,0.460146
-0.828283,-0.181818,0.507209
-0.828283,-0.141414,0.546779
-0.828283,-0.10101,0.577545
-0.828283,-0.0606061,0.598561
-0.828283,-0.020202,0.609218
-0.828283,0.020202,0.609218
-0.828283,0.0606061,0.598561
-0.828283,0.10101,0.577545
-0.828283,0.141414,0.546779
-0.828283,0.181818,0.507209
-0.828283,0.222222,0.460146
-0.828283,0.262626,0.407299
-0.828283,0.30303,0.350791
-0.828283,0.343434,0.293161
-0.828283,0.383838,0.237343
-0.828283,0.424242,0.18661
-0.828283,0.464646,0.144479
-0.828283,0.505051,0.114586
-0.828283,0.545455,0.100518
-0.828283,0.585859,0.105621
-0.828283,0.626263,0.132792
-0.828283,0.666667,0.184255
-0.828283,0.707071,0.261349
-0.828283,0.747475,0.364345
-0.828283,0.787879,0.492295
-0.828283,0.828283,0.642938
-0.828283,0.868687,0.812678
-0.828283,0.909091,0.996634
-0.828283,0.949495,1.18877
-0.828283,0.989899,1.38213
-0.828283,1.0303,1.56908
-0.828283,1.07071,1.74173
-0.828283,1.11111,1.89228
-0.828283,1.15152,2.01346
-0.828283,1.19192,2.09899
-0.828283,1.23232,2.14393
-0.828283,1.27273,2.14509
-0.828283,1.31313,2.10127
-0.828283,1.35354,2.01343
-0.828283,1.39394,1.88482
-0.828283,1.43434,1.72084
-0.828283,1.47475,1.5289
-0.828283,1.51515,1.31811
-0.828283,1.55556,1.09884
-0.828283,1.59596,0.882208
-0.828283,1.63636,0.679512
-0.828283,1.67677,0.501612
-0.828283,1.71717,0.358319
-0.828283,1.75758,0.257817
-0.828283,1.79798,0.206169
-0.828283,1.83838,0.206915
-0.828283,1.87879,0.260809
-0.828283,1.91919,0.36571
-0.828283,1.9596,0.516634
-0.828283,2,0.705968
-0.787879,-2,0.625111
-0.787879,-1.9596,0.44898
-0.787879,-1.91919,0.315376
-0.787879,-1.87879,0.23107
-0.787879,-1.83838,0.20001
-0.787879,-1.79798,0.223162
-0.787879,-1.75758,0.298512
-0.787879,-1.71717,0.421251
-0.787879,-1.67677,0.584104
-0.787879,-1.63636,0.777787
-0.787879,-1.59596,0.991574
-0.787879,-1.55556,1.21391
-0.787879,-1.51515,1.43309
-0.787879,-1.47475,1.63782
-0.787879,-1.43434,1.81792
-0.787879,-1.39394,1.96471
-0.787879,-1.35354,2.07149
-0.787879,-1.31313,2.13378
-0.787879,-1.27273,2.14949
-0.787879,-1.23232,2.11887
-0.787879,-1.19192,2.04443
-0.787879,-1.15152,1.93067
-0.787879,-1.11111,1.78375
-0.787879,-1.07071,1.6111
-0.787879,-1.0303,1.4209
-0.787879,-0.989899,1.22168
-0.787879,-0.949495,1.02185
-0.787879,-0.909091,0.829239
-0.787879,-0.868687,0.6508
-0.787879,-0.828283,0.492295
-0.787879,-0.787879,0.358116
-0.787879,-0.747475,0.251189
-0.787879,-0.707071,0.172957
-0.787879,-0.666667,0.123459
-0.787879,-0.626263,0.101469
-0.787879,-0.585859,0.104695
-0.787879,-0.545455,0.13001
-0.787879,-0.505051,0.173705
-0.787879,-0.464646,0.231735
-0.787879,-0.424242,0.299954
-0.787879,-0.383838,0.374321
-0.787879,-0.343434,0.451061
-0.787879,-0.30303,0.526784
-0.787879,-0.262626,0.598561
-0.787879,-0.222222,0.663954
-0.787879,-0.181818,0.721011
-0.787879,-0.141414,0.768227
-0.787879,-0.10101,0.804502
-0.787879,-0.0606061,0.829075
-0.787879,-0.020202,0.841474
-0.787879,0.020202,0.841474
-0.787879,0.0606061,0.829075
-0.787879,0.10101,0.804502
-0.787879,0.141414,0.768227
-0.787879,0.181818,0.721011
-0.787879,0.222222,0.663954
-0.787879,0.262626,0.598561
-0.787879,0.30303,0.526784
-0.787879,0.343434,0.451061
-0.787879,0.383838,0.374321
-0.787879,0.424242,0.299954
-0.787879,0.464646,0.231735
-0.787879,0.505051,0.173705
-0.787879,0.545455,0.13001
-0.787879,0.585859,0.104695
-0.787879,0.626263,0.101469
-0.787879,0.666667,0.123459
-0.787879,0.707071,0.172957
-0.787879,0.747475,0.251189
-0.787879,0.787879,0.358116
-0.787879,0.828283,0.492295
-0.787879,0.868687,0.6508
-0.787879,0.909091,0.829239
-0.787879,0.949495,1.02185
-0.787879,0.989899,1.22168
-0.787879,1.0303,1.4209
-0.787879,1.07071,1.6111
-0.787879,1.11111,1.78375
-0.787879,1.15152,1.93067
-0.787879,1.19192,2.04443
-0.787879,1.23232,2.11887
-0.787879,1.27273,2.14949
-0.787879,1.31313,2.13378
-0.787879,1.35354,2.07149
-0.787879,1.39394,1.96471
-0.787879,1.43434,1.81792
-0.787879,1.47475,1.63782
-0.787879,1.51515,1.43309
-0.787879,1.55556,1.21391
-0.787879,1.59596,0.991574
-0.787879,1.63636,0.777787
-0.787879,1.67677,0.584104
-0.787879,1.71717,0.421251
-0.787879,1.75758,0.298512
-0.787879,1.79798,0.223162
-0.787879,1.83838,0.20001
-0.787879,1.87879,0.23107
-0.787879,1.91919,0.315376
-0.787879,1.9596,0.44898
-0.787879,2,0.625111
-0.747475,-2,0.552745
-0.747475,-1.9596,0.390918
-0.747475,-1.91919,0.275298
-0.747475,-1.87879,0.211757
-0.747475,-1.83838,0.203171
-0.747475,-1.79798,0.249316
-0.747475,-1.75758,0.346936
-0.747475,-1.71717,0.489994
-0.747475,-1.67677,0.670065
-0.747475,-1.63636,0.876859
-0.747475,-1.59596,1.09884
-0.747475,-1.55556,1.3239
-0.747475,-1.51515,1.54001
-0.747475,-1.47475,1.73591
-0.747475,-1.43434,1.9017
-0.747475,-1.39394,2.02927
-0.747475,-1.35354,2.11276
-0.747475,-1.31313,2.14872
-0.747475,-1.27273,2.13624
-0.747475,-1.23232,2.07688
-0.747475,-1.19192,1.97445
-0.747475,-1.15152,1.83476
-0.747475,-1.11111,1.66515
-0.747475,-1.07071,1.47409
-0.747475,-1.0303,1.2706
-0.747475,-0.989899,1.06383
-0.747475,-0.949495,0.862499
-0.747475,-0.909091,0.674542
-0.747475,-0.868687,0.506713
-0.747475,-0.828283,0.364345
-0.747475,-0.787879,0.251189
-0.747475,-0.747475,0.169355
-0.747475,-0.707071,0.119351
-0.747475,-0.666667,0.100207
-0.747475,-0.626263,0.109677
-0.747475,-0.585859,0.144479
-0.747475,-0.545455,0.200582
-0.747475,-0.505051,0.273488
-0.747475,-0.464646,0.358519
-0.747475,-0.424242,0.451061
-0.747475,-0.383838,0.546779
-0.747475,-0.343434,0.641774
-0.747475,-0.30303,0.732688
-0.747475,-0.262626,0.816751
-0.747475,-0.222222,0.891782
-0.747475,-0.181818,0.956146
-0.747475,-0.141414,1.00868
-0.747475,-0.10101,1.04861
-0.747475,-0.0606061,1.07545
-0.747475,-0.020202,1.08893
-0.747475,0.020202,1.08893
-0.747475,0.0606061,1.07545
-0.747475,0.10101,1.04861
-0.747475,0.141414,1.00868
-0.747475,0.181818,0.956146
-0.747475,0.222222,0.891782
-0.747475,0.262626,0.816751
-0.747475,0.30303,0.732688
-0.747475,0.343434,0.641774
-0.747475,0.383838,0.546779
-0.747475,0.424242,0.451061
-0.747475,0.464646,0.358519
-0.747475,0.505051,0.273488
-0.747475,0.545455,0.200582
-0.747475,0.585859,0.144479
-0.747475,0.626263,0.109677
-0.747475,0.666667,0.100207
-0.747475,0.707071,0.119351
-0.747475,0.747475,0.169355
-0.747475,0.787879,0.251189
-0.747475,0.828283,0.364345
-0.747475,0.868687,0.506713
-0.747475,0.909091,0.674542
-0.747475,0.949495,0.862499
-0.747475,0.989899,1.06383
-0.747475,1.0303,1.2706
-0.747475,1.07071,1.47409
-0.747475,1.11111,1.66515
-0.747475,1.15152,1.83476
-0.747475,1.19192,1.97445
-0.747475,1.23232,2.07688
-0.747475,1.27273,2.13624
-0.747475,1.31313,2.14872
-0.747475,1.35354,2.11276
-0.747475,1.39394,2.02927
-0.747475,1.43434,1.9017
-0.747475,1.47475,1.73591
-0.747475,1.51515,1.54001
-0.747475,1.55556,1.3239
-0.747475,1.59596,1.09884
-0.747475,1.63636,0.876859
-0.747475,1.67677,0.670065
-0.747475,1.71717,0.489994
-0.747475,1.75758,0.346936
-0.747475,1.79798,0.249316
-0.747475,1.83838,0.203171
-0.747475,1.87879,0.211757
-0.747475,1.91919,0.275298
-0.747475,1.9596,0.390918
-0.747475,2,0.552745
-0.707071,-2,0.488814
-0.707071,-1.9596,0.342065
-0.707071,-1.91919,0.244761
-0.707071,-1.87879,0.201834
-0.707071,-1.83838,0.215069
-0.707071,-1.79798,0.283058
-0.707071,-1.75758,0.401332
-0.707071,-1.71717,0.562681
-0.707071,-1.67677,0.757604
-0.707071,-1.63636,0.974905
-0.707071,-1.59596,1.20235
-0.707071,-1.55556,1.42738
-0.707071,-1.51515,1.63782
-0.707071,-1.47475,1.82255
-0.707071,-1.43434,1.97205
-0.707071,-1.39394,2.07894
-0.707071,-1.35354,2.13826
-0.707071,-1.31313,2.14768
-0.707071,-1.27273,2.10753
-0.707071,-1.23232,2.02068
-0.707071,-1.19192,1.89228
-0.707071,-1.15152,1.72936
-0.707071,-1.11111,1.54041
-0.707071,-1.07071,1.33483
-0.707071,-1.0303,1.12238
-0.707071,-0.989899,0.912654
-0.707071,-0.949495,0.714589
-0.707071,-0.909091,0.53602
-0.707071,-0.868687,0.383357
-0.707071,-0.828283,0.261349
-0.707071,-0.787879,0.172957
-0.707071,-0.747475,0.119351
-0.707071,-0.707071,0.0999949
-0.707071,-0.666667,0.112837
-0.707071,-0.626263,0.154558
-0.707071,-0.585859,0.220875
-0.707071,-0.545455,0.306865
-0.707071,-0.505051,0.407299
-0.707071,-0.464646,0.516943
-0.707071,-0.424242,0.630826
-0.707071,-0.383838,0.74445
-0.707071,-0.343434,0.853946
-0.707071,-0.30303,0.956146
-0.707071,-0.262626,1.04861
-0.707071,-0.222222,1.12957
-0.707071,-0.181818,1.19788
-0.707071,-0.141414,1.25286
-0.707071,-0.10101,1.29417
-0.707071,-0.0606061,1.3217
-0.707071,-0.020202,1.33546
-0.707071,0.020202,1.33546
-0.707071,0.0606061,1.3217
-0.707071,0.10101,1.29417
-0.707071,0.141414,1.25286
-0.707071,0.181818,1.19788
-0.707071,0.222222,1.12957
-0.707071,0.262626,1.04861
-0.707071,0.30303,0.956146
-0.707071,0.343434,0.853946
-0.707071,0.383838,0.74445
-0.707071,0.424242,0.630826
-0.707071,0.464646,0.516943
-0.707071,0.505051,0.407299
-0.707071,0.545455,0.306865
-0.707071,0.585859,0.220875
-0.707071,0.626263,0.154558
-0.707071,0.666667,0.112837
-0.707071,0.707071,0.0999949
-0.707071,0.747475,0.119351
-0.707071,0.787879,0.172957
-0.707071,0.828283,0.261349
-0.707071,0.868687,0.383357
-0.707071,0.909091,0.53602
-0.707071,0.949495,0.714589
-0.707071,0.989899,0.912654
-0.707071,1.0303,1.12238
-0.707071,1.07071,1.33483
-0.707071,1.11111,1.54041
-0.707071,1.15152,1.72936
-0.707071,1.19192,1.89228
-0.707071,1.23232,2.02068
-0.707071,1.27273,2.10753
-0.707071,1.31313,2.14768
-0.707071,1.35354,2.13826
-0.707071,1.39394,2.07894
-0.707071,1.43434,1.97205
-0.707071,1.47475,1.82255
-0.707071,1.51515,1.63782
-0.707071,1.55556,1.42738
-0.707071,1.59596,1.20235
-0.707071,1.63636,0.974905
-0.707071,1.67677,0.757604
-0.707071,1.71717,0.562681
-0.707071,1.75758,0.401332
-0.707071,1.79798,0.283058
-0.707071,1.83838,0.215069
-0.707071,1.87879,0.201834
-0.707071,1.91919,0.244761
-0.707071,1.9596,0.342065
-0.707071,2,0.488814
-0.666667,-2,0.433087
-0.666667,-1.9596,0.301879
-0.666667,-1.91919,0.222919
-0.666667,-1.87879,0.200174
-0.666667,-1.83838,0.234335
-0.666667,-1.79798,0.322828
-0.666667,-1.75758,0.460019
-0.666667,-1.71717,0.637583
-0.666667,-1.67677,0.845034
-0.666667,-1.63636,1.07036
-0.666667,-1.59596,1.30076
-0.666667,-1.55556,1.52334
-0.666667,-1.51515,1.72588
-0.666667,-1.47475,1.89752
-0.666667,-1.43434,2.02927
-0.666667,-1.39394,2.11453
-0.666667,-1.35354,2.14935
-0.666667,-1.31313,2.13256
-0.666667,-1.27273,2.06577
-0.666667,-1.23232,1.95315
-0.666667,-1.19192,1.80114
-0.666667,-1.15152,1.61798
-0.666667,-1.11111,1.41319
-0.666667,-1.07071,1.19702
-0.666667,-1.0303,0.979821
-0.666667,-0.989899,0.771514
-0.666667,-0.949495,0.581071
-0.666667,-0.909091,0.41609
-0.666667,-0.868687,0.28248
-0.666667,-0.828283,0.184255
-0.666667,-0.787879,0.123459
-0.666667,-0.747475,0.100207
-0.666667,-0.707071,0.112837
-0.666667,-0.666667,0.158152
-0.666667,-0.626263,0.231735
-0.666667,-0.585859,0.328303
-0.666667,-0.545455,0.442086
-0.666667,-0.505051,0.567187
-0.666667,-0.464646,0.697919
-0.666667,-0.424242,0.829075
-0.666667,-0.383838,0.956146
-0.666667,-0.343434,1.07545
-0.666667,-0.30303,1.18418
-0.666667,-0.262626,1.2804
-0.666667,-0.222222,1.36294
-0.666667,-0.181818,1.43129
-0.666667,-0.141414,1.48538
-0.666667,-0.10101,1.52547
-0.666667,-0.0606061,1.55191
-0.666667,-0.020202,1.56503
-0.666667,0.020202,1.56503
-0.666667,0.0606061,1.55191
-0.666667,0.10101,1.52547
-0.666667,0.141414,1.48538
-0.666667,0.181818,1.43129
-0.666667,0.222222,1.36294
-0.666667,0.262626,1.2804
-0.666667,0.30303,1.18418
-0.666667,0.343434,1.07545
-0.666667,0.383838,0.956146
-0.666667,0.424242,0.829075
-0.666667,0.464646,0.697919
-0.666667,0.505051,0.567187
-0.666667,0.545455,0.442086
-0.666667,0.585859,0.328303
-0.666667,0.626263,0.231735
-0.666667,0.666667,0.158152
-0.666667,0.707071,0.112837
-0.666667,0.747475,0.100207
-0.666667,0.787879,0.123459
-0.666667,0.828283,0.184255
-0.666667,0.868687,0.28248
-0.666667,0.909091,0.41609
-0.666667,0.949495,0.581071
-0.666667,0.989899,0.771514
-0.666667,1.0303,0.979821
-0.666667,1.07071,1.19702
-0.666667,1.11111,1.41319
-0.666667,1.15152,1.61798
-0.666667,1.19192,1.80114
-0.666667,1.23232,1.95315
-0.666667,1.27273,2.06577
-0.666667,1.31313,2.13256
-0.666667,1.35354,2.14935
-0.666667,1.39394,2.11453
-0.666667,1.43434,2.02927
-0.666667,1.47475,1.89752
-0.666667,1.51515,1.72588
-0.666667,1.55556,1.52334
-0.666667,1.59596,1.30076
-0.666667,1.63636,1.07036
-0.666667,1.67677,0.845034
-0.666667,1.71717,0.637583
-0.666667,1.75758,0.460019
-0.666667,1.79798,0.322828
-0.666667,1.83838,0.234335
-0.666667,1.87879,0.200174
-0.666667,1.91919,0.222919
-0.666667,1.9596,0.301879
-0.666667,2,0.433087
-0.626263,-2,0.385184
-0.626263,-1.9596,0.269695
-0.626263,-1.91919,0.208838
-0.626263,-1.87879,0.205602
-0.626263,-1.83838,0.259598
-0.626263,-1.79798,0.367122
-0.626263,-1.75758,0.521423
-0.626263,-1.71717,0.713139
-0.626263,-1.67677,0.930887
-0.626263,-1.63636,1.16195
-0.626263,-1.59596,1.39304
-0.626263,-1.55556,1.61107
-0.626263,-1.51515,1.80389
-0.626263,-1.47475,1.96099
-0.626263,-1.43434,2.07401
-0.626263,-1.39394,2.1372
-0.626263,-1.35354,2.14768
-0.626263,-1.31313,2.10547
-0.626263,-1.27273,2.01346
-0.626263,-1.23232,1.87713
-0.626263,-1.19192,1.70414
-0.626263,-1.15152,1.50386
-0.626263,-1.11111,1.28677
-0.626263,-1.07071,1.06383
-0.626263,-1.0303,0.845848
-0.626263,-0.989899,0.642938
-0.626263,-0.949495,0.463957
-0.626263,-0.909091,0.316117
-0.626263,-0.868687,0.204678
-0.626263,-0.828283,0.132792
-0.626263,-0.787879,0.101469
-0.626263,-0.747475,0.109677
-0.626263,-0.707071,0.154558
-0.626263,-0.666667,0.231735
-0.626263,-0.626263,0.335682
-0.626263,-0.585859,0.460146
-0.626263,-0.545455,0.598561
-0.626263,-0.505051,0.74445
-0.626263,-0.464646,0.891782
-0.626263,-0.424242,1.03525
-0.626263,-0.383838,1.17049
-0.626263,-0.343434,1.29417
-0.626263,-0.30303,1.40403
-0.626263,-0.262626,1.4988
-0.626263,-0.222222,1.57808
-0.626263,-0.181818,1.64216
-0.626263,-0.141414,1.69175
-0.626263,-0.10101,1.72778
-0.626263,-0.0606061,1.75117
-0.626263,-0.020202,1.76267
-0.626263,0.020202,1.76267
-0.626263,0.0606061,1.75117
-0.626263,0.10101,1.72778
-0.626263,0.141414,1.69175
-0.626263,0.181818,1.64216
-0.626263,0.222222,1.57808
-0.626263,0.262626,1.4988
-0.626263,0.30303,1.40403
-0.626263,0.343434,1.29417
-0.626263,0.383838,1.17049
-0.626263,0.424242,1.03525
-0.626263,0.464646,0.891782
-0.626263,0.505051,0.74445
-0.626263,0.545455,0.598561
-0.626263,0.585859,0.460146
-0.626263,0.626263,0.335682
-0.626263,0.666667,0.231735
-0.626263,0.707071,0.154558
-0.626263,0.747475,0.109677
-0.626263,0.787879,0.101469
-0.626263,0.828283,0.132792
-0.626263,0.868687,0.204678
-0.626263,0.909091,0.316117
-0.626263,0.949495,0.463957
-0.626263,0.989899,0.642938
-0.626263,1.0303,0.845848
-0.626263,1.07071,1.06383
-0.626263,1.11111,1.28677
-0.626263,1.15152,1.50386
-0.626263,1.19192,1.70414
-0.626263,1.23232,1.87713
-0.626263,1.27273,2.01346
-0.626263,1.31313,2.10547
-0.626263,1.35354,2.14768
-0.626263,1.39394,2.1372
-0.626263,1.43434,2.07401
-0.626263,1.47475,1.96099
-0.626263,1.51515,1.80389
-0.626263,1.55556,1.61107
-0.626263,1.59596,1.39304
-0.626263,1.63636,1.16195
-0.626263,1.67677,0.930887
-0.626263,1.71717,0.713139
-0.626263,1.75758,0.521423
-0.626263,1.79798,0.367122
-0.626263,1.83838,0.259598
-0.626263,1.87879,0.205602
-0.626263,1.91919,0.208838
-0.626263,1.9596,0.269695
-0.626263,2,0.385184
-0.585859,-2,0.344613
-0.585859,-1.9596,0.244761
-0.585859,-1.91919,0.201527
-0.585859,-1.87879,0.21693
-0.585859,-1.83838,0.289522
-0.585859,-1.79798,0.414514
-0.585859,-1.75758,0.584104
-0.585859,-1.71717,0.787971
-0.585859,-1.67677,1.01393
-0.585859,-1.63636,1.24864
-0.585859,-1.59596,1.47847
-0.585859,-1.55556,1.69021
-0.585859,-1.51515,1.87189
-0.585859,-1.47475,2.01343
-0.585859,-1.43434,2.1072
-0.585859,-1.39394,2.14834
-0.585859,-1.35354,2.13506
-0.585859,-1.31313,2.06862
-0.585859,-1.27273,1.95315
-0.585859,-1.23232,1.79539
-0.585859,-1.19192,1.60418
-0.585859,-1.15152,1.38993
-0.585859,-1.11111,1.16396
-0.585859,-1.07071,0.937816
-0.585859,-1.0303,0.722663
-0.585859,-0.989899,0.528636
-0.585859,-0.949495,0.364345
-0.585859,-0.909091,0.236473
-0.585859,-0.868687,0.149508
-0.585859,-0.828283,0.105621
-0.585859,-0.787879,0.104695
-0.585859,-0.747475,0.144479
-0.585859,-0.707071,0.220875
-0.585859,-0.666667,0.328303
-0.585859,-0.626263,0.460146
-0.585859,-0.585859,0.609218
-0.585859,-0.545455,0.768227
-0.585859,-0.505051,0.930215
-0.585859,-0.464646,1.08893
-0.585859,-0.424242,1.2391
-0.585859,-0.383838,1.37666
-0.585859,-0.343434,1.4988
-0.585859,-0.30303,1.60396
-0.585859,-0.262626,1.69175
-0.585859,-0.222222,1.76267
-0.585859,-0.181818,1.81797
-0.585859,-0.141414,1.85926
-0.585859,-0.10101,1.88828
-0.585859,-0.0606061,1.90663
-0.585859,-0.020202,1.91548
-0.585859,0.020202,1.91548
-0.585859,0.0606061,1.90663
-0.585859,0.10101,1.88828
-0.585859,0.141414,1.85926
-0.585859,0.181818,1.81797
-0.585859,0.222222,1.76267
-0.585859,0.262626,1.69175
-0.585859,0.30303,1.60396
-0.585859,0.343434,1.4988
-0.585859,0.383838,1.37666
-0.585859,0.424242,1.2391
-0.585859,0.464646,1.08893
-0.585859,0.505051,0.930215
-0.585859,0.545455,0.768227
-0.585859,0.585859,0.609218
-0.585859,0.626263,0.460146
-0.585859,0.666667,0.328303
-0.585859,0.707071,0.220875
-0.585859,0.747475,0.144479
-0.585859,0.787879,0.104695
-0.585859,0.828283,0.105621
-0.585859,0.868687,0.149508
-0.585859,0.909091,0.236473
-0.585859,0.949495,0.364345
-0.585859,0.989899,0.528636
-0.585859,1.0303,0.722663
-0.585859,1.07071,0.937816
-0.585859,1.11111,1.16396
-0.585859,1.15152,1.38993
-0.585859,1.19192,1.60418
-0.585859,1.23232,1.79539
-0.585859,1.27273,1.95315
-0.585859,1.31313,2.06862
-0.585859,1.35354,2.13506
-0.585859,1.39394,2.14834
-0.585859,1.43434,2.1072
-0.585859,1.47475,2.01343
-0.585859,1.51515,1.87189
-0.585859,1.55556,1.69021
-0.585859,1.59596,1.47847
-0.585859,1.63636,1.24864
-0.585859,1.67677,1.01393
-0.585859,1.71717,0.787971
-0.585859,1.75758,0.584104
-0.585859,1.79798,0.414514
-0.585859,1.83838,0.289522
-0.585859,1.87879,0.21693
-0.585859,1.91919,0.201527
-0.585859,1.9596,0.244761
-0.585859,2,0.344613
-0.545455,-2,0.310792
-0.545455,-1.9596,0.226266
-0.545455,-1.91919,0.199975
-0.545455,-1.87879,0.232985
-0.545455,-1.83838,0.322828
-0.545455,-1.79798,0.463685
-0.545455,-1.75758,0.646769
-0.545455,-1.71717,0.860888
-0.545455,-1.67677,1.09313
-0.545455,-1.63636,1.32967
-0.545455,-1.59596,1.55658
-0.545455,-1.55556,1.76065
-0.545455,-1.51515,1.93017
-0.545455,-1.47475,2.05558
-0.545455,-1.43434,2.12998
-0.545455,-1.39394,2.14949
-0.545455,-1.35354,2.11342
-0.545455,-1.31313,2.02422
-0.545455,-1.27273,1.88727
-0.545455,-1.23232,1.7105
-0.545455,-1.19192,1.50386
-0.545455,-1.15152,1.2787
-0.545455,-1.11111,1.04705
-0.545455,-1.07071,0.820952
-0.545455,-1.0303,0.611766
-0.545455,-0.989899,0.429532
-0.545455,-0.949495,0.28248
-0.545455,-0.909091,0.176642
-0.545455,-0.868687,0.115621
-0.545455,-0.828283,0.100518
-0.545455,-0.787879,0.13001
-0.545455,-0.747475,0.200582
-0.545455,-0.707071,0.306865
-0.545455,-0.666667,0.442086
-0.545455,-0.626263,0.598561
-0.545455,-0.585859,0.768227
-0.545455,-0.545455,0.943151
-0.545455,-0.505051,1.11599
-0.545455,-0.464646,1.2804
-0.545455,-0.424242,1.43129
-0.545455,-0.383838,1.56503
-0.545455,-0.343434,1.67951
-0.545455,-0.30303,1.77403
-0.545455,-0.262626,1.8492
-0.545455,-0.222222,1.90663
-0.545455,-0.181818,1.94862
-0.545455,-0.141414,1.97784
-0.545455,-0.10101,1.99693
-0.545455,-0.0606061,2.00822
-0.545455,-0.020202,2.01341
-0.545455,0.020202,2.01341
-0.545455,0.0606061,2.00822
-0.545455,0.10101,1.99693
-0.545455,0.141414,1.97784
-0.545455,0.181818,1.94862
-0.545455,0.222222,1.90663
-0.545455,0.262626,1.8492
-0.545455,0.30303,1.77403
-0.545455,0.343434,1.67951
-0.545455,0.383838,1.56503
-0.545455,0.424242,1.43129
-0.545455,0.464646,1.2804
-0.545455,0.505051,1.11599
-0.545455,0.545455,0.943151
-0.545455,0.585859,0.768227
-0.545455,0.626263,0.598561
-0.545455,0.666667,0.442086
-0.545455,0.707071,0.306865
-0.545455,0.747475,0.200582
-0.545455,0.787879,0.13001
-0.545455,0.828283,0.100518
-0.545455,0.868687,0.115621
-0.545455,0.909091,0.176642
-0.545455,0.949495,0.28248
-0.545455,0.989899,0.429532
-0.545455,1.0303,0.611766
-0.545455,1.07071,0.820952
-0.545455,1.11111,1.04705
-0.545455,1.15152,1.2787
-0.545455,1.19192,1.50386
-0.545455,1.23232,1.7105
-0.545455,1.27273,1.88727
-0.545455,1.31313,2.02422
-0.545455,1.35354,2.11342
-0.545455,1.39394,2.14949
-0.545455,1.43434,2.12998
-0.545455,1.47475,2.05558
-0.545455,1.51515,1.93017
-0.545455,1.55556,1.76065
-0.545455,1.59596,1.55658
-0.545455,1.63636,1.32967
-0.545455,1.67677,1.09313
-0.545455,1.71717,0.860888
-0.545455,1.75758,0.646769
-0.545455,1.79798,0.463685
-0.545455,1.83838,0.322828
-0.545455,1.87879,0.232985
-0.545455,1.91919,0.199975
-0.545455,1.9596,0.226266
-0.545455,2,0.310792
-0.505051,-2,0.283082
-0.505051,-1.9596,0.213368
-0.505051,-1.91919,0.203171
-0.505051,-1.87879,0.252636
-0.505051,-1.83838,0.358319
-0.505051,-1.79798,0.513432
-0.505051,-1.75758,0.708283
-0.505051,-1.71717,0.930887
-0.505051,-1.67677,1.16771
-0.505051,-1.63636,1.40451
-0.505051,-1.59596,1.62716
-0.505051,-1.55556,1.82255
-0.505051,-1.51515,1.97927
-0.505051,-1.47475,2.08834
-0.505051,-1.43434,2.14365
-0.505051,-1.39394,2.1423
-0.505051,-1.35354,2.08469
-0.505051,-1.31313,1.97445
-0.505051,-1.27273,1.81814
-0.505051,-1.23232,1.62482
-0.505051,-1.19192,1.40546
-0.505051,-1.15152,1.17224
-0.505051,-1.11111,0.937816
-0.505051,-1.07071,0.714589
-0.505051,-1.0303,0.513982
-0.505051,-0.989899,0.345827
-0.505051,-0.949495,0.217859
-0.505051,-0.909091,0.135355
-0.505051,-0.868687,0.100945
-0.505051,-0.828283,0.114586
-0.505051,-0.787879,0.173705
-0.505051,-0.747475,0.273488
-0.505051,-0.707071,0.407299
-0.505051,-0.666667,0.567187
-0.505051,-0.626263,0.74445
-0.505051,-0.585859,0.930215
-0.505051,-0.545455,1.11599
-0.505051,-0.505051,1.29417
-0.505051,-0.464646,1.45841
-0.505051,-0.424242,1.60396
-0.505051,-0.383838,1.72778
-0.505051,-0.343434,1.82855
-0.505051,-0.30303,1.90663
-0.505051,-0.262626,1.96374
-0.505051,-0.222222,2.00272
-0.505051,-0.181818,2.02709
-0.505051,-0.141414,2.04065
-0.505051,-0.10101,2.04704
-0.505051,-0.0606061,2.04938
-0.505051,-0.020202,2.04996
-0.505051,0.020202,2.04996
-0.505051,0.0606061,2.04938
-0.505051,0.10101,2.04704
-0.505051,0.141414,2.04065
-0.505051,0.181818,2.02709
-0.505051,0.222222,2.00272
-0.505051,0.262626,1.96374
-0.505051,0.30303,1.90663
-0.505051,0.343434,1.82855
-0.505051,0.383838,1.72778
-0.505051,0.424242,1.60396
-0.505051,0.464646,1.45841
-0.505051,0.505051,1.29417
-0.505051,0.545455,1.11599
-0.505051,0.585859,0.930215
-0.505051,0.626263,0.74445
-0.505051,0.666667,0.567187
-0.505051,0.707071,0.407299
-0.505051,0.747475,0.273488
-0.505051,0.787879,0.173705
-0.505051,0.828283,0.114586
-0.505051,0.868687,0.100945
-0.505051,0.909091,0.135355
-0.505051,0.949495,0.217859
-0.505051,0.989899,0.345827
-0.505051,1.0303,0.513982
-0.505051,1.07071,0.714589
-0.505051,1.11111,0.937816
-0.505051,1.15152,1.17224
-0.505051,1.19192,1.40546
-0.505051,1.23232,1.62482
-0.505051,1.27273,1.81814
-0.505051,1.31313,1.97445
-0.505051,1.35354,2.08469
-0.505051,1.39394,2.1423
-0.505051,1.43434,2.14365
-0.505051,1.47475,2.08834
-0.505051,1.51515,1.97927
-0.505051,1.55556,1.82255
-0.505051,1.59596,1.62716
-0.505051,1.63636,1.40451
-0.505051,1.67677,1.16771
-0.505051,1.71717,0.930887
-0.505051,1.75758,0.708283
-0.505051,1.79798,0.513432
-0.505051,1.83838,0.358319
-0.505051,1.87879,0.252636
-0.505051,1.91919,0.203171
-0.505051,1.9596,0.213368
-0.505051,2,0.283082
-0.464646,-2,0.260809
-0.464646,-1.9596,0.205221
-0.464646,-1.91919,0.210134
-0.464646,-1.87879,0.27481
-0.464646,-1.83838,0.394889
-0.464646,-1.79798,0.562681
-0.464646,-1.75758,0.767664
-0.464646,-1.71717,0.997149
-0.464646,-1.67677,1.23706
-0.464646,-1.63636,1.47282
-0.464646,-1.59596,1.69021
-0.464646,-1.55556,1.87623
-0.464646,-1.51515,2.01987
-0.464646,-1.47475,2.11276
-0.464646,-1.43434,2.14959
-0.464646,-1.39394,2.12844
-0.464646,-1.35354,2.05077
-0.464646,-1.31313,1.92135
-0.464646,-1.27273,1.74786
-0.464646,-1.23232,1.54041
-0.464646,-1.19192,1.31089
-0.464646,-1.15152,1.07221
-0.464646,-1.11111,0.837538
-0.464646,-1.07071,0.619516
-0.464646,-1.0303,0.429532
-0.464646,-0.989899,0.277097
-0.464646,-0.949495,0.169355
-0.464646,-0.909091,0.110748
-0.464646,-0.868687,0.102867
-0.464646,-0.828283,0.144479
-0.464646,-0.787879,0.231735
-0.464646,-0.747475,0.358519
-0.464646,-0.707071,0.516943
-0.464646,-0.666667,0.697919
-0.464646,-0.626263,0.891782
-0.464646,-0.585859,1.08893
-0.464646,-0.545455,1.2804
-0.464646,-0.505051,1.45841
-0.464646,-0.464646,1.61678
-0.464646,-0.424242,1.75117
-0.464646,-0.383838,1.85926
-0.464646,-0.343434,1.94069
-0.464646,-0.30303,1.99693
-0.464646,-0.262626,2.031
-0.464646,-0.222222,2.04704
-0.464646,-0.181818,2.04987
-0.464646,-0.141414,2.04453
-0.464646,-0.10101,2.03572
-0.464646,-0.0606061,2.02744
-0.464646,-0.020202,2.02254
-0.464646,0.020202,2.02254
-0.464646,0.0606061,2.02744
-0.464646,0.10101,2.03572
-0.464646,0.141414,2.04453
-0.464646,0.181818,2.04987
-0.464646,0.222222,2.04704
-0.464646,0.262626,2.031
-0.464646,0.30303,1.99693
-0.464646,0.343434,1.94069
-0.464646,0.383838,1.85926
-0.464646,0.424242,1.75117
-0.464646,0.464646,1.61678
-0.464646,0.505051,1.45841
-0.464646,0.545455,1.2804
-0.464646,0.585859,1.08893
-0.464646,0.626263,0.891782
-0.464646,0.666667,0.697919
-0.464646,0.707071,0.516943
-0.464646,0.747475,0.358519
-0.464646,0.787879,0.231735
-0.464646,0.828283,0.144479
-0.464646,0.868687,0.102867
-0.464646,0.909091,0.110748
-0.464646,0.949495,0.169355
-0.464646,0.989899,0.277097
-0.464646,1.0303,0.429532
-0.464646,1.07071,0.619516
-0.464646,1.11111,0.837538
-0.464646,1.15152,1.07221
-0.464646,1.19192,1.31089
-0.464646,1.23232,1.54041
-0.464646,1.27273,1.74786
-0.464646,1.31313,1.92135
-0.464646,1.35354,2.05077
-0.464646,1.39394,2.12844
-0.464646,1.43434,2.14959
-0.464646,1.47475,2.11276
-0.464646,1.51515,2.01987
-0.464646,1.55556,1.87623
-0.464646,1.59596,1.69021
-0.464646,1.63636,1.47282
-0.464646,1.67677,1.23706
-0.464646,1.71717,0.997149
-0.464646,1.75758,0.767664
-0.464646,1.79798,0.562681
-0.464646,1.83838,0.394889
-0.464646,1.87879,0.27481
-0.464646,1.91919,0.210134
-0.464646,1.9596,0.205221
-0.464646,2,0.260809
-0.424242,-2,0.243285
-0.424242,-1.9596,0.200991
-0.424242,-1.91919,0.219924
-0.424242,-1.87879,0.298512
-0.424242,-1.83838,0.431538
-0.424242,-1.79798,0.610486
-0.424242,-1.75758,0.824085
-0.424242,-1.71717,1.05902
-0.424242,-1.67677,1.30076
-0.424242,-1.63636,1.53446
-0.424242,-1.59596,1.74587
-0.424242,-1.55556,1.92218
-0.424242,-1.51515,2.0528
-0.424242,-1.47475,2.12998
-0.424242,-1.43434,2.14922
-0.424242,-1.39394,2.10955
-0.424242,-1.35354,2.01346
-0.424242,-1.31313,1.8668
-0.424242,-1.27273,1.6783
-0.424242,-1.23232,1.45902
-0.424242,-1.19192,1.22168
-0.424242,-1.15152,0.979821
-0.424242,-1.11111,0.747007
-0.424242,-1.07071,0.53602
-0.424242,-1.0303,0.358116
-0.424242,-0.989899,0.222402
-0.424242,-0.949495,0.135355
-0.424242,-0.909091,0.100524
-0.424242,-0.868687,0.118423
-0.424242,-0.828283,0.18661
-0.424242,-0.787879,0.299954
-0.424242,-0.747475,0.451061
-0.424242,-0.707071,0.630826
-0.424242,-0.666667,0.829075
-0.424242,-0.626263,1.03525
-0.424242,-0.585859,1.2391
-0.424242,-0.545455,1.43129
-0.424242,-0.505051,1.60396
-0.424242,-0.464646,1.75117
-0.424242,-0.424242,1.86913
-0.424242,-0.383838,1.95631
-0.424242,-0.343434,2.01341
-0.424242,-0.30303,2.04315
-0.424242,-0.262626,2.04987
-0.424242,-0.222222,2.03913
-0.424242,-0.181818,2.01713
-0.424242,-0.141414,1.99017
-0.424242,-0.10101,1.96409
-0.424242,-0.0606061,1.94376
-0.424242,-0.020202,1.93269
-0.424242,0.020202,1.93269
-0.424242,0.0606061,1.94376
-0.424242,0.10101,1.96409
-0.424242,0.141414,1.99017
-0.424242,0.181818,2.01713
-0.424242,0.222222,2.03913
-0.424242,0.262626,2.04987
-0.424242,0.30303,2.04315
-0.424242,0.343434,2.01341
-0.424242,0.383838,1.95631
-0.424242,0.424242,1.86913
-0.424242,0.464646,1.75117
-0.424242,0.505051,1.60396
-0.424242,0.545455,1.43129
-0.424242,0.585859,1.2391
-0.424242,0.626263,1.03525
-0.424242,0.666667,0.829075
-0.424242,0.707071,0.630826
-0.424242,0.747475,0.451061
-0.424242,0.787879,0.299954
-0.424242,0.828283,0.18661
-0.424242,0.868687,0.118423
-0.424242,0.909091,0.100524
-0.424242,0.949495,0.135355
-0.424242,0.989899,0.222402
-0.424242,1.0303,0.358116
-0.424242,1.07071,0.53602
-0.424242,1.11111,0.747007
-0.424242,1.15152,0.979821
-0.424242,1.19192,1.22168
-0.424242,1.23232,1.45902
-0.424242,1.27273,1.6783
-0.424242,1.31313,1.8668
-0.424242,1.35354,2.01346
-0.424242,1.39394,2.10955
-0.424242,1.43434,2.14922
-0.424242,1.47475,2.12998
-0.424242,1.51515,2.0528
-0.424242,1.55556,1.92218
-0.424242,1.59596,1.74587
-0.424242,1.63636,1.53446
-0.424242,1.67677,1.30076
-0.424242,1.71717,1.05902
-0.424242,1.75758,0.824085
-0.424242,1.79798,0.610486
-0.424242,1.83838,0.431538
-0.424242,1.87879,0.298512
-0.424242,1.91919,0.219924
-0.424242,1.9596,0.200991
-0.424242,2,0.243285
-0.383838,-2,0.229832
-0.383838,-1.9596,0.199881
-0.383838,-1.91919,0.231663
-0.383838,-1.87879,0.322828
-0.383838,-1.83838,0.467374
-0.383838,-1.79798,0.656032
-0.383838,-1.75758,0.876859
-0.383838,-1.71717,1.116
-0.383838,-1.67677,1.35853
-0.383838,-1.63636,1.58942
-0.383838,-1.59596,1.79443
-0.383838,-1.55556,1.96099
-0.383838,-1.51515,2.07894
-0.383838,-1.47475,2.14115
-0.383838,-1.43434,2.14393
-0.383838,-1.39394,2.0872
-0.383838,-1.35354,1.97445
-0.383838,-1.31313,1.81252
-0.383838,-1.27273,1.6111
-0.383838,-1.23232,1.38213
-0.383838,-1.19192,1.13904
-0.383838,-1.15152,0.895907
-0.383838,-1.11111,0.666603
-0.383838,-1.07071,0.463957
-0.383838,-1.0303,0.299015
-0.383838,-0.989899,0.180408
-0.383838,-0.949495,0.1139
-0.383838,-0.909091,0.102117
-0.383838,-0.868687,0.144479
-0.383838,-0.828283,0.237343
-0.383838,-0.787879,0.374321
-0.383838,-0.747475,0.546779
-0.383838,-0.707071,0.74445
-0.383838,-0.666667,0.956146
-0.383838,-0.626263,1.17049
-0.383838,-0.585859,1.37666
-0.383838,-0.545455,1.56503
-0.383838,-0.505051,1.72778
-0.383838,-0.464646,1.85926
-0.383838,-0.424242,1.95631
-0.383838,-0.383838,2.01829
-0.383838,-0.343434,2.04704
-0.383838,-0.30303,2.04653
-0.383838,-0.262626,2.02254
-0.383838,-0.222222,1.98205
-0.383838,-0.181818,1.93269
-0.383838,-0.141414,1.88205
-0.383838,-0.10101,1.83713
-0.383838,-0.0606061,1.80371
-0.383838,-0.020202,1.78592
-0.383838,0.020202,1.78592
-0.383838,0.0606061,1.80371
-0.383838,0.10101,1.83713
-0.383838,0.141414,1.88205
-0.383838,0.181818,1.93269
-0.383838,0.222222,1.98205
-0.383838,0.262626,2.02254
-0.383838,0.30303,2.04653
-0.383838,0.343434,2.04704
-0.383838,0.383838,2.01829
-0.383838,0.424242,1.95631
-0.383838,0.464646,1.85926
-0.383838,0.505051,1.72778
-0.383838,0.545455,1.56503
-0.383838,0.585859,1.37666
-0.383838,0.626263,1.17049
-0.383838,0.666667,0.956146
-0.383838,0.707071,0.74445
-0.383838,0.747475,0.546779
-0.383838,0.787879,0.374321
-0.383838,0.828283,0.237343
-0.383838,0.868687,0.144479
-0.383838,0.909091,0.102117
-0.383838,0.949495,0.1139
-0.383838,0.989899,0.180408
-0.383838,1.0303,0.299015
-0.383838,1.07071,0.463957
-0.383838,1.11111,0.666603
-0.383838,1.15152,0.895907
-0.383838,1.19192,1.13904
-0.383838,1.23232,1.38213
-0.383838,1.27273,1.6111
-0.383838,1.31313,1.81252
-0.383838,1.35354,1.97445
-0.383838,1.39394,2.0872
-0.383838,1.43434,2.14393
-0.383838,1.47475,2.14115
-0.383838,1.51515,2.07894
-0.383838,1.55556,1.96099
-0.383838,1.59596,1.79443
-0.383838,1.63636,1.58942
-0.383838,1.67677,1.35853
-0.383838,1.71717,1.116
-0.383838,1.75758,0.876859
-0.383838,1.79798,0.656032
-0.383838,1.83838,0.467374
-0.383838,1.87879,0.322828
-0.383838,1.91919,0.231663
-0.383838,1.9596,0.199881
-0.383838,2,0.229832
-0.343434,-2,0.219794
-0.343434,-1.9596,0.201137
-0.343434,-1.91919,0.244538
-0.343434,-1.87879,0.346936
-0.343434,-1.83838,0.501612
-0.343434,-1.79798,0.698622
-0.343434,-1.75758,0.925433
-0.343434,-1.71717,1.16771
-0.343434,-1.67677,1.41024
-0.343434,-1.63636,1.63782
-0.343434,-1.59596,1.83629
-0.343434,-1.55556,1.99332
-0.343434,-1.51515,2.09921
-0.343434,-1.47475,2.14744
-0.343434,-1.43434,2.13506
-0.343434,-1.39394,2.06287
-0.343434,-1.35354,1.93526
-0.343434,-1.31313,1.75999
-0.343434,-1.27273,1.54763
-0.343434,-1.23232,1.31089
-0.343434,-1.19192,1.06383
-0.343434,-1.15152,0.820952
-0.343434,-1.11111,0.596356
-0.343434,-1.07071,0.402844
-0.343434,-1.0303,0.251189
-0.343434,-0.989899,0.149508
-0.343434,-0.949495,0.102825
-0.343434,-0.909091,0.112837
-0.343434,-0.868687,0.177888
-0.343434,-0.828283,0.293161
-0.343434,-0.787879,0.451061
-0.343434,-0.747475,0.641774
-0.343434,-0.707071,0.853946
-0.343434,-0.666667,1.07545
-0.343434,-0.626263,1.29417
-0.343434,-0.585859,1.4988
-0.343434,-0.545455,1.67951
-0.343434,-0.505051,1.82855
-0.343434,-0.464646,1.94069
-0.343434,-0.424242,2.01341
-0.343434,-0.383838,2.04704
-0.343434,-0.343434,2.04453
-0.343434,-0.30303,2.0112
-0.343434,-0.262626,1.95423
-0.343434,-0.222222,1.88205
-0.343434,-0.181818,1.80371
-0.343434,-0.141414,1.72812
-0.343434,-0.10101,1.6634
-0.343434,-0.0606061,1.61624
-0.343434,-0.020202,1.59142
-0.343434,0.020202,1.59142
-0.343434,0.0606061,1.61624
-0.343434,0.10101,1.6634
-0.343434,0.141414,1.72812
-0.343434,0.181818,1.80371
-0.343434,0.222222,1.88205
-0.343434,0.262626,1.95423
-0.343434,0.30303,2.0112
-0.343434,0.343434,2.04453
-0.343434,0.383838,2.04704
-0.343434,0.424242,2.01341
-0.343434,0.464646,1.94069
-0.343434,0.505051,1.82855
-0.343434,0.545455,1.67951
-0.343434,0.585859,1.4988
-0.343434,0.626263,1.29417
-0.343434,0.666667,1.07545
-0.343434,0.707071,0.853946
-0.343434,0.747475,0.641774
-0.343434,0.787879,0.451061
-0.343434,0.828283,0.293161
-0.343434,0.868687,0.177888
-0.343434,0.909091,0.112837
-0.343434,0.949495,0.102825
-0.343434,0.989899,0.149508
-0.343434,1.0303,0.251189
-0.343434,1.07071,0.402844
-0.343434,1.11111,0.596356
-0.343434,1.15152,0.820952
-0.343434,1.19192,1.06383
-0.343434,1.23232,1.31089
-0.343434,1.27273,1.54763
-0.343434,1.31313,1.75999
-0.343434,1.35354,1.93526
-0.343434,1.39394,2.06287
-0.343434,1.43434,2.13506
-0.343434,1.47475,2.14744
-0.343434,1.51515,2.09921
-0.343434,1.55556,1.99332
-0.343434,1.59596,1.83629
-0.343434,1.63636,1.63782
-0.343434,1.67677,1.41024
-0.343434,1.71717,1.16771
-0.343434,1.75758,0.925433
-0.343434,1.79798,0.698622
-0.343434,1.83838,0.501612
-0.343434,1.87879,0.346936
-0.343434,1.91919,0.244538
-0.343434,1.9596,0.201137
-0.343434,2,0.219794
-0.30303,-2,0.21255
-0.30303,-1.9596,0.204063
-0.30303,-1.91919,0.257817
-0.30303,-1.87879,0.370107
-0.30303,-1.83838,0.533573
-0.30303,-1.79798,0.737677
-0.30303,-1.75758,0.969367
-0.30303,-1.71717,1.21391
-0.30303,-1.67677,1.45583
-0.30303,-1.63636,1.67986
-0.30303,-1.59596,1.87189
-0.30303,-1.55556,2.01987
-0.30303,-1.51515,2.11453
-0.30303,-1.47475,2.14995
-0.30303,-1.43434,2.12387
-0.30303,-1.39394,2.03789
-0.30303,-1.35354,1.89724
-0.30303,-1.31313,1.7105
-0.30303,-1.27273,1.48903
-0.30303,-1.23232,1.24621
-0.30303,-1.19192,0.996634
-0.30303,-1.15152,0.755158
-0.30303,-1.11111,0.53602
-0.30303,-1.07071,0.351944
-0.30303,-1.0303,0.21339
-0.30303,-0.989899,0.127941
-0.30303,-0.949495,0.0998856
-0.30303,-0.909091,0.13001
-0.30303,-0.868687,0.215623
-0.30303,-0.828283,0.350791
-0.30303,-0.787879,0.526784
-0.30303,-0.747475,0.732688
-0.30303,-0.707071,0.956146
-0.30303,-0.666667,1.18418
-0.30303,-0.626263,1.40403
-0.30303,-0.585859,1.60396
-0.30303,-0.545455,1.77403
-0.30303,-0.505051,1.90663
-0.30303,-0.464646,1.99693
-0.30303,-0.424242,2.04315
-0.30303,-0.383838,2.04653
-0.30303,-0.343434,2.0112
-0.30303,-0.30303,1.94376
-0.30303,-0.262626,1.85279
-0.30303,-0.222222,1.74814
-0.30303,-0.181818,1.64023
-0.30303,-0.141414,1.53925
-0.30303,-0.10101,1.45443
-0.30303,-0.0606061,1.39336
-0.30303,-0.020202,1.36143
-0.30303,0.020202,1.36143
-0.30303,0.0606061,1.39336
-0.30303,0.10101,1.45443
-0.30303,0.141414,1.53925
-0.30303,0.181818,1.64023
-0.30303,0.222222,1.74814
-0.30303,0.262626,1.85279
-0.30303,0.30303,1.94376
-0.30303,0.343434,2.0112
-0.30303,0.383838,2.04653
-0.30303,0.424242,2.04315
-0.30303,0.464646,1.99693
-0.30303,0.505051,1.90663
-0.30303,0.545455,1.77403
-0.30303,0.585859,1.60396
-0.30303,0.626263,1.40403
-0.30303,0.666667,1.18418
-0.30303,0.707071,0.956146
-0.30303,0.747475,0.732688
-0.30303,0.787879,0.526784
-0.30303,0.828283,0.350791
-0.30303,0.868687,0.215623
-0.30303,0.909091,0.13001
-0.30303,0.949495,0.0998856
-0.30303,0.989899,0.127941
-0.30303,1.0303,0.21339
-0.30303,1.07071,0.351944
-0.30303,1.11111,0.53602
-0.30303,1.15152,0.755158
-0.30303,1.19192,0.996634
-0.30303,1.23232,1.24621
-0.30303,1.27273,1.48903
-0.30303,1.31313,1.7105
-0.30303,1.35354,1.89724
-0.30303,1.39394,2.03789
-0.30303,1.43434,2.12387
-0.30303,1.47475,2.14995
-0.30303,1.51515,2.11453
-0.30303,1.55556,2.01987
-0.30303,1.59596,1.87189
-0.30303,1.63636,1.67986
-0.30303,1.67677,1.45583
-0.30303,1.71717,1.21391
-0.30303,1.75758,0.969367
-0.30303,1.79798,0.737677
-0.30303,1.83838,0.533573
-0.30303,1.87879,0.370107
-0.30303,1.91919,0.257817
-0.30303,1.9596,0.204063
-0.30303,2,0.21255
-0.262626,-2,0.20753
-0.262626,-1.9596,0.208031
-0.262626,-1.91919,0.270847
-0.262626,-1.87879,0.391704
-0.262626,-1.83838,0.562681
-0.262626,-1.79798,0.772718
-0.262626,-1.75758,1.00832
-0.262626,-1.71717,1.25444
-0.262626,-1.67677,1.49536
-0.262626,-1.63636,1.71578
-0.262626,-1.59596,1.9017
-0.262626,-1.55556,2.04132
-0.262626,-1.51515,2.12579
-0.262626,-1.47475,2.14971
-0.262626,-1.43434,2.11151
-0.262626,-1.39394,2.01346
-0.262626,-1.35354,1.86157
-0.262626,-1.31313,1.66515
-0.262626,-1.27273,1.43623
-0.262626,-1.23232,1.18877
-0.262626,-1.19192,0.937816
-0.262626,-1.15152,0.698502
-0.262626,-1.11111,0.485147
-0.262626,-1.07071,0.310355
-0.262626,-1.0303,0.184255
-0.262626,-0.989899,0.1139
-0.262626,-0.949495,0.102867
-0.262626,-0.909091,0.151082
-0.262626,-0.868687,0.254881
-0.262626,-0.828283,0.407299
-0.262626,-0.787879,0.598561
-0.262626,-0.747475,0.816751
-0.262626,-0.707071,1.04861
-0.262626,-0.666667,1.2804
-0.262626,-0.626263,1.4988
-0.262626,-0.585859,1.69175
-0.262626,-0.545455,1.8492
-0.262626,-0.505051,1.96374
-0.262626,-0.464646,2.031
-0.262626,-0.424242,2.04987
-0.262626,-0.383838,2.02254
-0.262626,-0.343434,1.95423
-0.262626,-0.30303,1.85279
-0.262626,-0.262626,1.72812
-0.262626,-0.222222,1.59142
-0.262626,-0.181818,1.45443
-0.262626,-0.141414,1.32854
-0.262626,-0.10101,1.22404
-0.262626,-0.0606061,1.14935
-0.262626,-0.020202,1.11045
-0.262626,0.020202,1.11045
-0.262626,0.0606061,1.14935
-0.262626,0.10101,1.22404
-0.262626,0.141414,1.32854
-0.262626,0.181818,1.45443
-0.262626,0.222222,1.59142
-0.262626,0.262626,1.72812
-0.262626,0.30303,1.85279
-0.262626,0.343434,1.95423
-0.262626,0.383838,2.02254
-0.262626,0.424242,2.04987
-0.262626,0.464646,2.031
-0.262626,0.505051,1.96374
-0.262626,0.545455,1.8492
-0.262626,0.585859,1.69175
-0.262626,0.626263,1.4988
-0.262626,0.666667,1.2804
-0.262626,0.707071,1.04861
-0.262626,0.747475,0.816751
-0.262626,0.787879,0.598561
-0.262626,0.828283,0.407299
-0.262626,0.868687,0.254881
-0.262626,0.909091,0.151082
-0.262626,0.949495,0.102867
-0.262626,0.989899,0.1139
-0.262626,1.0303,0.184255
-0.262626,1.07071,0.310355
-0.262626,1.11111,0.485147
-0.262626,1.15152,0.698502
-0.262626,1.19192,0.937816
-0.262626,1.23232,1.18877
-0.262626,1.27273,1.43623
-0.262626,1.31313,1.66515
-0.262626,1.35354,1.86157
-0.262626,1.39394,2.01346
-0.262626,1.43434,2.11151
-0.262626,1.47475,2.14971
-0.262626,1.51515,2.12579
-0.262626,1.55556,2.04132
-0.262626,1.59596,1.9017
-0.262626,1.63636,1.71578
-0.262626,1.67677,1.49536
-0.262626,1.71717,1.25444
-0.262626,1.75758,1.00832
-0.262626,1.79798,0.772718
-0.262626,1.83838,0.562681
-0.262626,1.87879,0.391704
-0.262626,1.91919,0.270847
-0.262626,1.9596,0.208031
-0.262626,2,0.20753
-0.222222,-2,0.204219
-0.222222,-1.9596,0.21248
-0.222222,-1.91919,0.283058
-0.222222,-1.87879,0.411182
-0.222222,-1.83838,0.58845
-0.222222,-1.79798,0.803361
-0.222222,-1.75758,1.04205
-0.222222,-1.71717,1.28918
-0.222222,-1.67677,1.5289
-0.222222,-1.63636,1.74587
-0.222222,-1.59596,1.92619
-0.222222,-1.55556,2.05832
-0.222222,-1.51515,2.13378
-0.222222,-1.47475,2.14768
-0.222222,-1.43434,2.09899
-0.222222,-1.39394,1.99063
-0.222222,-1.35354,1.82926
-0.222222,-1.31313,1.62482
-0.222222,-1.27273,1.38993
-0.222222,-1.23232,1.13904
-0.222222,-1.19192,0.887543
-0.222222,-1.15152,0.6508
-0.222222,-1.11111,0.443164
-0.222222,-1.07071,0.277097
-0.222222,-1.0303,0.1624
-0.222222,-0.989899,0.105621
-0.222222,-0.949495,0.109677
-0.222222,-0.909091,0.173705
-0.222222,-0.868687,0.293161
-0.222222,-0.828283,0.460146
-0.222222,-0.787879,0.663954
-0.222222,-0.747475,0.891782
-0.222222,-0.707071,1.12957
-0.222222,-0.666667,1.36294
-0.222222,-0.626263,1.57808
-0.222222,-0.585859,1.76267
-0.222222,-0.545455,1.90663
-0.222222,-0.505051,2.00272
-0.222222,-0.464646,2.04704
-0.222222,-0.424242,2.03913
-0.222222,-0.383838,1.98205
-0.222222,-0.343434,1.88205
-0.222222,-0.30303,1.74814
-0.222222,-0.262626,1.59142
-0.222222,-0.222222,1.42436
-0.222222,-0.181818,1.25986
-0.222222,-0.141414,1.11045
-0.222222,-0.10101,0.98736
-0.222222,-0.0606061,0.899811
-0.222222,-0.020202,0.854339
-0.222222,0.020202,0.854339
-0.222222,0.0606061,0.899811
-0.222222,0.10101,0.98736
-0.222222,0.141414,1.11045
-0.222222,0.181818,1.25986
-0.222222,0.222222,1.42436
-0.222222,0.262626,1.59142
-0.222222,0.30303,1.74814
-0.222222,0.343434,1.88205
-0.222222,0.383838,1.98205
-0.222222,0.424242,2.03913
-0.222222,0.464646,2.04704
-0.222222,0.505051,2.00272
-0.222222,0.545455,1.90663
-0.222222,0.585859,1.76267
-0.222222,0.626263,1.57808
-0.222222,0.666667,1.36294
-0.222222,0.707071,1.12957
-0.222222,0.747475,0.891782
-0.222222,0.787879,0.663954
-0.222222,0.828283,0.460146
-0.222222,0.868687,0.293161
-0.222222,0.909091,0.173705
-0.222222,0.949495,0.109677
-0.222222,0.989899,0.105621
-0.222222,1.0303,0.1624
-0.222222,1.07071,0.277097
-0.222222,1.11111,0.443164
-0.222222,1.15152,0.6508
-0.222222,1.19192,0.887543
-0.222222,1.23232,1.13904
-0.222222,1.27273,1.38993
-0.222222,1.31313,1.62482
-0.222222,1.35354,1.82926
-0.222222,1.39394,1.99063
-0.222222,1.43434,2.09899
-0.222222,1.47475,2.14768
-0.222222,1.51515,2.13378
-0.222222,1.55556,2.05832
-0.222222,1.59596,1.92619
-0.222222,1.63636,1.74587
-0.222222,1.67677,1.5289
-0.222222,1.71717,1.28918
-0.222222,1.75758,1.04205
-0.222222,1.79798,0.803361
-0.222222,1.83838,0.58845
-0.222222,1.87879,0.411182
-0.222222,1.91919,0.283058
-0.222222,1.9596,0.21248
-0.222222,2,0.204219
-0.181818,-2,0.202167
-0.181818,-1.9596,0.21693
-0.181818,-1.91919,0.293964
-0.181818,-1.87879,0.428085
-0.181818,-1.83838,0.610486
-0.181818,-1.79798,0.829301
-0.181818,-1.75758,1.07036
-0.181818,-1.71717,1.31811
-0.181818,-1.67677,1.55658
-0.181818,-1.63636,1.77041
-0.181818,-1.59596,1.94582
-0.181818,-1.55556,2.07149
-0.181818,-1.51515,2.13927
-0.181818,-1.47475,2.14468
-0.181818,-1.43434,2.0872
-0.181818,-1.39394,1.97028
-0.181818,-1.35354,1.80114
-0.181818,-1.31313,1.59024
-0.181818,-1.27273,1.35068
-0.181818,-1.23232,1.09732
-0.181818,-1.19192,0.845848
-0.181818,-1.15152,0.611766
-0.181818,-1.11111,0.409442
-0.181818,-1.07071,0.251189
-0.181818,-1.0303,0.1465
-0.181818,-0.989899,0.101469
-0.181818,-0.949495,0.118423
-0.181818,-0.909091,0.195806
-0.181818,-0.868687,0.328303
-0.181818,-0.828283,0.507209
-0.181818,-0.787879,0.721011
-0.181818,-0.747475,0.956146
-0.181818,-0.707071,1.19788
-0.181818,-0.666667,1.43129
-0.181818,-0.626263,1.64216
-0.181818,-0.585859,1.81797
-0.181818,-0.545455,1.94862
-0.181818,-0.505051,2.02709
-0.181818,-0.464646,2.04987
-0.181818,-0.424242,2.01713
-0.181818,-0.383838,1.93269
-0.181818,-0.343434,1.80371
-0.181818,-0.30303,1.64023
-0.181818,-0.262626,1.45443
-0.181818,-0.222222,1.25986
-0.181818,-0.181818,1.0705
-0.181818,-0.141414,0.899811
-0.181818,-0.10101,0.759912
-0.181818,-0.0606061,0.660718
-0.181818,-0.020202,0.609284
-0.181818,0.020202,0.609284
-0.181818,0.0606061,0.660718
-0.181818,0.10101,0.759912
-0.181818,0.141414,0.899811
-0.181818,0.181818,1.0705
-0.181818,0.222222,1.25986
-0.181818,0.262626,1.45443
-0.181818,0.30303,1.64023
-0.181818,0.343434,1.80371
-0.181818,0.383838,1.93269
-0.181818,0.424242,2.01713
-0.181818,0.464646,2.04987
-0.181818,0.505051,2.02709
-0.181818,0.545455,1.94862
-0.181818,0.585859,1.81797
-0.181818,0.626263,1.64216
-0.181818,0.666667,1.43129
-0.181818,0.707071,1.19788
-0.181818,0.747475,0.956146
-0.181818,0.787879,0.721011
-0.181818,0.828283,0.507209
-0.181818,0.868687,0.328303
-0.181818,0.909091,0.195806
-0.181818,0.949495,0.118423
-0.181818,0.989899,0.101469
-0.181818,1.0303,0.1465
-0.181818,1.07071,0.251189
-0.181818,1.11111,0.409442
-0.181818,1.15152,0.611766
-0.181818,1.19192,0.845848
-0.181818,1.23232,1.09732
-0.181818,1.27273,1.35068
-0.181818,1.31313,1.59024
-0.181818,1.35354,1.80114
-0.181818,1.39394,1.97028
-0.181818,1.43434,2.0872
-0.181818,1.47475,2.14468
-0.181818,1.51515,2.13927
-0.181818,1.55556,2.07149
-0.181818,1.59596,1.94582
-0.181818,1.63636,1.77041
-0.181818,1.67677,1.55658
-0.181818,1.71717,1.31811
-0.181818,1.75758,1.07036
-0.181818,1.79798,0.829301
-0.181818,1.83838,0.610486
-0.181818,1.87879,0.428085
-0.181818,1.91919,0.293964
-0.181818,1.9596,0.21693
-0.181818,2,0.202167
-0.141414,-2,0.200991
-0.141414,-1.9596,0.220977
-0.141414,-1.91919,0.303166
-0.141414,-1.87879,0.442041
-0.141414,-1.83838,0.628473
-0.141414,-1.79798,0.850305
-0.141414,-1.75758,1.09313
-0.141414,-1.71717,1.34123
-0.141414,-1.67677,1.57852
-0.141414,-1.63636,1.78967
-0.141414,-1.59596,1.96099
-0.141414,-1.55556,2.08135
-0.141414,-1.51515,2.14286
-0.141414,-1.47475,2.14141
-0.141414,-1.43434,2.07688
-0.141414,-1.39394,1.95315
-0.141414,-1.35354,1.77787
-0.141414,-1.31313,1.56196
-0.141414,-1.27273,1.31889
-0.141414,-1.23232,1.06383
-0.141414,-1.19192,0.812678
-0.141414,-1.15152,0.581071
-0.141414,-1.11111,0.383357
-0.141414,-1.07071,0.23171
-0.141414,-1.0303,0.135355
-0.141414,-0.989899,0.0999949
-0.141414,-0.949495,0.127464
-0.141414,-0.909091,0.215623
-0.141414,-0.868687,0.358519
-0.141414,-0.828283,0.546779
-0.141414,-0.787879,0.768227
-0.141414,-0.747475,1.00868
-0.141414,-0.707071,1.25286
-0.141414,-0.666667,1.48538
-0.141414,-0.626263,1.69175
-0.141414,-0.585859,1.85926
-0.141414,-0.545455,1.97784
-0.141414,-0.505051,2.04065
-0.141414,-0.464646,2.04453
-0.141414,-0.424242,1.99017
-0.141414,-0.383838,1.88205
-0.141414,-0.343434,1.72812
-0.141414,-0.30303,1.53925
-0.141414,-0.262626,1.32854
-0.141414,-0.222222,1.11045
-0.141414,-0.181818,0.899811
-0.141414,-0.141414,0.710921
-0.141414,-0.10101,0.556596
-0.141414,-0.0606061,0.447361
-0.141414,-0.020202,0.390759
-0.141414,0.020202,0.390759
-0.141414,0.0606061,0.447361
-0.141414,0.10101,0.556596
-0.141414,0.141414,0.710921
-0.141414,0.181818,0.899811
-0.141414,0.222222,1.11045
-0.141414,0.262626,1.32854
-0.141414,0.30303,1.53925
-0.141414,0.343434,1.72812
-0.141414,0.383838,1.88205
-0.141414,0.424242,1.99017
-0.141414,0.464646,2.04453
-0.141414,0.505051,2.04065
-0.141414,0.545455,1.97784
-0.141414,0.585859,1.85926
-0.141414,0.626263,1.69175
-0.141414,0.666667,1.48538
-0.141414,0.707071,1.25286
-0.141414,0.747475,1.00868
-0.141414,0.787879,0.768227
-0.141414,0.828283,0.546779
-0.141414,0.868687,0.358519
-0.141414,0.909091,0.215623
-0.141414,0.949495,0.127464
-0.141414,0.989899,0.0999949
-0.141414,1.0303,0.135355
-0.141414,1.07071,0.23171
-0.141414,1.11111,0.383357
-0.141414,1.15152,0.581071
-0.141414,1.19192,0.812678
-0.141414,1.23232,1.06383
-0.141414,1.27273,1.31889
-0.141414,1.31313,1.56196
-0.141414,1.35354,1.77787
-0.141414,1.39394,1.95315
-0.141414,1.43434,2.07688
-0.141414,1.47475,2.14141
-0.141414,1.51515,2.14286
-0.141414,1.55556,2.08135
-0.141414,1.59596,1.96099
-0.141414,1.63636,1.78967
-0.141414,1.67677,1.57852
-0.141414,1.71717,1.34123
-0.141414,1.75758,1.09313
-0.141414,1.79798,0.850305
-0.141414,1.83838,0.628473
-0.141414,1.87879,0.442041
-0.141414,1.91919,0.303166
-0.141414,1.9596,0.220977
-0.141414,2,0.200991
-0.10101,-2,0.200383
-0.10101,-1.9596,0.224295
-0.10101,-1.91919,0.310343
-0.10101,-1.87879,0.452757
-0.10101,-1.83838,0.642166
-0.10101,-1.79798,0.866199
-0.10101,-1.75758,1.11027
-0.10101,-1.71717,1.35853
-0.10101,-1.67677,1.59485
-0.10101,-1.63636,1.80389
-0.10101,-1.59596,1.97205
-0.10101,-1.55556,2.08834
-0.10101,-1.51515,2.14509
-0.10101,-1.47475,2.13846
-0.10101,-1.43434,2.06862
-0.10101,-1.39394,1.9398
-0.10101,-1.35354,1.75999
-0.10101,-1.31313,1.54041
-0.10101,-1.27273,1.29483
-0.10101,-1.23232,1.03865
-0.10101,-1.19192,0.787935
-0.10101,-1.15152,0.558389
-0.10101,-1.11111,0.364345
-0.10101,-1.07071,0.217859
-0.10101,-1.0303,0.127941
-0.10101,-0.989899,0.0999897
-0.10101,-0.949495,0.13545
-0.10101,-0.909091,0.231735
-0.10101,-0.868687,0.382395
-0.10101,-0.828283,0.577545
-0.10101,-0.787879,0.804502
-0.10101,-0.747475,1.04861
-0.10101,-0.707071,1.29417
-0.10101,-0.666667,1.52547
-0.10101,-0.626263,1.72778
-0.10101,-0.585859,1.88828
-0.10101,-0.545455,1.99693
-0.10101,-0.505051,2.04704
-0.10101,-0.464646,2.03572
-0.10101,-0.424242,1.96409
-0.10101,-0.383838,1.83713
-0.10101,-0.343434,1.6634
-0.10101,-0.30303,1.45443
-0.10101,-0.262626,1.22404
-0.10101,-0.222222,0.98736
-0.10101,-0.181818,0.759912
-0.10101,-0.141414,0.556596
-0.10101,-0.10101,0.390759
-0.10101,-0.0606061,0.273406
-0.10101,-0.020202,0.212546
-0.10101,0.020202,0.212546
-0.10101,0.0606061,0.273406
-0.10101,0.10101,0.390759
-0.10101,0.141414,0.556596
-0.10101,0.181818,0.759912
-0.10101,0.222222,0.98736
-0.10101,0.262626,1.22404
-0.10101,0.30303,1.45443
-0.10101,0.343434,1.6634
-0.10101,0.383838,1.83713
-0.10101,0.424242,1.96409
-0.10101,0.464646,2.03572
-0.10101,0.505051,2.04704
-0.10101,0.545455,1.99693
-0.10101,0.585859,1.88828
-0.10101,0.626263,1.72778
-0.10101,0.666667,1.52547
-0.10101,0.707071,1.29417
-0.10101,0.747475,1.04861
-0.10101,0.787879,0.804502
-0.10101,0.828283,0.577545
-0.10101,0.868687,0.382395
-0.10101,0.909091,0.231735
-0.10101,0.949495,0.13545
-0.10101,0.989899,0.0999897
-0.10101,1.0303,0.127941
-0.10101,1.07071,0.217859
-0.10101,1.11111,0.364345
-0.10101,1.15152,0.558389
-0.10101,1.19192,0.787935
-0.10101,1.23232,1.03865
-0.10101,1.27273,1.29483
-0.10101,1.31313,1.54041
-0.10101,1.35354,1.75999
-0.10101,1.39394,1.9398
-0.10101,1.43434,2.06862
-0.10101,1.47475,2.13846
-0.10101,1.51515,2.14509
-0.10101,1.55556,2.08834
-0.10101,1.59596,1.97205
-0.10101,1.63636,1.80389
-0.10101,1.67677,1.59485
-0.10101,1.71717,1.35853
-0.10101,1.75758,1.11027
-0.10101,1.79798,0.866199
-0.10101,1.83838,0.642166
-0.10101,1.87879,0.452757
-0.10101,1.91919,0.310343
-0.10101,1.9596,0.224295
-0.10101,2,0.200383
-0.0606061,-2,0.200108
-0.0606061,-1.9596,0.226643
-0.0606061,-1.91919,0.315259
-0.0606061,-1.87879,0.460019
-0.0606061,-1.83838,0.651391
-0.0606061,-1.79798,0.876859
-0.0606061,-1.75758,1.12173
-0.0606061,-1.71717,1.37005
-0.0606061,-1.67677,1.60568
-0.0606061,-1.63636,1.81327
-0.0606061,-1.59596,1.97927
-0.0606061,-1.55556,2.0928
-0.0606061,-1.51515,2.14636
-0.0606061,-1.47475,2.13624
-0.0606061,-1.43434,2.06287
-0.0606061,-1.39394,1.93067
-0.0606061,-1.35354,1.74786
-0.0606061,-1.31313,1.52588
-0.0606061,-1.27273,1.2787
-0.0606061,-1.23232,1.02185
-0.0606061,-1.19192,0.771514
-0.0606061,-1.15152,0.54344
-0.0606061,-1.11111,0.351944
-0.0606061,-1.07071,0.208996
-0.0606061,-1.0303,0.123459
-0.0606061,-0.989899,0.100518
-0.0606061,-0.949495,0.141353
-0.0606061,-0.909091,0.24307
-0.0606061,-0.868687,0.398884
-0.0606061,-0.828283,0.598561
-0.0606061,-0.787879,0.829075
-0.0606061,-0.747475,1.07545
-0.0606061,-0.707071,1.3217
-0.0606061,-0.666667,1.55191
-0.0606061,-0.626263,1.75117
-0.0606061,-0.585859,1.90663
-0.0606061,-0.545455,2.00822
-0.0606061,-0.505051,2.04938
-0.0606061,-0.464646,2.02744
-0.0606061,-0.424242,1.94376
-0.0606061,-0.383838,1.80371
-0.0606061,-0.343434,1.61624
-0.0606061,-0.30303,1.39336
-0.0606061,-0.262626,1.14935
-0.0606061,-0.222222,0.899811
-0.0606061,-0.181818,0.660718
-0.0606061,-0.141414,0.447361
-0.0606061,-0.10101,0.273406
-0.0606061,-0.0606061,0.150108
-0.0606061,-0.020202,0.0858726
-0.0606061,0.020202,0.0858726
-0.0606061,0.0606061,0.150108
-0.0606061,0.10101,0.273406
-0.0606061,0.141414,0.447361
-0.0606061,0.181818,0.660718
-0.0606061,0.222222,0.899811
-0.0606061,0.262626,1.14935
-0.0606061,0.30303,1.39336
-0.0606061,0.343434,1.61624
-0.0606061,0.383838,1.80371
-0.0606061,0.424242,1.94376
-0.0606061,0.464646,2.02744
-0.0606061,0.505051,2.04938
-0.0606061,0.545455,2.00822
-0.0606061,0.585859,1.90663
-0.0606061,0.626263,1.75117
-0.0606061,0.666667,1.55191
-0.0606061,0.707071,1.3217
-0.0606061,0.747475,1.07545
-0.0606061,0.787879,0.829075
-0.0606061,0.828283,0.598561
-0.0606061,0.868687,0.398884
-0.0606061,0.909091,0.24307
-0.0606061,0.949495,0.141353
-0.0606061,0.989899,0.100518
-0.0606061,1.0303,0.123459
-0.0606061,1.07071,0.208996
-0.0606061,1.11111,0.351944
-0.0606061,1.15152,0.54344
-0.0606061,1.19192,0.771514
-0.0606061,1.23232,1.02185
-0.0606061,1.27273,1.2787
-0.0606061,1.31313,1.52588
-0.0606061,1.35354,1.74786
-0.0606061,1.39394,1.93067
-0.0606061,1.43434,2.06287
-0.0606061,1.47475,2.13624
-0.0606061,1.51515,2.14636
-0.0606061,1.55556,2.0928
-0.0606061,1.59596,1.97927
-0.0606061,1.63636,1.81327
-0.0606061,1.67677,1.60568
-0.0606061,1.71717,1.37005
-0.0606061,1.75758,1.12173
-0.0606061,1.79798,0.876859
-0.0606061,1.83838,0.651391
-0.0606061,1.87879,0.460019
-0.0606061,1.91919,0.315259
-0.0606061,1.9596,0.226643
-0.0606061,2,0.200108
-0.020202,-2,0.20001
-0.020202,-1.9596,0.227857
-0.020202,-1.91919,0.317756
-0.020202,-1.87879,0.463685
-0.020202,-1.83838,0.656032
-0.020202,-1.79798,0.882208
-0.020202,-1.75758,1.12746
-0.020202,-1.71717,1.3758
-0.020202,-1.67677,1.61107
-0.020202,-1.63636,1.81792
-0.020202,-1.59596,1.98283
-0.020202,-1.55556,2.09498
-0.020202,-1.51515,2.14692
-0.020202,-1.47475,2.13506
-0.020202,-1.43434,2.05992
-0.020202,-1.39394,1.92603
-0.020202,-1.35354,1.74173
-0.020202,-1.31313,1.51857
-0.020202,-1.27273,1.2706
-0.020202,-1.23232,1.01344
-0.020202,-1.19192,0.763328
-0.020202,-1.15152,0.53602
-0.020202,-1.11111,0.345827
-0.020202,-1.07071,0.204678
-0.020202,-1.0303,0.121358
-0.020202,-0.989899,0.100943
-0.020202,-0.949495,0.144479
-0.020202,-0.909091,0.248916
-0.020202,-0.868687,0.407299
-0.020202,-0.828283,0.609218
-0.020202,-0.787879,0.841474
-0.020202,-0.747475,1.08893
-0.020202,-0.707071,1.33546
-0.020202,-0.666667,1.56503
-0.020202,-0.626263,1.76267
-0.020202,-0.585859,1.91548
-0.020202,-0.545455,2.01341
-0.020202,-0.505051,2.04996
-0.020202,-0.464646,2.02254
-0.020202,-0.424242,1.93269
-0.020202,-0.383838,1.78592
-0.020202,-0.343434,1.59142
-0.020202,-0.30303,1.36143
-0.020202,-0.262626,1.11045
-0.020202,-0.222222,0.854339
-0.020202,-0.181818,0.609284
-0.020202,-0.141414,0.390759
-0.020202,-0.10101,0.212546
-0.020202,-0.0606061,0.0858726
-0.020202,-0.020202,0.0189258
-0.020202,0.020202,0.0189258
-0.020202,0.0606061,0.0858726
-0.020202,0.10101,0.212546
-0.020202,0.141414,0.390759
-0.020202,0.181818,0.609284
-0.020202,0.222222,0.854339
-0.020202,0.262626,1.11045
-0.020202,0.30303,1.36143
-0.020202,0.343434,1.59142
-0.020202,0.383838,1.78592
-0.020202,0.424242,1.93269
-0.020202,0.464646,2.02254
-0.020202,0.505051,2.04996
-0.020202,0.545455,2.01341
-0.020202,0.585859,1.91548
-0.020202,0.626263,1.76267
-0.020202,0.666667,1.56503
-0.020202,0.707071,1.33546
-0.020202,0.747475,1.08893
-0.020202,0.787879,0.841474
-0.020202,0.828283,0.609218
-0.020202,0.868687,0.407299
-0.020202,0.909091,0.248916
-0.020202,0.949495,0.144479
-0.020202,0.989899,0.100943
-0.020202,1.0303,0.121358
-0.020202,1.07071,0.204678
-0.020202,1.11111,0.345827
-0.020202,1.15152,0.53602
-0.020202,1.19192,0.763328
-0.020202,1.23232,1.01344
-0.020202,1.27273,1.2706
-0.020202,1.31313,1.51857
-0.020202,1.35354,1.74173
-0.020202,1.39394,1.92603
-0.020202,1.43434,2.05992
-0.020202,1.47475,2.13506
-0.020202,1.51515,2.14692
-0.020202,1.55556,2.09498
-0.020202,1.59596,1.98283
-0.020202,1.63636,1.81792
-0.020202,1.67677,1.61107
-0.020202,1.71717,1.3758
-0.020202,1.75758,1.12746
-0.020202,1.79798,0.882208
-0.020202,1.83838,0.656032
-0.020202,1.87879,0.463685
-0.020202,1.91919,0.317756
-0.020202,1.9596,0.227857
-0.020202,2,0.20001
0.020202,-2,0.20001
0.020202,-1.9596,0.227857
0.020202,-1.91919,0.317756
0.020202,-1.87879,0.463685
0.020202,-1.83838,0.656032
0.020202,-1.79798,0.882208
0.020202,-1.75758,1.12746
0.020202,-1.71717,1.3758
0.020202,-1.67677,1.61107
0.020202,-1.63636,1.81792
0.020202,-1.59596,1.98283
0.020202,-1.55556,2.09498
0.020202,-1.51515,2.14692
0.020202,-1.47475,2.13506
0.020202,-1.43434,2.05992
0.020202,-1.39394,1.92603
0.020202,-1.35354,1.74173
0.020202,-1.31313,1.51857
0.020202,-1.27273,1.2706
0.020202,-1.23232,1.01344
0.020202,-1.19192,0.763328
0.020202,-1.15152,0.53602
0.020202,-1.11111,0.345827
0.020202,-1.07071,0.204678
0.020202,-1.0303,0.121358
0.020202,-0.989899,0.100943
0.020202,-0.949495,0.144479
0.020202,-0.909091,0.248916
0.020202,-0.868687,0.407299
0.020202,-0.828283,0.609218
0.020202,-0.787879,0.841474
0.020202,-0.747475,1.08893
0.020202,-0.707071,1.33546
0.020202,-0.666667,1.56503
0.020202,-0.626263,1.76267
0.020202,-0.585859,1.91548
0.020202,-0.545455,2.01341
0.020202,-0.505051,2.04996
0.020202,-0.464646,2.02254
0.020202,-0.424242,1.93269
0.020202,-0.383838,1.78592
0.020202,-0.343434,1.59142
0.020202,-0.30303,1.36143
0.020202,-0.262626,1.11045
0.020202,-0.222222,0.854339
0.020202,-0.181818,0.609284
0.020202,-0.141414,0.390759
0.020202,-0.10101,0.212546
0.020202,-0.0606061,0.0858726
0.020202,-0.020202,0.0189258
0.020202,0.020202,0.0189258
0.020202,0.0606061,0.0858726
0.020202,0.10101,0.212546
0.020202,0.141414,0.390759
0.020202,0.181818,0.609284
0.020202,0.222222,0.854339
0.020202,0.262626,1.11045
0.020202,0.30303,1.36143
0.020202,0.343434,1.59142
0.020202,0.383838,1.78592
0.020202,0.424242,1.93269
0.020202,0.464646,2.02254
0.020202,0.505051,2.04996
0.020202,0.545455,2.01341
0.020202,0.585859,1.91548
0.020202,0.626263,1.76267
0.020202,0.666667,1.56503
0.020202,0.707071,1.33546
0.020202,0.747475,1.08893
0.020202,0.787879,0.841474
0.020202,0.828283,0.609218
0.020202,0.868687,0.407299
0.020202,0.909091,0.248916
0.020202,0.949495,0.144479
0.020202,0.989899,0.100943
0.020202,1.0303,0.121358
0.020202,1.07071,0.204678
0.020202,1.11111,0.345827
0.020202,1.15152,0.53602
0.020202,1.19192,0.763328
0.020202,1.23232,1.01344
0.020202,1.27273,1.2706
0.020202,1.31313,1.51857
0.020202,1.35354,1.74173
0.020202,1.39394,1.92603
0.020202,1.43434,2.05992
0.020202,1.47475,2.13506
0.020202,1.51515,2.14692
0.020202,1.55556,2.09498
0.020202,1.59596,1.98283
0.020202,1.63636,1.81792
0.020202,1.67677,1.61107
0.020202,1.71717,1.3758
0.020202,1.75758,1.12746
0.020202,1.79798,0.882208
0.020202,1.83838,0.656032
0.020202,1.87879,0.463685
0.020202,1.91919,0.317756
0.020202,1.9596,0.227857
0.020202,2,0.20001
0.0606061,-2,0.200108
0.0606061,-1.9596,0.226643
0.0606061,-1.91919,0.315259
0.0606061,-1.87879,0.460019
0.0606061,-1.83838,0.651391
0.0606061,-1.79798,0.876859
0.0606061,-1.75758,1.12173
0.0606061,-1.71717,1.37005
0.0606061,-1.67677,1.60568
0.0606061,-1.63636,1.81327
0.0606061,-1.59596,1.97927
0.0606061,-1.55556,2.0928
0.0606061,-1.51515,2.14636
0.0606061,-1.47475,2.13624
0.0606061,-1.43434,2.06287
0.0606061,-1.39394,1.93067
0.0606061,-1.35354,1.74786
0.0606061,-1.31313,1.52588
0.0606061,-1.27273,1.2787
0.0606061,-1.23232,1.02185
0.0606061,-1.19192,0.771514
0.0606061,-1.15152,0.54344
0.0606061,-1.11111,0.351944
0.0606061,-1.07071,0.208996
0.0606061,-1.0303,0.123459
0.0606061,-0.989899,0.100518
0.0606061,-0.949495,0.141353
0.0606061,-0.909091,0.24307
0.0606061,-0.868687,0.398884
0.0606061,-0.828283,0.598561
0.0606061,-0.787879,0.829075
0.0606061,-0.747475,1.07545
0.0606061,-0.707071,1.3217
0.0606061,-0.666667,1.55191
0.0606061,-0.626263,1.75117
0.0606061,-0.585859,1.90663
0.0606061,-0.545455,2.00822
0.0606061,-0.505051,2.04938
0.0606061,-0.464646,2.02744
0.0606061,-0.424242,1.94376
0.0606061,-0.383838,1.80371
0.0606061,-0.343434,1.61624
0.0606061,-0.30303,1.39336
0.0606061,-0.262626,1.14935
0.0606061,-0.222222,0.899811
0.0606061,-0.181818,0.660718
0.0606061,-0.141414,0.447361
0.0606061,-0.10101,0.273406
0.0606061,-0.0606061,0.150108
0.0606061,-0.020202,0.0858726
0.0606061,0.020202,0.0858726
0.0606061,0.0606061,0.150108
0.0606061,0.10101,0.273406
0.0606061,0.141414,0.447361
0.0606061,0.181818,0.660718
0.0606061,0.222222,0.899811
0.0606061,0.262626,1.14935
0.0606061,0.30303,1.39336
0.0606061,0.343434,1.61624
0.0606061,0.383838,1.80371
0.0606061,0.424242,1.94376
0.0606061,0.464646,2.02744
0.0606061,0.505051,2.04938
0.0606061,0.545455,2.00822
0.0606061,0.585859,1.90663
0.0606061,0.626263,1.75117
0.0606061,0.666667,1.55191
0.0606061,0.707071,1.3217
0.0606061,0.747475,1.07545
0.0606061,0.787879,0.829075
0.0606061,0.828283,0.598561
0.0606061,0.868687,0.398884
0.0606061,0.909091,0.24307
0.0606061,0.949495,0.141353
0.0606061,0.989899,0.100518
0.0606061,1.0303,0.123459
0.0606061,1.07071,0.208996
0.0606061,1.11111,0.351944
0.0606061,1.15152,0.54344
0.0606061,1.19192,0.771514
0.0606061,1.23232,1.02185
0.0606061,1.27273,1.2787
0.0606061,1.31313,1.52588
0.0606061,1.35354,1.74786
0.0606061,1.39394,1.93067
0.0606061,1.43434,2.06287
0.0606061,1.47475,2.13624
0.0606061,1.51515,2.14636
0.0606061,1.55556,2.0928
0.0606061,1.59596,1.97927
0.0606061,1.63636,1.81327
0.0606061,1.67677,1.60568
0.0606061,1.71717,1.37005
0.0606061,1.75758,1.12173
0.0606061,1.79798,0.876859
0.0606061,1.83838,0.651391
0.0606061,1.87879,0.460019
0.0606061,1.91919,0.315259
0.0606061,1.9596,0.226643
0.0606061,2,0.200108
0.10101,-2,0.200383
0.10101,-1.9596,0.224295
0.10101,-1.91919,0.310343
0.10101,-1.87879,0.452757
0.10101,-1.83838,0.642166
0.10101,-1.79798,0.866199
0.10101,-1.75758,1.11027
0.10101,-1.71717,1.35853
0.10101,-1.67677,1.59485
0.10101,-1.63636,1.80389
0.10101,-1.59596,1.97205
0.10101,-1.55556,2.08834
0.10101,-1.51515,2.14509
0.10101,-1.47475,2.13846
0.10101,-1.43434,2.06862
0.10101,-1.39394,1.9398
0.10101,-1.35354,1.75999
0.10101,-1.31313,1.54041
0.10101,-1.27273,1.29483
0.10101,-1.23232,1.03865
0.10101,-1.19192,0.787935
0.10101,-1.15152,0.558389
0.10101,-1.11111,0.364345
0.10101,-1.07071,0.217859
0.10101,-1.0303,0.127941
0.10101,-0.989899,0.0999897
0.10101,-0.949495,0.13545
0.10101,-0.909091,0.231735
0.10101,-0.868687,0.382395
0.10101,-0.828283,0.577545
0.10101,-0.787879,0.804502
0.10101,-0.747475,1.04861
0.10101,-0.707071,1.29417
0.10101,-0.666667,1.52547
0.10101,-0.626263,1.72778
0.10101,-0.585859,1.88828
0.10101,-0.545455,1.99693
0.10101,-0.505051,2.04704
0.10101,-0.464646,2.03572
0.10101,-0.424242,1.96409
0.10101,-0.383838,1.83713
0.10101,-0.343434,1.6634
0.10101,-0.30303,1.45443
0.10101,-0.262626,1.22404
0.10101,-0.222222,0.98736
0.10101,-0.181818,0.759912
0.10101,-0.141414,0.556596
0.10101,-0.10101,0.390759
0.10101,-0.0606061,0.273406
0.10101,-0.020202,0.212546
0.10101,0.020202,0.212546
0.10101,0.0606061,0.273406
0.10101,0.10101,0.390759
0.10101,0.141414,0.556596
0.10101,0.181818,0.759912
0.10101,0.222222,0.98736
0.10101,0.262626,1.22404
0.10101,0.30303,1.45443
0.10101,0.343434,1.6634
0.10101,0.383838,1.83713
0.10101,0.424242,1.96409
0.10101,0.464646,2.03572
0.10101,0.505051,2.04704
0.10101,0.545455,1.99693
0.10101,0.585859,1.88828
0.10101,0.626263,1.72778
0.10101,0.666667,1.52547
0.10101,0.707071,1.29417
0.10101,0.747475,1.04861
0.10101,0.787879,0.804502
0.10101,0.828283,0.577545
0.10101,0.868687,0.382395
0.10101,0.909091,0.231735
0.10101,0.949495,0.13545
0.10101,0.989899,0.0999897
0.10101,1.0303,0.127941
0.10101,1.07071,0.217859
0.10101,1.11111,0.364345
0.10101,1.15152,0.558389
0.10101,1.19192,0.787935
0.10101,1.23232,1.03865
0.10101,1.27273,1.29483
0.10101,1.31313,1.54041
0.10101,1.35354,1.75999
0.10101,1.39394,1.9398
0.10101,1.43434,2.06862
0.10101,1.47475,2.13846
0.10101,1.51515,2.14509
0.10101,1.55556,2.08834
0.10101,1.59596,1.97205
0.10101,1.63636,1.80389
0.10101,1.67677,1.59485
0.10101,1.71717,1.35853
0.10101,1.75758,1.11027
0.10101,1.79798,0.866199
0.10101,1.83838,0.642166
0.10101,1.87879,0.452757
0.10101,1.91919,0.310343
0.10101,1.9596,0.224295
0.10101,2,0.200383
0.141414,-2,0.200991
0.141414,-1.9596,0.220977
0.141414,-1.91919,0.303166
0.141414,-1.87879,0.442041
0.141414,-1.83838,0.628473
0.141414,-1.79798,0.850305
0.141414,-1.75758,1.09313
0.141414,-1.71717,1.34123
0.141414,-1.67677,1.57852
0.141414,-1.63636,1.78967
0.141414,-1.59596,1.96099
0.141414,-1.55556,2.08135
0.141414,-1.51515,2.14286
0.141414,-1.47475,2.14141
0.141414,-1.43434,2.07688
0.141414,-1.39394,1.95315
0.141414,-1.35354,1.77787
0.141414,-1.31313,1.56196
0.141414,-1.27273,1.31889
0.141414,-1.23232,1.06383
0.141414,-1.19192,0.812678
0.141414,-1.15152,0.581071
0.141414,-1.11111,0.383357
0.141414,-1.07071,0.23171
0.141414,-1.0303,0.135355
0.141414,-0.989899,0.0999949
0.141414,-0.949495,0.127464
0.141414,-0.909091,0.215623
0.141414,-0.868687,0.358519
0.141414,-0.828283,0.546779
0.141414,-0.787879,0.768227
0.141414,-0.747475,1.00868
0.141414,-0.707071,1.25286
0.141414,-0.666667,1.48538
0.141414,-0.626263,1.69175
0.141414,-0.585859,1.85926
0.141414,-0.545455,1.97784
0.141414,-0.505051,2.04065
0.141414,-0.464646,2.04453
0.141414,-0.424242,1.99017
0.141414,-0.383838,1.88205
0.141414,-0.343434,1.72812
0.141414,-0.30303,1.53925
0.141414,-0.262626,1.32854
0.141414,-0.222222,1.11045
0.141414,-0.181818,0.899811
0.141414,-0.141414,0.710921
0.141414,-0.10101,0.556596
0.141414,-0.0606061,0.447361
0.141414,-0.020202,0.390759
0.141414,0.020202,0.390759
0.141414,0.0606061,0.447361
0.141414,0.10101,0.556596
0.141414,0.141414,0.710921
0.141414,0.181818,0.899811
0.141414,0.222222,1.11045
0.141414,0.262626,1.32854
0.141414,0.30303,1.53925
0.141414,0.343434,1.72812
0.141414,0.383838,1.88205
0.141414,0.424242,1.99017
0.141414,0.464646,2.04453
0.141414,0.505051,2.04065
0.141414,0.545455,1.97784
0.141414,0.585859,1.85926
0.141414,0.626263,1.69175
0.141414,0.666667,1.48538
0.141414,0.707071,1.25286
0.141414,0.747475,1.00868
0.141414,0.787879,0.768227
0.141414,0.828283,0.546779
0.141414,0.868687,0.358519
0.141414,0.909091,0.215623
0.141414,0.949495,0.127464
0.141414,0.989899,0.0999949
0.141414,1.0303,0.135355
0.141414,1.07071,0.23171
0.141414,1.11111,0.383357
0.141414,1.15152,0.581071
0.141414,1.19192,0.812678
0.141414,1.23232,1.06383
0.141414,1.27273,1.31889
0.141414,1.31313,1.56196
0.141414,1.35354,1.77787
0.141414,1.39394,1.95315
0.141414,1.43434,2.07688
0.141414,1.47475,2.14141
0.141414,1.51515,2.14286
0.141414,1.55556,2.08135
0.141414,1.59596,1.96099
0.141414,1.63636,1.78967
0.141414,1.67677,1.57852
0.141414,1.71717,1.34123
0.141414,1.75758,1.09313
0.141414,1.79798,0.850305
0.141414,1.83838,0.628473
0.141414,1.87879,0.442041
0.141414,1.91919,0.303166
0.141414,1.9596,0.220977
0.141414,2,0.200991
0.181818,-2,0.202167
0.181818,-1.9596,0.21693
0.181818,-1.91919,0.293964
0.181818,-1.87879,0.428085
0.181818,-1.83838,0.610486
0.181818,-1.79798,0.829301
0.181818,-1.75758,1.07036
0.181818,-1.71717,1.31811
0.181818,-1.67677,1.55658
0.181818,-1.63636,1.77041
0.181818,-1.59596,1.94582
0.181818,-1.55556,2.07149
0.181818,-1.51515,2.13927
0.181818,-1.47475,2.14468
0.181818,-1.43434,2.0872
0.181818,-1.39394,1.97028
0.181818,-1.35354,1.80114
0.181818,-1.31313,1.59024
0.181818,-1.27273,1.35068
0.181818,-1.23232,1.09732
0.181818,-1.19192,0.845848
0.181818,-1.15152,0.611766
0.181818,-1.11111,0.409442
0.181818,-1.07071,0.251189
0.181818,-1.0303,0.1465
0.181818,-0.989899,0.101469
0.181818,-0.949495,0.118423
0.181818,-0.909091,0.195806
0.181818,-0.868687,0.328303
0.181818,-0.828283,0.507209
0.181818,-0.787879,0.721011
0.181818,-0.747475,0.956146
0.181818,-0.707071,1.19788
0.181818,-0.666667,1.43129
0.181818,-0.626263,1.64216
0.181818,-0.585859,1.81797
0.181818,-0.545455,1.94862
0.181818,-0.505051,2.02709
0.181818,-0.464646,2.04987
0.181818,-0.424242,2.01713
0.181818,-0.383838,1.93269
0.181818,-0.343434,1.80371
0.181818,-0.30303,1.64023
0.181818,-0.262626,1.45443
0.181818,-0.222222,1.25986
0.181818,-0.181818,1.0705
0.181818,-0.141414,0.899811
0.181818,-0.10101,0.759912
0.181818,-0.0606061,0.660718
0.181818,-0.020202,0.609284
0.181818,0.020202,0.609284
0.181818,0.0606061,0.660718
0.181818,0.10101,0.759912
0.181818,0.141414,0.899811
0.181818,0.181818,1.0705
0.181818,0.222222,1.25986
0.181818,0.262626,1.45443
0.181818,0.30303,1.64023
0.181818,0.343434,1.80371
0.181818,0.383838,1.93269
0.181818,0.424242,2.01713
0.181818,0.464646,2.04987
0.181818,0.505051,2.02709
0.181818,0.545455,1.94862
0.181818,0.585859,1.81797
0.181818,0.626263,1.64216
0.181818,0.666667,1.43129
0.181818,0.707071,1.19788
0.181818,0.747475,0.956146
0.181818,0.787879,0.721011
0.181818,0.828283,0.507209
0.181818,0.868687,0.328303
0.181818,0.909091,0.195806
0.181818,0.949495,0.118423
0.181818,0.989899,0.101469
0.181818,1.0303,0.1465
0.181818,1.07071,0.251189
0.181818,1.11111,0.409442
0.181818,1.15152,0.611766
0.181818,1.19192,0.845848
0.181818,1.23232,1.09732
0.181818,1.27273,1.35068
0.181818,1.31313,1.59024
0.181818,1.35354,1.80114
0.181818,1.39394,1.97028
0.181818,1.43434,2.0872
0.181818,1.47475,2.14468
0.181818,1.51515,2.13927
0.181818,1.55556,2.07149
0.181818,1.59596,1.94582
0.181818,1.63636,1.77041
0.181818,1.67677,1.55658
0.181818,1.71717,1.31811
0.181818,1.75758,1.07036
0.181818,1.79798,0.829301
0.181818,1.83838,0.610486
0.181818,1.87879,0.428085
0.181818,1.91919,0.293964
0.181818,1.9596,0.21693
0.181818,2,0.202167
0.222222,-2,0.204219
0.222222,-1.9596,0.21248
0.222222,-1.91919,0.283058
0.222222,-1.87879,0.411182
0.222222,-1.83838,0.58845
0.222222,-1.79798,0.803361
0.222222,-1.75758,1.04205
0.222222,-1.71717,1.28918
0.222222,-1.67677,1.5289
0.222222,-1.63636,1.74587
0.222222,-1.59596,1.92619
0.222222,-1.55556,2.05832
0.222222,-1.51515,2.13378
0.222222,-1.47475,2.14768
0.222222,-1.43434,2.09899
0.222222,-1.39394,1.99063
0.222222,-1.35354,1.82926
0.222222,-1.31313,1.62482
0.222222,-1.27273,1.38993
0.222222,-1.23232,1.13904
0.222222,-1.19192,0.887543
0.222222,-1.15152,0.6508
0.222222,-1.11111,0.443164
0.222222,-1.07071,0.277097
0.222222,-1.0303,0.1624
0.222222,-0.989899,0.105621
0.222222,-0.949495,0.109677
0.222222,-0.909091,0.173705
0.222222,-0.868687,0.293161
0.222222,-0.828283,0.460146
0.222222,-0.787879,0.663954
0.222222,-0.747475,0.891782
0.222222,-0.707071,1.12957
0.222222,-0.666667,1.36294
0.222222,-0.626263,1.57808
0.222222,-0.585859,1.76267
0.222222,-0.545455,1.90663
0.222222,-0.505051,2.00272
0.222222,-0.464646,2.04704
0.222222,-0.424242,2.03913
0.222222,-0.383838,1.98205
0.222222,-0.343434,1.88205
0.222222,-0.30303,1.74814
0.222222,-0.262626,1.59142
0.222222,-0.222222,1.42436
0.222222,-0.181818,1.25986
0.222222,-0.141414,1.11045
0.222222,-0.10101,0.98736
0.222222,-0.0606061,0.899811
0.222222,-0.020202,0.854339
0.222222,0.020202,0.854339
0.222222,0.0606061,0.899811
0.222222,0.10101,0.98736
0.222222,0.141414,1.11045
0.222222,0.181818,1.25986
0.222222,0.222222,1.42436
0.222222,0.262626,1.59142
0.222222,0.30303,1.74814
0.222222,0.343434,1.88205
0.222222,0.383838,1.98205
0.222222,0.424242,2.03913
0.222222,0.464646,2.04704
0.222222,0.505051,2.00272
0.222222,0.545455,1.90663
0.222222,0.585859,1.76267
0.222222,0.626263,1.57808
0.222222,0.666667,1.36294
0.222222,0.707071,1.12957
0.222222,0.747475,0.891782
0.222222,0.787879,0.663954
0.222222,0.828283,0.460146
0.222222,0.868687,0.293161
0.222222,0.909091,0.173705
0.222222,0.949495,0.109677
0.222222,0.989899,0.105621
0.222222,1.0303,0.1624
0.222222,1.07071,0.277097
0.222222,1.11111,0.443164
0.222222,1.15152,0.6508
0.222222,1.19192,0.887543
0.222222,1.23232,1.13904
0.222222,1.27273,1.38993
0.222222,1.31313,1.62482
0.222222,1.35354,1.82926
0.222222,1.39394,1.99063
0.222222,1.43434,2.09899
0.222222,1.47475,2.14768
0.222222,1.51515,2.13378
0.222222,1.55556,2.05832
0.222222,1.59596,1.92619
0.222222,1.63636,1.74587
0.222222,1.67677,1.5289
0.222222,1.71717,1.28918
0.222222,1.75758,1.04205
0.222222,1.79798,0.803361
0.222222,1.83838,0.58845
0.222222,1.87879,0.411182
0.222222,1.91919,0.283058
0.222222,1.9596,0.21248
0.222222,2,0.204219
0.262626,-2,0.20753
0.262626,-1.9596,0.208031
0.262626,-1.91919,0.270847
0.262626,-1.87879,0.391704
0.262626,-1.83838,0.562681
0.262626,-1.79798,0.772718
0.262626,-1.75758,1.00832
0.262626,-1.71717,1.25444
0.262626,-1.67677,1.49536
0.262626,-1.63636,1.71578
0.262626,-1.59596,1.9017
0.262626,-1.55556,2.04132
0.262626,-1.51515,2.12579
0.262626,-1.47475,2.14971
0.262626,-1.43434,2.11151
0.262626,-1.39394,2.01346
0.262626,-1.35354,1.86157
0.262626,-1.31313,1.66515
0.262626,-1.27273,1.43623
0.262626,-1.23232,1.18877
0.262626,-1.19192,0.937816
0.262626,-1.15152,0.698502
0.262626,-1.11111,0.485147
0.262626,-1.07071,0.310355
0.262626,-1.0303,0.184255
0.262626,-0.989899,0.1139
0.262626,-0.949495,0.102867
0.262626,-0.909091,0.151082
0.262626,-0.868687,0.254881
0.262626,-0.828283,0.407299
0.262626,-0.787879,0.598561
0.262626,-0.747475,0.816751
0.262626,-0.707071,1.04861
0.262626,-0.666667,1.2804
0.262626,-0.626263,1.4988
0.262626,-0.585859,1.69175
0.262626,-0.545455,1.8492
0.262626,-0.505051,1.96374
0.262626,-0.464646,2.031
0.262626,-0.424242,2.04987
0.262626,-0.383838,2.02254
0.262626,-0.343434,1.95423
0.262626,-0.30303,1.85279
0.262626,-0.262626,1.72812
0.262626,-0.222222,1.59142
0.262626,-0.181818,1.45443
0.262626,-0.141414,1.32854
0.262626,-0.10101,1.22404
0.262626,-0.0606061,1.14935
0.262626,-0.020202,1.11045
0.262626,0.020202,1.11045
0.262626,0.0606061,1.14935
0.262626,0.10101,1.22404
0.262626,0.141414,1.32854
0.262626,0.181818,1.45443
0.262626,0.222222,1.59142
0.262626,0.262626,1.72812
0.262626,0.30303,1.85279
0.262626,0.343434,1.95423
0.262626,0.383838,2.02254
0.262626,0.424242,2.04987
0.262626,0.464646,2.031
0.262626,0.505051,1.96374
0.262626,0.545455,1.8492
0.262626,0.585859,1.69175
0.262626,0.626263,1.4988
0.262626,0.666667,1.2804
0.262626,0.707071,1.04861
0.262626,0.747475,0.816751
0.262626,0.787879,0.598561
0.262626,0.828283,0.407299
0.262626,0.868687,0.254881
0.262626,0.909091,0.151082
0.262626,0.949495,0.102867
0.262626,0.989899,0.1139
0.262626,1.0303,0.184255
0.262626,1.07071,0.310355
0.262626,1.11111,0.485147
0.262626,1.15152,0.698502
0.262626,1.19192,0.937816
0.262626,1.23232,1.18877
0.262626,1.27273,1.43623
0.262626,1.31313,1.66515
0.262626,1.35354,1.86157
0.262626,1.39394,2.01346
0.262626,1.43434,2.11151
0.262626,1.47475,2.14971
0.262626,1.51515,2.12579
0.262626,1.55556,2.04132
0.262626,1.59596,1.9017
0.262626,1.63636,1.71578
0.262626,1.67677,1.49536
0.262626,1.71717,1.25444
0.262626,1.75758,1.00832
0.262626,1.79798,0.772718
0.262626,1.83838,0.562681
0.262626,1.87879,0.391704
0.262626,1.91919,0.270847
0.262626,1.9596,0.208031
0.262626,2,0.20753
0.30303,-2,0.21255
0.30303,-1.9596,0.204063
0.30303,-1.91919,0.257817
0.30303,-1.87879,0.370107
0.30303,-1.83838,0.533573
0.30303,-1.79798,0.737677
0.30303,-1.75758,0.969367
0.30303,-1.71717,1.21391
0.30303,-1.67677,1.45583
0.30303,-1.63636,1.67986
0.30303,-1.59596,1.87189
0.30303,-1.55556,2.01987
0.30303,-1.51515,2.11453
0.30303,-1.47475,2.14995
0.30303,-1.43434,2.12387
0.30303,-1.39394,2.03789
0.30303,-1.35354,1.89724
0.30303,-1.31313,1.7105
0.30303,-1.27273,1.48903
0.30303,-1.23232,1.24621
0.30303,-1.19192,0.996634
0.30303,-1.15152,0.755158
0.30303,-1.11111,0.53602
0.30303,-1.07071,0.351944
0.30303,-1.0303,0.21339
0.30303,-0.989899,0.127941
0.30303,-0.949495,0.0998856
0.30303,-0.909091,0.13001
0.30303,-0.868687,0.215623
0.30303,-0.828283,0.350791
0.30303,-0.787879,0.526784
0.30303,-0.747475,0.732688
0.30303,-0.707071,0.956146
0.30303,-0.666667,1.18418
0.30303,-0.626263,1.40403
0.30303,-0.585859,1.60396
0.30303,-0.545455,1.77403
0.30303,-0.505051,1.90663
0.30303,-0.464646,1.99693
0.30303,-0.424242,2.04315
0.30303,-0.383838,2.04653
0.30303,-0.343434,2.0112
0.30303,-0.30303,1.94376
0.30303,-0.262626,1.85279
0.30303,-0.222222,1.74814
0.30303,-0.181818,1.64023
0.30303,-0.141414,1.53925
0.30303,-0.10101,1.45443
0.30303,-0.0606061,1.39336
0.30303,-0.020202,1.36143
0.30303,0.020202,1.36143
0.30303,0.0606061,1.39336
0.30303,0.10101,1.45443
0.30303,0.141414,1.53925
0.30303,0.181818,1.64023
0.30303,0.222222,1.74814
0.30303,0.262626,1.85279
0.30303,0.30303,1.94376
0.30303,0.343434,2.0112
0.30303,0.383838,2.04653
0.30303,0.424242,2.04315
0.30303,0.464646,1.99693
0.30303,0.505051,1.90663
0.30303,0.545455,1.77403
0.30303,0.585859,1.60396
0.30303,0.626263,1.40403
0.30303,0.666667,1.18418
0.30303,0.707071,0.956146
0.30303,0.747475,0.732688
0.30303,0.787879,0.526784
0.30303,0.828283,0.350791
0.30303,0.868687,0.215623
0.30303,0.909091,0.13001
0.30303,0.949495,0.0998856
0.30303,0.989899,0.127941
0.30303,1.0303,0.21339
0.30303,1.07071,0.351944
0.30303,1.11111,0.53602
0.30303,1.15152,0.755158
0.30303,1.19192,0.996634
0.30303,1.23232,1.24621
0.30303,1.27273,1.48903
0.30303,1.31313,1.7105
0.30303,1.35354,1.89724
0.30303,1.39394,2.03789
0.30303,1.43434,2.12387
0.30303,1.47475,2.14995
0.30303,1.51515,2.11453
0.30303,1.55556,2.01987
0.30303,1.59596,1.87189
0.30303,1.63636,1.67986
0.30303,1.67677,1.45583
0.30303,1.71717,1.21391
0.30303,1.75758,0.969367
0.30303,1.79798,0.737677
0.30303,1.83838,0.533573
0.30303,1.87879,0.370107
0.30303,1.91919,0.257817
0.30303,1.9596,0.204063
0.30303,2,0.21255
0.343434,-2,0.219794
0.343434,-1.9596,0.201137
0.343434,-1.91919,0.244538
0.343434,-1.87879,0.346936
0.343434,-1.83838,0.501612
0.343434,-1.79798,0.698622
0.343434,-1.75758,0.925433
0.343434,-1.71717,1.16771
0.343434,-1.67677,1.41024
0.343434,-1.63636,1.63782
0.343434,-1.59596,1.83629
0.343434,-1.55556,1.99332
0.343434,-1.51515,2.09921
0.343434,-1.47475,2.14744
0.343434,-1.43434,2.13506
0.343434,-1.39394,2.06287
0.343434,-1.35354,1.93526
0.343434,-1.31313,1.75999
0.343434,-1.27273,1.54763
0.343434,-1.23232,1.31089
0.343434,-1.19192,1.06383
0.343434,-1.15152,0.820952
0.343434,-1.11111,0.596356
0.343434,-1.07071,0.402844
0.343434,-1.0303,0.251189
0.343434,-0.989899,0.149508
0.343434,-0.949495,0.102825
0.343434,-0.909091,0.112837
0.343434,-0.868687,0.177888
0.343434,-0.828283,0.293161
0.343434,-0.787879,0.451061
0.343434,-0.747475,0.641774
0.343434,-0.707071,0.853946
0.343434,-0.666667,1.07545
0.343434,-0.626263,1.29417
0.343434,-0.585859,1.4988
0.343434,-0.545455,1.67951
0.343434,-0.505051,1.82855
0.343434,-0.464646,1.94069
0.343434,-0.424242,2.01341
0.343434,-0.383838,2.04704
0.343434,-0.343434,2.04453
0.343434,-0.30303,2.0112
0.343434,-0.262626,1.95423
0.343434,-0.222222,1.88205
0.343434,-0.181818,1.80371
0.343434,-0.141414,1.72812
0.343434,-0.10101,1.6634
0.343434,-0.0606061,1.61624
0.343434,-0.020202,1.59142
0.343434,0.020202,1.59142
0.343434,0.0606061,1.61624
0.343434,0.10101,1.6634
0.343434,0.141414,1.72812
0.343434,0.181818,1.80371
0.343434,0.222222,1.88205
0.343434,0.262626,1.95423
0.343434,0.30303,2.0112
0.343434,0.343434,2.04453
0.343434,0.383838,2.04704
0.343434,0.424242,2.01341
0.343434,0.464646,1.94069
0.343434,0.505051,1.82855
0.343434,0.545455,1.67951
0.343434,0.585859,1.4988
0.343434,0.626263,1.29417
0.343434,0.666667,1.07545
0.343434,0.707071,0.853946
0.343434,0.747475,0.641774
0.343434,0.787879,0.451061
0.343434,0.828283,0.293161
0.343434,0.868687,0.177888
0.343434,0.909091,0.112837
0.343434,0.949495,0.102825
0.343434,0.989899,0.149508
0.343434,1.0303,0.251189
0.343434,1.07071,0.402844
0.343434,1.11111,0.596356
0.343434,1.15152,0.820952
0.343434,1.19192,1.06383
0.343434,1.23232,1.31089
0.343434,1.27273,1.54763
0.343434,1.31313,1.75999
0.343434,1.35354,1.93526
0.343434,1.39394,2.06287
0.343434,1.43434,2.13506
0.343434,1.47475,2.14744
0.343434,1.51515,2.09921
0.343434,1.55556,1.99332
0.343434,1.59596,1.83629
0.343434,1.63636,1.63782
0.343434,1.67677,1.41024
0.343434,1.71717,1.16771
0.343434,1.75758,0.925433
0.343434,1.79798,0.698622
0.343434,1.83838,0.501612
0.343434,1.87879,0.346936
0.343434,1.91919,0.244538
0.343434,1.9596,0.201137
0.343434,2,0.219794
0.383838,-2,0.229832
0.383838,-1.9596,0.199881
0.383838,-1.91919,0.231663
0.383838,-1.87879,0.322828
0.383838,-1.83838,0.467374
0.383838,-1.79798,0.656032
0.383838,-1.75758,0.876859
0.383838,-1.71717,1.116
0.383838,-1.67677,1.35853
0.383838,-1.63636,1.58942
0.383838,-1.59596,1.79443
0.383838,-1.55556,1.96099
0.383838,-1.51515,2.07894
0.383838,-1.47475,2.14115
0.383838,-1.43434,2.14393
0.383838,-1.39394,2.0872
0.383838,-1.35354,1.97445
0.383838,-1.31313,1.81252
0.383838,-1.27273,1.6111
0.383838,-1.23232,1.38213
0.383838,-1.19192,1.13904
0.383838,-1.15152,0.895907
0.383838,-1.11111,0.666603
0.383838,-1.07071,0.463957
0.383838,-1.0303,0.299015
0.383838,-0.989899,0.180408
0.383838,-0.949495,0.1139
0.383838,-0.909091,0.102117
0.383838,-0.868687,0.144479
0.383838,-0.828283,0.237343
0.383838,-0.787879,0.374321
0.383838,-0.747475,0.546779
0.383838,-0.707071,0.74445
0.383838,-0.666667,0.956146
0.383838,-0.626263,1.17049
0.383838,-0.585859,1.37666
0.383838,-0.545455,1.56503
0.383838,-0.505051,1.72778
0.383838,-0.464646,1.85926
0.383838,-0.424242,1.95631
0.383838,-0.383838,2.01829
0.383838,-0.343434,2.04704
0.383838,-0.30303,2.04653
0.383838,-0.262626,2.02254
0.383838,-0.222222,1.98205
0.383838,-0.181818,1.93269
0.383838,-0.141414,1.88205
0.383838,-0.10101,1.83713
0.383838,-0.0606061,1.80371
0.383838,-0.020202,1.78592
0.383838,0.020202,1.78592
0.383838,0.0606061,1.80371
0.383838,0.10101,1.83713
0.383838,0.141414,1.88205
0.383838,0.181818,1.93269
0.383838,0.222222,1.98205
0.383838,0.262626,2.02254
0.383838,0.30303,2.04653
0.383838,0.343434,2.04704
0.383838,0.383838,2.01829
0.383838,0.424242,1.95631
0.383838,0.464646,1.85926
0.383838,0.505051,1.72778
0.383838,0.545455,1.56503
0.383838,0.585859,1.37666
0.383838,0.626263,1.17049
0.383838,0.666667,0.956146
0.383838,0.707071,0.74445
0.383838,0.747475,0.546779
0.383838,0.787879,0.374321
0.383838,0.828283,0.237343
0.383838,0.868687,0.144479
0.383838,0.909091,0.102117
0.383838,0.949495,0.1139
0.383838,0.989899,0.180408
0.383838,1.0303,0.299015
0.383838,1.07071,0.463957
0.383838,1.11111,0.666603
0.383838,1.15152,0.895907
0.383838,1.19192,1.13904
0.383838,1.23232,1.38213
0.383838,1.27273,1.6111
0.383838,1.31313,1.81252
0.383838,1.35354,1.97445
0.383838,1.39394,2.0872
0.383838,1.43434,2.14393
0.383838,1.47475,2.14115
0.383838,1.51515,2.07894
0.383838,1.55556,1.96099
0.383838,1.59596,1.79443
0.383838,1.63636,1.58942
0.383838,1.67677,1.35853
0.383838,1.71717,1.116
0.383838,1.75758,0.876859
0.383838,1.79798,0.656032
0.383838,1.83838,0.467374
0.383838,1.87879,0.322828
0.383838,1.91919,0.231663
0.383838,1.9596,0.199881
0.383838,2,0.229832
0.424242,-2,0.243285
0.424242,-1.9596,0.200991
0.424242,-1.91919,0.219924
0.424242,-1.87879,0.298512
0.424242,-1.83838,0.431538
0.424242,-1.79798,0.610486
0.424242,-1.75758,0.824085
0.424242,-1.71717,1.05902
0.424242,-1.67677,1.30076
0.424242,-1.63636,1.53446
0.424242,-1.59596,1.74587
0.424242,-1.55556,1.92218
0.424242,-1.51515,2.0528
0.424242,-1.47475,2.12998
0.424242,-1.43434,2.14922
0.424242,-1.39394,2.10955
0.424242,-1.35354,2.01346
0.424242,-1.31313,1.8668
0.424242,-1.27273,1.6783
0.424242,-1.23232,1.45902
0.424242,-1.19192,1.22168
0.424242,-1.15152,0.979821
0.424242,-1.11111,0.747007
0.424242,-1.07071,0.53602
0.424242,-1.0303,0.358116
0.424242,-0.989899,0.222402
0.424242,-0.949495,0.135355
0.424242,-0.909091,0.100524
0.424242,-0.868687,0.118423
0.424242,-0.828283,0.18661
0.424242,-0.787879,0.299954
0.424242,-0.747475,0.451061
0.424242,-0.707071,0.630826
0.424242,-0.666667,0.829075
0.424242,-0.626263,1.03525
0.424242,-0.585859,1.2391
0.424242,-0.545455,1.43129
0.424242,-0.505051,1.60396
0.424242,-0.464646,1.75117
0.424242,-0.424242,1.86913
0.424242,-0.383838,1.95631
0.424242,-0.343434,2.01341
0.424242,-0.30303,2.04315
0.424242,-0.262626,2.04987
0.424242,-0.222222,2.03913
0.424242,-0.181818,2.01713
0.424242,-0.141414,1.99017
0.424242,-0.10101,1.96409
0.424242,-0.0606061,1.94376
0.424242,-0.020202,1.93269
0.424242,0.020202,1.93269
0.424242,0.0606061,1.94376
0.424242,0.10101,1.96409
0.424242,0.141414,1.99017
0.424242,0.181818,2.01713
0.424242,0.222222,2.03913
0.424242,0.262626,2.04987
0.424242,0.30303,2.04315
0.424242,0.343434,2.01341
0.424242,0.383838,1.95631
0.424242,0.424242,1.86913
0.424242,0.464646,1.75117
0.424242,0.505051,1.60396
0.424242,0.545455,1.43129
0.424242,0.585859,1.2391
0.424242,0.626263,1.03525
0.424242,0.666667,0.829075
0.424242,0.707071,0.630826
0.424242,0.747475,0.451061
0.424242,0.787879,0.299954
0.424242,0.828283,0.18661
0.424242,0.868687,0.118423
0.424242,0.909091,0.100524
0.424242,0.949495,0.135355
0.424242,0.989899,0.222402
0.424242,1.0303,0.358116
0.424242,1.07071,0.53602
0.424242,1.11111,0.747007
0.424242,1.15152,0.979821
0.424242,1.19192,1.22168
0.424242,1.23232,1.45902
0.424242,1.27273,1.6783
0.424242,1.31313,1.8668
0.424242,1.35354,2.01346
0.424242,1.39394,2.10955
0.424242,1.43434,2.14922
0.424242,1.47475,2.12998
0.424242,1.51515,2.0528
0.424242,1.55556,1.92218
0.424242,1.59596,1.74587
0.424242,1.63636,1.53446
0.424242,1.67677,1.30076
0.424242,1.71717,1.05902
0.424242,1.75758,0.824085
0.424242,1.79798,0.610486
0.424242,1.83838,0.431538
0.424242,1.87879,0.298512
0.424242,1.91919,0.219924
0.424242,1.9596,0.200991
0.424242,2,0.243285
0.464646,-2,0.260809
0.464646,-1.9596,0.205221
0.464646,-1.91919,0.210134
0.464646,-1.87879,0.27481
0.464646,-1.83838,0.394889
0.464646,-1.79798,0.562681
0.464646,-1.75758,0.767664
0.464646,-1.71717,0.997149
0.464646,-1.67677,1.23706
0.464646,-1.63636,1.47282
0.464646,-1.59596,1.69021
0.464646,-1.55556,1.87623
0.464646,-1.51515,2.01987
0.464646,-1.47475,2.11276
0.464646,-1.43434,2.14959
0.464646,-1.39394,2.12844
0.464646,-1.35354,2.05077
0.464646,-1.31313,1.92135
0.464646,-1.27273,1.74786
0.464646,-1.23232,1.54041
0.464646,-1.19192,1.31089
0.464646,-1.15152,1.07221
0.464646,-1.11111,0.837538
0.464646,-1.07071,0.619516
0.464646,-1.0303,0.429532
0.464646,-0.989899,0.277097
0.464646,-0.949495,0.169355
0.464646,-0.909091,0.110748
0.464646,-0.868687,0.102867
0.464646,-0.828283,0.144479
0.464646,-0.787879,0.231735
0.464646,-0.747475,0.358519
0.464646,-0.707071,0.516943
0.464646,-0.666667,0.697919
0.464646,-0.626263,0.891782
0.464646,-0.585859,1.08893
0.464646,-0.545455,1.2804
0.464646,-0.505051,1.45841
0.464646,-0.464646,1.61678
0.464646,-0.424242,1.75117
0.464646,-0.383838,1.85926
0.464646,-0.343434,1.94069
0.464646,-0.30303,1.99693
0.464646,-0.262626,2.031
0.464646,-0.222222,2.04704
0.464646,-0.181818,2.04987
0.464646,-0.141414,2.04453
0.464646,-0.10101,2.03572
0.464646,-0.0606061,2.02744
0.464646,-0.020202,2.02254
0.464646,0.020202,2.02254
0.464646,0.0606061,2.02744
0.464646,0.10101,2.03572
0.464646,0.141414,2.04453
0.464646,0.181818,2.04987
0.464646,0.222222,2.04704
0.464646,0.262626,2.031
0.464646,0.30303,1.99693
0.464646,0.343434,1.94069
0.464646,0.383838,1.85926
0.464646,0.424242,1.75117
0.464646,0.464646,1.61678
0.464646,0.505051,1.45841
0.464646,0.545455,1.2804
0.464646,0.585859,1.08893
0.464646,0.626263,0.891782
0.464646,0.666667,0.697919
0.464646,0.707071,0.516943
0.464646,0.747475,0.358519
0.464646,0.787879,0.231735
0.464646,0.828283,0.144479
0.464646,0.868687,0.102867
0.464646,0.909091,0.110748
0.464646,0.949495,0.169355
0.464646,0.989899,0.277097
0.464646,1.0303,0.429532
0.464646,1.07071,0.619516
0.464646,1.11111,0.837538
0.464646,1.15152,1.07221
0.464646,1.19192,1.31089
0.464646,1.23232,1.54041
0.464646,1.27273,1.74786
0.464646,1.31313,1.92135
0.464646,1.35354,2.05077
0.464646,1.39394,2.12844
0.464646,1.43434,2.14959
0.464646,1.47475,2.11276
0.464646,1.51515,2.01987
0.464646,1.55556,1.87623
0.464646,1.59596,1.69021
0.464646,1.63636,1.47282
0.464646,1.67677,1.23706
0.464646,1.71717,0.997149
0.464646,1.75758,0.767664
0.464646,1.79798,0.562681
0.464646,1.83838,0.394889
0.464646,1.87879,0.27481
0.464646,1.91919,0.210134
0.464646,1.9596,0.205221
0.464646,2,0.260809
0.505051,-2,0.283082
0.505051,-1.9596,0.213368
0.505051,-1.91919,0.203171
0.505051,-1.87879,0.252636
0.505051,-1.83838,0.358319
0.505051,-1.79798,0.513432
0.505051,-1.75758,0.708283
0.505051,-1.71717,0.930887
0.505051,-1.67677,1.16771
0.505051,-1.63636,1.40451
0.505051,-1.59596,1.62716
0.505051,-1.55556,1.82255
0.505051,-1.51515,1.97927
0.505051,-1.47475,2.08834
0.505051,-1.43434,2.14365
0.505051,-1.39394,2.1423
0.505051,-1.35354,2.08469
0.505051,-1.31313,1.97445
0.505051,-1.27273,1.81814
0.505051,-1.23232,1.62482
0.505051,-1.19192,1.40546
0.505051,-1.15152,1.17224
0.505051,-1.11111,0.937816
0.505051,-1.07071,0.714589
0.505051,-1.0303,0.513982
0.505051,-0.989899,0.345827
0.505051,-0.949495,0.217859
0.505051,-0.909091,0.135355
0.505051,-0.868687,0.100945
0.505051,-0.828283,0.114586
0.505051,-0.787879,0.173705
0.505051,-0.747475,0.273488
0.505051,-0.707071,0.407299
0.505051,-0.666667,0.567187
0.505051,-0.626263,0.74445
0.505051,-0.585859,0.930215
0.505051,-0.545455,1.11599
0.505051,-0.505051,1.29417
0.505051,-0.464646,1.45841
0.505051,-0.424242,1.60396
0.505051,-0.383838,1.72778
0.505051,-0.343434,1.82855
0.505051,-0.30303,1.90663
0.505051,-0.262626,1.96374
0.505051,-0.222222,2.00272
0.505051,-0.181818,2.02709
0.505051,-0.141414,2.04065
0.505051,-0.10101,2.04704
0.505051,-0.0606061,2.04938
0.505051,-0.020202,2.04996
0.505051,0.020202,2.04996
0.505051,0.0606061,2.04938
0.505051,0.10101,2.04704
0.505051,0.141414,2.04065
0.505051,0.181818,2.02709
0.505051,0.222222,2.00272
0.505051,0.262626,1.96374
0.505051,0.30303,1.90663
0.505051,0.343434,1.82855
0.505051,0.383838,1.72778
0.505051,0.424242,1.60396
0.505051,0.464646,1.45841
0.505051,0.505051,1.29417
0.505051,0.545455,1.11599
0.505051,0.585859,0.930215
0.505051,0.626263,0.74445
0.505051,0.666667,0.567187
0.505051,0.707071,0.407299
0.505051,0.747475,0.273488
0.505051,0.787879,0.173705
0.505051,0.828283,0.114586
0.505051,0.868687,0.100945
0.505051,0.909091,0.135355
0.505051,0.949495,0.217859
0.505051,0.989899,0.345827
0.505051,1.0303,0.513982
0.505051,1.07071,0.714589
0.505051,1.11111,0.937816
0.505051,1.15152,1.17224
0.505051,1.19192,1.40546
0.505051,1.23232,1.62482
0.505051,1.27273,1.81814
0.505051,1.31313,1.97445
0.505051,1.35354,2.08469
0.505051,1.39394,2.1423
0.505051,1.43434,2.14365
0.505051,1.47475,2.08834
0.505051,1.51515,1.97927
0.505051,1.55556,1.82255
0.505051,1.59596,1.62716
0.505051,1.63636,1.40451
0.505051,1.67677,1.16771
0.505051,1.71717,0.930887
0.505051,1.75758,0.708283
0.505051,1.79798,0.513432
0.505051,1.83838,0.358319
0.505051,1.87879,0.252636
0.505051,1.91919,0.203171
0.505051,1.9596,0.213368
0.505051,2,0.283082
0.545455,-2,0.310792
0.545455,-1.9596,0.226266
0.545455,-1.91919,0.199975
0.545455,-1.87879,0.232985
0.545455,-1.83838,0.322828
0.545455,-1.79798,0.463685
0.545455,-1.75758,0.646769
0.545455,-1.71717,0.860888
0.545455,-1.67677,1.09313
0.545455,-1.63636,1.32967
0.545455,-1.59596,1.55658
0.545455,-1.55556,1.76065
0.545455,-1.51515,1.93017
0.545455,-1.47475,2.05558
0.545455,-1.43434,2.12998
0.545455,-1.39394,2.14949
0.545455,-1.35354,2.11342
0.545455,-1.31313,2.02422
0.545455,-1.27273,1.88727
0.545455,-1.23232,1.7105
0.545455,-1.19192,1.50386
0.545455,-1.15152,1.2787
0.545455,-1.11111,1.04705
0.545455,-1.07071,0.820952
0.545455,-1.0303,0.611766
0.545455,-0.989899,0.429532
0.545455,-0.949495,0.28248
0.545455,-0.909091,0.176642
0.545455,-0.868687,0.115621
0.545455,-0.828283,0.100518
0.545455,-0.787879,0.13001
0.545455,-0.747475,0.200582
0.545455,-0.707071,0.306865
0.545455,-0.666667,0.442086
0.545455,-0.626263,0.598561
0.545455,-0.585859,0.768227
0.545455,-0.545455,0.943151
0.545455,-0.505051,1.11599
0.545455,-0.464646,1.2804
0.545455,-0.424242,1.43129
0.545455,-0.383838,1.56503
0.545455,-0.343434,1.67951
0.545455,-0.30303,1.77403
0.545455,-0.262626,1.8492
0.545455,-0.222222,1.90663
0.545455,-0.181818,1.94862
0.545455,-0.141414,1.97784
0.545455,-0.10101,1.99693
0.545455,-0.0606061,2.00822
0.545455,-0.020202,2.01341
0.545455,0.020202,2.01341
0.545455,0.0606061,2.00822
0.545455,0.10101,1.99693
0.545455,0.141414,1.97784
0.545455,0.181818,1.94862
0.545455,0.222222,1.90663
0.545455,0.262626,1.8492
0.545455,0.30303,1.77403
0.545455,0.343434,1.67951
0.545455,0.383838,1.56503
0.545455,0.424242,1.43129
0.545455,0.464646,1.2804
0.545455,0.505051,1.11599
0.545455,0.545455,0.943151
0.545455,0.585859,0.768227
0.545455,0.626263,0.598561
0.545455,0.666667,0.442086
0.545455,0.707071,0.306865
0.545455,0.747475,0.200582
0.545455,0.787879,0.13001
0.545455,0.828283,0.100518
0.545455,0.868687,0.115621
0.545455,0.909091,0.176642
0.545455,0.949495,0.28248
0.545455,0.989899,0.429532
0.545455,1.0303,0.611766
0.545455,1.07071,0.820952
0.545455,1.11111,1.04705
0.545455,1.15152,1.2787
0.545455,1.19192,1.50386
0.545455,1.23232,1.7105
0.545455,1.27273,1.88727
0.545455,1.31313,2.02422
0.545455,1.35354,2.11342
0.545455,1.39394,2.14949
0.545455,1.43434,2.12998
0.545455,1.47475,2.05558
0.545455,1.51515,1.93017
0.545455,1.55556,1.76065
0.545455,1.59596,1.55658
0.545455,1.63636,1.32967
0.545455,1.67677,1.09313
0.545455,1.71717,0.860888
0.545455,1.75758,0.646769
0.545455,1.79798,0.463685
0.545455,1.83838,0.322828
0.545455,1.87879,0.232985
0.545455,1.91919,0.199975
0.545455,1.9596,0.226266
0.545455,2,0.310792
0.585859,-2,0.344613
0.585859,-1.9596,0.244761
0.585859,-1.91919,0.201527
0.585859,-1.87879,0.21693
0.585859,-1.83838,0.289522
0.585859,-1.79798,0.414514
0.585859,-1.75758,0.584104
0.585859,-1.71717,0.787971
0.585859,-1.67677,1.01393
0.585859,-1.63636,1.24864
0.585859,-1.59596,1.47847
0.585859,-1.55556,1.69021
0.585859,-1.51515,1.87189
0.585859,-1.47475,2.01343
0.585859,-1.43434,2.1072
0.585859,-1.39394,2.14834
0.585859,-1.35354,2.13506
0.585859,-1.31313,2.06862
0.585859,-1.27273,1.95315
0.585859,-1.23232,1.79539
0.585859,-1.19192,1.60418
0.585859,-1.15152,1.38993
0.585859,-1.11111,1.16396
0.585859,-1.07071,0.937816
0.585859,-1.0303,0.722663
0.585859,-0.989899,0.528636
0.585859,-0.949495,0.364345
0.585859,-0.909091,0.236473
0.585859,-0.868687,0.149508
0.585859,-0.828283,0.105621
0.585859,-0.787879,0.104695
0.585859,-0.747475,0.144479
0.585859,-0.707071,0.220875
0.585859,-0.666667,0.328303
0.585859,-0.626263,0.460146
0.585859,-0.585859,0.609218
0.585859,-0.545455,0.768227
0.585859,-0.505051,0.930215
0.585859,-0.464646,1.08893
0.585859,-0.424242,1.2391
0.585859,-0.383838,1.37666
0.585859,-0.343434,1.4988
0.585859,-0.30303,1.60396
0.585859,-0.262626,1.69175
0.585859,-0.222222,1.76267
0.585859,-0.181818,1.81797
0.585859,-0.141414,1.85926
0.585859,-0.10101,1.88828
0.585859,-0.0606061,1.90663
0.585859,-0.020202,1.91548
0.585859,0.020202,1.91548
0.585859,0.0606061,1.90663
0.585859,0.10101,1.88828
0.585859,0.141414,1.85926
0.585859,0.181818,1.81797
0.585859,0.222222,1.76267
0.585859,0.262626,1.69175
0.585859,0.30303,1.60396
0.585859,0.343434,1.4988
0.585859,0.383838,1.37666
0.585859,0.424242,1.2391
0.585859,0.464646,1.08893
0.585859,0.505051,0.930215
0.585859,0.545455,0.768227
0.585859,0.585859,0.609218
0.585859,0.626263,0.460146
0.585859,0.666667,0.328303
0.585859,0.707071,0.220875
0.585859,0.747475,0.144479
0.585859,0.787879,0.104695
0.585859,0.828283,0.105621
0.585859,0.868687,0.149508
0.585859,0.909091,0.236473
0.585859,0.949495,0.364345
0.585859,0.989899,0.528636
0.585859,1.0303,0.722663
0.585859,1.07071,0.937816
0.585859,1.11111,1.16396
0.585859,1.15152,1.38993
0.585859,1.19192,1.60418
0.585859,1.23232,1.79539
0.585859,1.27273,1.95315
0.585859,1.31313,2.06862
0.585859,1.35354,2.13506
0.585859,1.39394,2.14834
0.585859,1.43434,2.1072
0.585859,1.47475,2.01343
0.585859,1.51515,1.87189
0.585859,1.55556,1.69021
0.585859,1.59596,1.47847
0.585859,1.63636,1.24864
0.585859,1.67677,1.01393
0.585859,1.71717,0.787971
0.585859,1.75758,0.584104
0.585859,1.79798,0.414514
0.585859,1.83838,0.289522
0.585859,1.87879,0.21693
0.585859,1.91919,0.201527
0.585859,1.9596,0.244761
0.585859,2,0.344613
0.626263,-2,0.385184
0.626263,-1.9596,0.269695
0.626263,-1.91919,0.208838
0.626263,-1.87879,0.205602
0.626263,-1.83838,0.259598
0.626263,-1.79798,0.367122
0.626263,-1.75758,0.521423
0.626263,-1.71717,0.713139
0.626263,-1.67677,0.930887
0.626263,-1.63636,1.16195
0.626263,-1.59596,1.39304
0.626263,-1.55556,1.61107
0.626263,-1.51515,1.80389
0.626263,-1.47475,1.96099
0.626263,-1.43434,2.07401
0.626263,-1.39394,2.1372
0.626263,-1.35354,2.14768
0.626263,-1.31313,2.10547
0.626263,-1.27273,2.01346
0.626263,-1.23232,1.87713
0.626263,-1.19192,1.70414
0.626263,-1.15152,1.50386
0.626263,-1.11111,1.28677
0.626263,-1.07071,1.06383
0.626263,-1.0303,0.845848
0.626263,-0.989899,0.642938
0.626263,-0.949495,0.463957
0.626263,-0.909091,0.316117
0.626263,-0.868687,0.204678
0.626263,-0.828283,0.132792
0.626263,-0.787879,0.101469
0.626263,-0.747475,0.109677
0.626263,-0.707071,0.154558
0.626263,-0.666667,0.231735
0.626263,-0.626263,0.335682
0.626263,-0.585859,0.460146
0.626263,-0.545455,0.598561
0.626263,-0.505051,0.74445
0.626263,-0.464646,0.891782
0.626263,-0.424242,1.03525
0.626263,-0.383838,1.17049
0.626263,-0.343434,1.29417
0.626263,-0.30303,1.40403
0.626263,-0.262626,1.4988
0.626263,-0.222222,1.57808
0.626263,-0.181818,1.64216
0.626263,-0.141414,1.69175
0.626263,-0.10101,1.72778
0.626263,-0.0606061,1.75117
0.626263,-0.020202,1.76267
0.626263,0.020202,1.76267
0.626263,0.0606061,1.75117
0.626263,0.10101,1.72778
0.626263,0.141414,1.69175
0.626263,0.181818,1.64216
0.626263,0.222222,1.57808
0.626263,0.262626,1.4988
0.626263,0.30303,1.40403
0.626263,0.343434,1.29417
0.626263,0.383838,1.17049
0.626263,0.424242,1.03525
0.626263,0.464646,0.891782
0.626263,0.505051,0.74445
0.626263,0.545455,0.598561
0.626263,0.585859,0.460146
0.626263,0.626263,0.335682
0.626263,0.666667,0.231735
0.626263,0.707071,0.154558
0.626263,0.747475,0.109677
0.626263,0.787879,0.101469
0.626263,0.828283,0.132792
0.626263,0.868687,0.204678
0.626263,0.909091,0.316117
0.626263,0.949495,0.463957
0.626263,0.989899,0.642938
0.626263,1.0303,0.845848
0.626263,1.07071,1.06383
0.626263,1.11111,1.28677
0.626263,1.15152,1.50386
0.626263,1.19192,1.70414
0.626263,1.23232,1.87713
0.626263,1.27273,2.01346
0.626263,1.31313,2.10547
0.626263,1.35354,2.14768
0.626263,1.39394,2.1372
0.626263,1.43434,2.07401
0.626263,1.47475,1.96099
0.626263,1.51515,1.80389
0.626263,1.55556,1.61107
0.626263,1.59596,1.39304
0.626263,1.63636,1.16195
0.626263,1.67677,0.930887
0.626263,1.71717,0.713139
0.626263,1.75758,0.521423
0.626263,1.79798,0.367122
0.626263,1.83838,0.259598
0.626263,1.87879,0.205602
0.626263,1.91919,0.208838
0.626263,1.9596,0.269695
0.626263,2,0.385184
0.666667,-2,0.433087
0.666667,-1.9596,0.301879
0.666667,-1.91919,0.222919
0.666667,-1.87879,0.200174
0.666667,-1.83838,0.234335
0.666667,-1.79798,0.322828
0.666667,-1.75758,0.460019
0.666667,-1.71717,0.637583
0.666667,-1.67677,0.845034
0.666667,-1.63636,1.07036
0.666667,-1.59596,1.30076
0.666667,-1.55556,1.52334
0.666667,-1.51515,1.72588
0.666667,-1.47475,1.89752
0.666667,-1.43434,2.02927
0.666667,-1.39394,2.11453
0.666667,-1.35354,2.14935
0.666667,-1.31313,2.13256
0.666667,-1.27273,2.06577
0.666667,-1.23232,1.95315
0.666667,-1.19192,1.80114
0.666667,-1.15152,1.61798
0.666667,-1.11111,1.41319
0.666667,-1.07071,1.19702
0.666667,-1.0303,0.979821
0.666667,-0.989899,0.771514
0.666667,-0.949495,0.581071
0.666667,-0.909091,0.41609
0.666667,-0.868687,0.28248
0.666667,-0.828283,0.184255
0.666667,-0.787879,0.123459
0.666667,-0.747475,0.100207
0.666667,-0.707071,0.112837
0.666667,-0.666667,0.158152
0.666667,-0.626263,0.231735
0.666667,-0.585859,0.328303
0.666667,-0.545455,0.442086
0.666667,-0.505051,0.567187
0.666667,-0.464646,0.697919
0.666667,-0.424242,0.829075
0.666667,-0.383838,0.956146
0.666667,-0.343434,1.07545
0.666667,-0.30303,1.18418
0.666667,-0.262626,1.2804
0.666667,-0.222222,1.36294
0.666667,-0.181818,1.43129
0.666667,-0.141414,1.48538
0.666667,-0.10101,1.52547
0.666667,-0.0606061,1.55191
0.666667,-0.020202,1.56503
0.666667,0.020202,1.56503
0.666667,0.0606061,1.55191
0.666667,0.10101,1.52547
0.666667,0.141414,1.48538
0.666667,0.181818,1.43129
0.666667,0.222222,1.36294
0.666667,0.262626,1.2804
0.666667,0.30303,1.18418
0.666667,0.343434,1.07545
0.666667,0.383838,0.956146
0.666667,0.424242,0.829075
0.666667,0.464646,0.697919
0.666667,0.505051,0.567187
0.666667,0.545455,0.442086
0.666667,0.585859,0.328303
0.666667,0.626263,0.231735
0.666667,0.666667,0.158152
0.666667,0.707071,0.112837
0.666667,0.747475,0.100207
0.666667,0.787879,0.123459
0.666667,0.828283,0.184255
0.666667,0.868687,0.28248
0.666667,0.909091,0.41609
0.666667,0.949495,0.581071
0.666667,0.989899,0.771514
0.666667,1.0303,0.979821
0.666667,1.07071,1.19702
0.666667,1.11111,1.41319
0.666667,1.15152,1.61798
0.666667,1.19192,1.80114
0.666667,1.23232,1.95315
0.666667,1.27273,2.06577
0.666667,1.31313,2.13256
0.666667,1.35354,2.14935
0.666667,1.39394,2.11453
0.666667,1.43434,2.02927
0.666667,1.47475,1.89752
0.666667,1.51515,1.72588
0.666667,1.55556,1.52334
0.666667,1.59596,1.30076
0.666667,1.63636,1.07036
0.666667,1.67677,0.845034
0.666667,1.71717,0.637583
0.666667,1.75758,0.460019
0.666667,1.79798,0.322828
0.666667,1.83838,0.234335
0.666667,1.87879,0.200174
0.666667,1.91919,0.222919
0.666667,1.9596,0.301879
0.666667,2,0.433087
0.707071,-2,0.488814
0.707071,-1.9596,0.342065
0.707071,-1.91919,0.244761
0.707071,-1.87879,0.201834
0.707071,-1.83838,0.215069
0.707071,-1.79798,0.283058
0.707071,-1.75758,0.401332
0.707071,-1.71717,0.562681
0.707071,-1.67677,0.757604
0.707071,-1.63636,0.974905
0.707071,-1.59596,1.20235
0.707071,-1.55556,1.42738
0.707071,-1.51515,1.63782
0.707071,-1.47475,1.82255
0.707071,-1.43434,1.97205
0.707071,-1.39394,2.07894
0.707071,-1.35354,2.13826
0.707071,-1.31313,2.14768
0.707071,-1.27273,2.10753
0.707071,-1.23232,2.02068
0.707071,-1.19192,1.89228
0.707071,-1.15152,1.72936
0.707071,-1.11111,1.54041
0.707071,-1.07071,1.33483
0.707071,-1.0303,1.12238
0.707071,-0.989899,0.912654
0.707071,-0.949495,0.714589
0.707071,-0.909091,0.53602
0.707071,-0.868687,0.383357
0.707071,-0.828283,0.261349
0.707071,-0.787879,0.172957
0.707071,-0.747475,0.119351
0.707071,-0.707071,0.0999949
0.707071,-0.666667,0.112837
0.707071,-0.626263,0.154558
0.707071,-0.585859,0.220875
0.707071,-0.545455,0.306865
0.707071,-0.505051,0.407299
0.707071,-0.464646,0.516943
0.707071,-0.424242,0.630826
0.707071,-0.383838,0.74445
0.707071,-0.343434,0.853946
0.707071,-0.30303,0.956146
0.707071,-0.262626,1.04861
0.707071,-0.222222,1.12957
0.707071,-0.181818,1.19788
0.707071,-0.141414,1.25286
0.707071,-0.10101,1.29417
0.707071,-0.0606061,1.3217
0.707071,-0.020202,1.33546
0.707071,0.020202,1.33546
0.707071,0.0606061,1.3217
0.707071,0.10101,1.29417
0.707071,0.141414,1.25286
0.707071,0.181818,1.19788
0.707071,0.222222,1.12957
0.707071,0.262626,1.04861
0.707071,0.30303,0.956146
0.707071,0.343434,0.853946
0.707071,0.383838,0.74445
0.707071,0.424242,0.630826
0.707071,0.464646,0.516943
0.707071,0.505051,0.407299
0.707071,0.545455,0.306865
0.707071,0.585859,0.220875
0.707071,0.626263,0.154558
0.707071,0.666667,0.112837
0.707071,0.707071,0.0999949
0.707071,0.747475,0.119351
0.707071,0.787879,0.172957
0.707071,0.828283,0.261349
0.707071,0.868687,0.383357
0.707071,0.909091,0.53602
0.707071,0.949495,0.714589
0.707071,0.989899,0.912654
0.707071,1.0303,1.12238
0.707071,1.07071,1.33483
0.707071,1.11111,1.54041
0.707071,1.15152,1.72936
0.707071,1.19192,1.89228
0.707071,1.23232,2.02068
0.707071,1.27273,2.10753
0.707071,1.31313,2.14768
0.707071,1.35354,2.13826
0.707071,1.39394,2.07894
0.707071,1.43434,1.97205
0.707071,1.47475,1.82255
0.707071,1.51515,1.63782
0.707071,1.55556,1.42738
0.707071,1.59596,1.20235
0.707071,1.63636,0.974905
0.707071,1.67677,0.757604
0.707071,1.71717,0.562681
0.707071,1.75758,0.401332
0.707071,1.79798,0.283058
0.707071,1.83838,0.215069
0.707071,1.87879,0.201834
0.707071,1.91919,0.244761
0.707071,1.9596,0.342065
0.707071,2,0.488814
0.747475,-2,0.552745
0.747475,-1.9596,0.390918
0.747475,-1.91919,0.275298
0.747475,-1.87879,0.211757
0.747475,-1.83838,0.203171
0.747475,-1.79798,0.249316
0.747475,-1.75758,0.346936
0.747475,-1.71717,0.489994
0.747475,-1.67677,0.670065
0.747475,-1.63636,0.876859
0.747475,-1.59596,1.09884
0.747475,-1.55556,1.3239
0.747475,-1.51515,1.54001
0.747475,-1.47475,1.73591
0.747475,-1.43434,1.9017
0.747475,-1.39394,2.02927
0.747475,-1.35354,2.11276
0.747475,-1.31313,2.14872
0.747475,-1.27273,2.13624
0.747475,-1.23232,2.07688
0.747475,-1.19192,1.97445
0.747475,-1.15152,1.83476
0.747475,-1.11111,1.66515
0.747475,-1.07071,1.47409
0.747475,-1.0303,1.2706
0.747475,-0.989899,1.06383
0.747475,-0.949495,0.862499
0.747475,-0.909091,0.674542
0.747475,-0.868687,0.506713
0.747475,-0.828283,0.364345
0.747475,-0.787879,0.251189
0.747475,-0.747475,0.169355
0.747475,-0.707071,0.119351
0.747475,-0.666667,0.100207
0.747475,-0.626263,0.109677
0.747475,-0.585859,0.144479
0.747475,-0.545455,0.200582
0.747475,-0.505051,0.273488
0.747475,-0.464646,0.358519
0.747475,-0.424242,0.451061
0.747475,-0.383838,0.546779
0.747475,-0.343434,0.641774
0.747475,-0.30303,0.732688
0.747475,-0.262626,0.816751
0.747475,-0.222222,0.891782
0.747475,-0.181818,0.956146
0.747475,-0.141414,1.00868
0.747475,-0.10101,1.04861
0.747475,-0.0606061,1.07545
0.747475,-0.020202,1.08893
0.747475,0.020202,1.08893
0.747475,0.0606061,1.07545
0.747475,0.10101,1.04861
0.747475,0.141414,1.00868
0.747475,0.181818,0.956146
0.747475,0.222222,0.891782
0.747475,0.262626,0.816751
0.747475,0.30303,0.732688
0.747475,0.343434,0.641774
0.747475,0.383838,0.546779
0.747475,0.424242,0.451061
0.747475,0.464646,0.358519
0.747475,0.505051,0.273488
0.747475,0.545455,0.200582
0.747475,0.585859,0.144479
0.747475,0.626263,0.109677
0.747475,0.666667,0.100207
0.747475,0.707071,0.119351
0.747475,0.747475,0.169355
0.747475,0.787879,0.251189
0.747475,0.828283,0.364345
0.747475,0.868687,0.506713
0.747475,0.909091,0.674542
0.747475,0.949495,0.862499
0.747475,0.989899,1.06383
0.747475,1.0303,1.2706
0.747475,1.07071,1.47409
0.747475,1.11111,1.66515
0.747475,1.15152,1.83476
0.747475,1.19192,1.97445
0.747475,1.23232,2.07688
0.747475,1.27273,2.13624
0.747475,1.31313,2.14872
0.747475,1.35354,2.11276
0.747475,1.39394,2.02927
0.747475,1.43434,1.9017
0.747475,1.47475,1.73591
0.747475,1.51515,1.54001
0.747475,1.55556,1.3239
0.747475,1.59596,1.09884
0.747475,1.63636,0.876859
0.747475,1.67677,0.670065
0.747475,1.71717,0.489994
0.747475,1.75758,0.346936
0.747475,1.79798,0.249316
0.747475,1.83838,0.203171
0.747475,1.87879,0.211757
0.747475,1.91919,0.275298
0.747475,1.9596,0.390918
0.747475,2,0.552745
0.787879,-2,0.625111
0.787879,-1.9596,0.44898
0.787879,-1.91919,0.315376
0.787879,-1.87879,0.23107
0.787879,-1.83838,0.20001
0.787879,-1.79798,0.223162
0.787879,-1.75758,0.298512
0.787879,-1.71717,0.421251
0.787879,-1.67677,0.584104
0.787879,-1.63636,0.777787
0.787879,-1.59596,0.991574
0.787879,-1.55556,1.21391
0.787879,-1.51515,1.43309
0.787879,-1.47475,1.63782
0.787879,-1.43434,1.81792
0.787879,-1.39394,1.96471
0.787879,-1.35354,2.07149
0.787879,-1.31313,2.13378
0.787879,-1.27273,2.14949
0.787879,-1.23232,2.11887
0.787879,-1.19192,2.04443
0.787879,-1.15152,1.93067
0.787879,-1.11111,1.78375
0.787879,-1.07071,1.6111
0.787879,-1.0303,1.4209
0.787879,-0.989899,1.22168
0.787879,-0.949495,1.02185
0.787879,-0.909091,0.829239
0.787879,-0.868687,0.6508
0.787879,-0.828283,0.492295
0.787879,-0.787879,0.358116
0.787879,-0.747475,0.251189
0.787879,-0.707071,0.172957
0.787879,-0.666667,0.123459
0.787879,-0.626263,0.101469
0.787879,-0.585859,0.104695
0.787879,-0.545455,0.13001
0.787879,-0.505051,0.173705
0.787879,-0.464646,0.231735
0.787879,-0.424242,0.299954
0.787879,-0.383838,0.374321
0.787879,-0.343434,0.451061
0.787879,-0.30303,0.526784
0.787879,-0.262626,0.598561
0.787879,-0.222222,0.663954
0.787879,-0.181818,0.721011
0.787879,-0.141414,0.768227
0.787879,-0.10101,0.804502
0.787879,-0.0606061,0.829075
0.787879,-0.020202,0.841474
0.787879,0.020202,0.841474
0.787879,0.0606061,0.829075
0.787879,0.10101,0.804502
0.787879,0.141414,0.768227
0.787879,0.181818,0.721011
0.787879,0.222222,0.663954
0.787879,0.262626,0.598561
0.787879,0.30303,0.526784
0.787879,0.343434,0.451061
0.787879,0.383838,0.374321
0.787879,0.424242,0.299954
0.787879,0.464646,0.231735
0.787879,0.505051,0.173705
0.787879,0.545455,0.13001
0.787879,0.585859,0.104695
0.787879,0.626263,0.101469
0.787879,0.666667,0.123459
0.787879,0.707071,0.172957
0.787879,0.747475,0.251189
0.787879,0.787879,0.358116
0.787879,0.828283,0.492295
0.787879,0.868687,0.6508
0.787879,0.909091,0.829239
0.787879,0.949495,1.02185
0.787879,0.989899,1.22168
0.787879,1.0303,1.4209
0.787879,1.07071,1.6111
0.787879,1.11111,1.78375
0.787879,1.15152,1.93067
0.787879,1.19192,2.04443
0.787879,1.23232,2.11887
0.787879,1.27273,2.14949
0.787879,1.31313,2.13378
0.787879,1.35354,2.07149
0.787879,1.39394,1.96471
0.787879,1.43434,1.81792
0.787879,1.47475,1.63782
0.787879,1.51515,1.43309
0.787879,1.55556,1.21391
0.787879,1.59596,0.991574
0.787879,1.63636,0.777787
0.787879,1.67677,0.584104
0.787879,1.71717,0.421251
0.787879,1.75758,0.298512
0.787879,1.79798,0.223162
0.787879,1.83838,0.20001
0.787879,1.87879,0.23107
0.787879,1.91919,0.315376
0.787879,1.9596,0.44898
0.787879,2,0.625111
0.828283,-2,0.705968
0.828283,-1.9596,0.516634
0.828283,-1.91919,0.36571
0.828283,-1.87879,0.260809
0.828283,-1.83838,0.206915
0.828283,-1.79798,0.206169
0.828283,-1.75758,0.257817
0.828283,-1.71717,0.358319
0.828283,-1.67677,0.501612
0.828283,-1.63636,0.679512
0.828283,-1.59596,0.882208
0.828283,-1.55556,1.09884
0.828283,-1.51515,1.31811
0.828283,-1.47475,1.5289
0.828283,-1.43434,1.72084
0.828283,-1.39394,1.88482
0.828283,-1.35354,2.01343
0.828283,-1.31313,2.10127
0.828283,-1.27273,2.14509
0.828283,-1.23232,2.14393
0.828283,-1.19192,2.09899
0.828283,-1.15152,2.01346
0.828283,-1.11111,1.89228
0.828283,-1.07071,1.74173
0.828283,-1.0303,1.56908
0.828283,-0.989899,1.38213
0.828283,-0.949495,1.18877
0.828283,-0.909091,0.996634
0.828283,-0.868687,0.812678
0.828283,-0.828283,0.642938
0.828283,-0.787879,0.492295
0.828283,-0.747475,0.364345
0.828283,-0.707071,0.261349
0.828283,-0.666667,0.184255
0.828283,-0.626263,0.132792
0.828283,-0.585859,0.105621
0.828283,-0.545455,0.100518
0.828283,-0.505051,0.114586
0.828283,-0.464646,0.144479
0.828283,-0.424242,0.18661
0.828283,-0.383838,0.237343
0.828283,-0.343434,0.293161
0.828283,-0.30303,0.350791
0.828283,-0.262626,0.407299
0.828283,-0.222222,0.460146
0.828283,-0.181818,0.507209
0.828283,-0.141414,0.546779
0.828283,-0.10101,0.577545
0.828283,-0.0606061,0.598561
0.828283,-0.020202,0.609218
0.828283,0.020202,0.609218
0.828283,0.0606061,0.598561
0.828283,0.10101,0.577545
0.828283,0.141414,0.546779
0.828283,0.181818,0.507209
0.828283,0.222222,0.460146
0.828283,0.262626,0.407299
0.828283,0.30303,0.350791
0.828283,0.343434,0.293161
0.828283,0.383838,0.237343
0.828283,0.424242,0.18661
0.828283,0.464646,0.144479
0.828283,0.505051,0.114586
0.828283,0.545455,0.100518
0.828283,0.585859,0.105621
0.828283,0.626263,0.132792
0.828283,0.666667,0.184255
0.828283,0.707071,0.261349
0.828283,0.747475,0.364345
0.828283,0.787879,0.492295
0.828283,0.828283,0.642938
0.828283,0.868687,0.812678
0.828283,0.909091,0.996634
0.828283,0.949495,1.18877
0.828283,0.989899,1.38213
0.828283,1.0303,1.56908
0.828283,1.07071,1.74173
0.828283,1.11111,1.89228
0.828283,1.15152,2.01346
0.828283,1.19192,2.09899
0.828283,1.23232,2.14393
0.828283,1.27273,2.14509
0.828283,1.31313,2.10127
0.828283,1.35354,2.01343
0.828283,1.39394,1.88482
0.828283,1.43434,1.72084
0.828283,1.47475,1.5289
0.828283,1.51515,1.31811
0.828283,1.55556,1.09884
0.828283,1.59596,0.882208
0.828283,1.63636,0.679512
0.828283,1.67677,0.501612
0.828283,1.71717,0.358319
0.828283,1.75758,0.257817
0.828283,1.79798,0.206169
0.828283,1.83838,0.206915
0.828283,1.87879,0.260809
0.828283,1.91919,0.36571
0.828283,1.9596,0.516634
0.828283,2,0.705968
0.868687,-2,0.795164
0.868687,-1.9596,0.594071
0.868687,-1.91919,0.42685
0.868687,-1.87879,0.301879
0.868687,-1.83838,0.225126
0.868687,-1.79798,0.199881
0.868687,-1.75758,0.226643
0.868687,-1.71717,0.303166
0.868687,-1.67677,0.424656
0.868687,-1.63636,0.584104
0.868687,-1.59596,0.772718
0.868687,-1.55556,0.980452
0.868687,-1.51515,1.19657
0.868687,-1.47475,1.41024
0.868687,-1.43434,1.61107
0.868687,-1.39394,1.78967
0.868687,-1.35354,1.93805
0.868687,-1.31313,2.04998
0.868687,-1.27273,2.12121
0.868687,-1.23232,2.14959
0.868687,-1.19192,2.13506
0.868687,-1.15152,2.07953
0.868687,-1.11111,1.98666
0.868687,-1.07071,1.86157
0.868687,-1.0303,1.7105
0.868687,-0.989899,1.54041
0.868687,-0.949495,1.35858
0.868687,-0.909091,1.17224
0.868687,-0.868687,0.988227
0.868687,-0.828283,0.812678
0.868687,-0.787879,0.6508
0.868687,-0.747475,0.506713
0.868687,-0.707071,0.383357
0.868687,-0.666667,0.28248
0.868687,-0.626263,0.204678
0.868687,-0.585859,0.149508
0.868687,-0.545455,0.115621
0.868687,-0.505051,0.100945
0.868687,-0.464646,0.102867
0.868687,-0.424242,0.118423
0.868687,-0.383838,0.144479
0.868687,-0.343434,0.177888
0.868687,-0.30303,0.215623
0.868687,-0.262626,0.254881
0.868687,-0.222222,0.293161
0.868687,-0.181818,0.328303
0.868687,-0.141414,0.358519
0.868687,-0.10101,0.382395
0.868687,-0.0606061,0.398884
0.868687,-0.020202,0.407299
0.868687,0.020202,0.407299
0.868687,0.0606061,0.398884
0.868687,0.10101,0.382395
0.868687,0.141414,0.358519
0.868687,0.181818,0.328303
0.868687,0.222222,0.293161
0.868687,0.262626,0.254881
0.868687,0.30303,0.215623
0.868687,0.343434,0.177888
0.868687,0.383838,0.144479
0.868687,0.424242,0.118423
0.868687,0.464646,0.102867
0.868687,0.505051,0.100945
0.868687,0.545455,0.115621
0.868687,0.585859,0.149508
0.868687,0.626263,0.204678
0.868687,0.666667,0.28248
0.868687,0.707071,0.383357
0.868687,0.747475,0.506713
0.868687,0.787879,0.6508
0.868687,0.828283,0.812678
0.868687,0.868687,0.988227
0.868687,0.909091,1.17224
0.868687,0.949495,1.35858
0.868687,0.989899,1.54041
0.868687,1.0303,1.7105
0.868687,1.07071,1.86157
0.868687,1.11111,1.98666
0.868687,1.15152,2.07953
0.868687,1.19192,2.13506
0.868687,1.23232,2.14959
0.868687,1.27273,2.12121
0.868687,1.31313,2.04998
0.868687,1.35354,1.93805
0.868687,1.39394,1.78967
0.868687,1.43434,1.61107
0.868687,1.47475,1.41024
0.868687,1.51515,1.19657
0.868687,1.55556,0.980452
0.868687,1.59596,0.772718
0.868687,1.63636,0.584104
0.868687,1.67677,0.424656
0.868687,1.71717,0.303166
0.868687,1.75758,0.226643
0.868687,1.79798,0.199881
0.868687,1.83838,0.225126
0.868687,1.87879,0.301879
0.868687,1.91919,0.42685
0.868687,1.9596,0.594071
0.868687,2,0.795164
0.909091,-2,0.892314
0.909091,-1.9596,0.681253
0.909091,-1.91919,0.499132
0.909091,-1.87879,0.355005
0.909091,-1.83838,0.255751
0.909091,-1.79798,0.20576
0.909091,-1.75758,0.206763
0.909091,-1.71717,0.257817
0.909091,-1.67677,0.355435
0.909091,-1.63636,0.493844
0.909091,-1.59596,0.665368
0.909091,-1.55556,0.860888
0.909091,-1.51515,1.07036
0.909091,-1.47475,1.28339
0.909091,-1.43434,1.48974
0.909091,-1.39394,1.67986
0.909091,-1.35354,1.84534
0.909091,-1.31313,1.97927
0.909091,-1.27273,2.07649
0.909091,-1.23232,2.13378
0.909091,-1.19192,2.14989
0.909091,-1.15152,2.12544
0.909091,-1.11111,2.06287
0.909091,-1.07071,1.96607
0.909091,-1.0303,1.84021
0.909091,-0.989899,1.6913
0.909091,-0.949495,1.52588
0.909091,-0.909091,1.35068
0.909091,-0.868687,1.17224
0.909091,-0.828283,0.996634
0.909091,-0.787879,0.829239
0.909091,-0.747475,0.674542
0.909091,-0.707071,0.53602
0.909091,-0.666667,0.41609
0.909091,-0.626263,0.316117
0.909091,-0.585859,0.236473
0.909091,-0.545455,0.176642
0.909091,-0.505051,0.135355
0.909091,-0.464646,0.110748
0.909091,-0.424242,0.100524
0.909091,-0.383838,0.102117
0.909091,-0.343434,0.112837
0.909091,-0.30303,0.13001
0.909091,-0.262626,0.151082
0.909091,-0.222222,0.173705
0.909091,-0.181818,0.195806
0.909091,-0.141414,0.215623
0.909091,-0.10101,0.231735
0.909091,-0.0606061,0.24307
0.909091,-0.020202,0.248916
0.909091,0.020202,0.248916
0.909091,0.0606061,0.24307
0.909091,0.10101,0.231735
0.909091,0.141414,0.215623
0.909091,0.181818,0.195806
0.909091,0.222222,0.173705
0.909091,0.262626,0.151082
0.909091,0.30303,0.13001
0.909091,0.343434,0.112837
0.909091,0.383838,0.102117
0.909091,0.424242,0.100524
0.909091,0.464646,0.110748
0.909091,0.505051,0.135355
0.909091,0.545455,0.176642
0.909091,0.585859,0.236473
0.909091,0.626263,0.316117
0.909091,0.666667,0.41609
0.909091,0.707071,0.53602
0.909091,0.747475,0.674542
0.909091,0.787879,0.829239
0.909091,0.828283,0.996634
0.909091,0.868687,1.17224
0.909091,0.909091,1.35068
0.909091,0.949495,1.52588
0.909091,0.989899,1.6913
0.909091,1.0303,1.84021
0.909091,1.07071,1.96607
0.909091,1.11111,2.06287
0.909091,1.15152,2.12544
0.909091,1.19192,2.14989
0.909091,1.23232,2.13378
0.909091,1.27273,2.07649
0.909091,1.31313,1.97927
0.909091,1.35354,1.84534
0.909091,1.39394,1.67986
0.909091,1.43434,1.48974
0.909091,1.47475,1.28339
0.909091,1.51515,1.07036
0.909091,1.55556,0.860888
0.909091,1.59596,0.665368
0.909091,1.63636,0.493844
0.909091,1.67677,0.355435
0.909091,1.71717,0.257817
0.909091,1.75758,0.206763
0.909091,1.79798,0.20576
0.909091,1.83838,0.255751
0.909091,1.87879,0.355005
0.909091,1.91919,0.499132
0.909091,1.9596,0.681253
0.909091,2,0.892314
0.949495,-2,0.99677
0.949495,-1.9596,0.777878
0.949495,-1.91919,0.582641
0.949495,-1.87879,0.420683
0.949495,-1.83838,0.299704
0.949495,-1.79798,0.225126
0.949495,-1.75758,0.199874
0.949495,-1.71717,0.224295
0.949495,-1.67677,0.296225
0.949495,-1.63636,0.411182
0.949495,-1.59596,0.562681
0.949495,-1.55556,0.742634
0.949495,-1.51515,0.94183
0.949495,-1.47475,1.15044
0.949495,-1.43434,1.35853
0.949495,-1.39394,1.55658
0.949495,-1.35354,1.73591
0.949495,-1.31313,1.88908
0.949495,-1.27273,2.01017
0.949495,-1.23232,2.09498
0.949495,-1.19192,2.14115
0.949495,-1.15152,2.14814
0.949495,-1.11111,2.1171
0.949495,-1.07071,2.05077
0.949495,-1.0303,1.95315
0.949495,-0.989899,1.82926
0.949495,-0.949495,1.68482
0.949495,-0.909091,1.52588
0.949495,-0.868687,1.35858
0.949495,-0.828283,1.18877
0.949495,-0.787879,1.02185
0.949495,-0.747475,0.862499
0.949495,-0.707071,0.714589
0.949495,-0.666667,0.581071
0.949495,-0.626263,0.463957
0.949495,-0.585859,0.364345
0.949495,-0.545455,0.28248
0.949495,-0.505051,0.217859
0.949495,-0.464646,0.169355
0.949495,-0.424242,0.135355
0.949495,-0.383838,0.1139
0.949495,-0.343434,0.102825
0.949495,-0.30303,0.0998856
0.949495,-0.262626,0.102867
0.949495,-0.222222,0.109677
0.949495,-0.181818,0.118423
0.949495,-0.141414,0.127464
0.949495,-0.10101,0.13545
0.949495,-0.0606061,0.141353
0.949495,-0.020202,0.144479
0.949495,0.020202,0.144479
0.949495,0.0606061,0.141353
0.949495,0.10101,0.13545
0.949495,0.141414,0.127464
0.949495,0.181818,0.118423
0.949495,0.222222,0.109677
0.949495,0.262626,0.102867
0.949495,0.30303,0.0998856
0.949495,0.343434,0.102825
0.949495,0.383838,0.1139
0.949495,0.424242,0.135355
0.949495,0.464646,0.169355
0.949495,0.505051,0.217859
0.949495,0.545455,0.28248
0.949495,0.585859,0.364345
0.949495,0.626263,0.463957
0.949495,0.666667,0.581071
0.949495,0.707071,0.714589
0.949495,0.747475,0.862499
0.949495,0.787879,1.02185
0.949495,0.828283,1.18877
0.949495,0.868687,1.35858
0.949495,0.909091,1.52588
0.949495,0.949495,1.68482
0.949495,0.989899,1.82926
0.949495,1.0303,1.95315
0.949495,1.07071,2.05077
0.949495,1.11111,2.1171
0.949495,1.15152,2.14814
0.949495,1.19192,2.14115
0.949495,1.23232,2.09498
0.949495,1.27273,2.01017
0.949495,1.31313,1.88908
0.949495,1.35354,1.73591
0.949495,1.39394,1.55658
0.949495,1.43434,1.35853
0.949495,1.47475,1.15044
0.949495,1.51515,0.94183
0.949495,1.55556,0.742634
0.949495,1.59596,0.562681
0.949495,1.63636,0.411182
0.949495,1.67677,0.296225
0.949495,1.71717,0.224295
0.949495,1.75758,0.199874
0.949495,1.79798,0.225126
0.949495,1.83838,0.299704
0.949495,1.87879,0.420683
0.949495,1.91919,0.582641
0.949495,1.9596,0.777878
0.949495,2,0.99677
0.989899,-2,1.10761
0.989899,-1.9596,0.883353
0.989899,-1.91919,0.67717
0.989899,-1.87879,0.499132
0.989899,-1.83838,0.357652
0.989899,-1.79798,0.2591
0.989899,-1.75758,0.20753
0.989899,-1.71717,0.20455
0.989899,-1.67677,0.249316
0.989899,-1.63636,0.338668
0.989899,-1.59596,0.467374
0.989899,-1.55556,0.628473
0.989899,-1.51515,0.813694
0.989899,-1.47475,1.01393
0.989899,-1.43434,1.2197
0.989899,-1.39394,1.42167
0.989899,-1.35354,1.61107
0.989899,-1.31313,1.78008
0.989899,-1.27273,1.92218
0.989899,-1.23232,2.03234
0.989899,-1.19192,2.1072
0.989899,-1.15152,2.14509
0.989899,-1.11111,2.14602
0.989899,-1.07071,2.11151
0.989899,-1.0303,2.04443
0.989899,-0.989899,1.94875
0.989899,-0.949495,1.82926
0.989899,-0.909091,1.6913
0.989899,-0.868687,1.54041
0.989899,-0.828283,1.38213
0.989899,-0.787879,1.22168
0.989899,-0.747475,1.06383
0.989899,-0.707071,0.912654
0.989899,-0.666667,0.771514
0.989899,-0.626263,0.642938
0.989899,-0.585859,0.528636
0.989899,-0.545455,0.429532
0.989899,-0.505051,0.345827
0.989899,-0.464646,0.277097
0.989899,-0.424242,0.222402
0.989899,-0.383838,0.180408
0.989899,-0.343434,0.149508
0.989899,-0.30303,0.127941
0.989899,-0.262626,0.1139
0.989899,-0.222222,0.105621
0.989899,-0.181818,0.101469
0.989899,-0.141414,0.0999949
0.989899,-0.10101,0.0999897
0.989899,-0.0606061,0.100518
0.989899,-0.020202,0.100943
0.989899,0.020202,0.100943
0.989899,0.0606061,0.100518
0.989899,0.10101,0.0999897
0.989899,0.141414,0.0999949
0.989899,0.181818,0.101469
0.989899,0.222222,0.105621
0.989899,0.262626,0.1139
0.989899,0.30303,0.127941
0.989899,0.343434,0.149508
0.989899,0.383838,0.180408
0.989899,0.424242,0.222402
0.989899,0.464646,0.277097
0.989899,0.505051,0.345827
0.989899,0.545455,0.429532
0.989899,0.585859,0.528636
0.989899,0.626263,0.642938
0.989899,0.666667,0.771514
0.989899,0.707071,0.912654
0.989899,0.747475,1.06383
0.989899,0.787879,1.22168
0.989899,0.828283,1.38213
0.989899,0.868687,1.54041
0.989899,0.909091,1.6913
0.989899,0.949495,1.82926
0.989899,0.989899,1.94875
0.989899,1.0303,2.04443
0.989899,1.07071,2.11151
0.989899,1.11111,2.14602
0.989899,1.15152,2.14509
0.989899,1.19192,2.1072
0.989899,1.23232,2.03234
0.989899,1.27273,1.92218
0.989899,1.31313,1.78008
0.989899,1.35354,1.61107
0.989899,1.39394,1.42167
0.989899,1.43434,1.2197
0.989899,1.47475,1.01393
0.989899,1.51515,0.813694
0.989899,1.55556,0.628473
0.989899,1.59596,0.467374
0.989899,1.63636,0.338668
0.989899,1.67677,0.249316
0.989899,1.71717,0.20455
0.989899,1.75758,0.20753
0.989899,1.79798,0.2591
0.989899,1.83838,0.357652
0.989899,1.87879,0.499132
0.989899,1.91919,0.67717
0.989899,1.9596,0.883353
0.989899,2,1.10761
1.0303,-2,1.22362
1.0303,-1.9596,0.99677
1.0303,-1.91919,0.782187
1.0303,-1.87879,0.590248
1.0303,-1.83838,0.42996
1.0303,-1.79798,0.308532
1.0303,-1.75758,0.23107
1.0303,-1.71717,0.200383
1.0303,-1.67677,0.21693
1.0303,-1.63636,0.278881
1.0303,-1.59596,0.382298
1.0303,-1.55556,0.521423
1.0303,-1.51515,0.689031
1.0303,-1.47475,0.876859
1.0303,-1.43434,1.07605
1.0303,-1.39394,1.2776
1.0303,-1.35354,1.47282
1.0303,-1.31313,1.6537
1.0303,-1.27273,1.81327
1.0303,-1.23232,1.94582
1.0303,-1.19192,2.04713
1.0303,-1.15152,2.11453
1.0303,-1.11111,2.14692
1.0303,-1.07071,2.14468
1.0303,-1.0303,2.10955
1.0303,-0.989899,2.04443
1.0303,-0.949495,1.95315
1.0303,-0.909091,1.84021
1.0303,-0.868687,1.7105
1.0303,-0.828283,1.56908
1.0303,-0.787879,1.4209
1.0303,-0.747475,1.2706
1.0303,-0.707071,1.12238
1.0303,-0.666667,0.979821
1.0303,-0.626263,0.845848
1.0303,-0.585859,0.722663
1.0303,-0.545455,0.611766
1.0303,-0.505051,0.513982
1.0303,-0.464646,0.429532
1.0303,-0.424242,0.358116
1.0303,-0.383838,0.299015
1.0303,-0.343434,0.251189
1.0303,-0.30303,0.21339
1.0303,-0.262626,0.184255
1.0303,-0.222222,0.1624
1.0303,-0.181818,0.1465
1.0303,-0.141414,0.135355
1.0303,-0.10101,0.127941
1.0303,-0.0606061,0.123459
1.0303,-0.020202,0.121358
1.0303,0.020202,0.121358
1.0303,0.0606061,0.123459
1.0303,0.10101,0.127941
1.0303,0.141414,0.135355
1.0303,0.181818,0.1465
1.0303,0.222222,0.1624
1.0303,0.262626,0.184255
1.0303,0.30303,0.21339
1.0303,0.343434,0.251189
1.0303,0.383838,0.299015
1.0303,0.424242,0.358116
1.0303,0.464646,0.429532
1.0303,0.505051,0.513982
1.0303,0.545455,0.611766
1.0303,0.585859,0.722663
1.0303,0.626263,0.845848
1.0303,0.666667,0.979821
1.0303,0.707071,1.12238
1.0303,0.747475,1.2706
1.0303,0.787879,1.4209
1.0303,0.828283,1.56908
1.0303,0.868687,1.7105
1.0303,0.909091,1.84021
1.0303,0.949495,1.95315
1.0303,0.989899,2.04443
1.0303,1.0303,2.10955
1.0303,1.07071,2.14468
1.0303,1.11111,2.14692
1.0303,1.15152,2.11453
1.0303,1.19192,2.04713
1.0303,1.23232,1.94582
1.0303,1.27273,1.81327
1.0303,1.31313,1.6537
1.0303,1.35354,1.47282
1.0303,1.39394,1.2776
1.0303,1.43434,1.07605
1.0303,1.47475,0.876859
1.0303,1.51515,0.689031
1.0303,1.55556,0.521423
1.0303,1.59596,0.382298
1.0303,1.63636,0.278881
1.0303,1.67677,0.21693
1.0303,1.71717,0.200383
1.0303,1.75758,0.23107
1.0303,1.79798,0.308532
1.0303,1.83838,0.42996
1.0303,1.87879,0.590248
1.0303,1.91919,0.782187
1.0303,1.9596,0.99677
1.0303,2,1.22362
1.07071,-2,1.34328
1.07071,-1.9596,1.11689
1.07071,-1.91919,0.896802
1.07071,-1.87879,0.693564
1.07071,-1.83838,0.516634
1.07071,-1.79798,0.373942
1.07071,-1.75758,0.271541
1.07071,-1.71717,0.213368
1.07071,-1.67677,0.201137
1.07071,-1.63636,0.234335
1.07071,-1.59596,0.310343
1.07071,-1.55556,0.424656
1.07071,-1.51515,0.571187
1.07071,-1.47475,0.742634
1.07071,-1.43434,0.930887
1.07071,-1.39394,1.12746
1.07071,-1.35354,1.3239
1.07071,-1.31313,1.51217
1.07071,-1.27273,1.68504
1.07071,-1.23232,1.83629
1.07071,-1.19192,1.96099
1.07071,-1.15152,2.05558
1.07071,-1.11111,2.11796
1.07071,-1.07071,2.14744
1.07071,-1.0303,2.14468
1.07071,-0.989899,2.11151
1.07071,-0.949495,2.05077
1.07071,-0.909091,1.96607
1.07071,-0.868687,1.86157
1.07071,-0.828283,1.74173
1.07071,-0.787879,1.6111
1.07071,-0.747475,1.47409
1.07071,-0.707071,1.33483
1.07071,-0.666667,1.19702
1.07071,-0.626263,1.06383
1.07071,-0.585859,0.937816
1.07071,-0.545455,0.820952
1.07071,-0.505051,0.714589
1.07071,-0.464646,0.619516
1.07071,-0.424242,0.53602
1.07071,-0.383838,0.463957
1.07071,-0.343434,0.402844
1.07071,-0.30303,0.351944
1.07071,-0.262626,0.310355
1.07071,-0.222222,0.277097
1.07071,-0.181818,0.251189
1.07071,-0.141414,0.23171
1.07071,-0.10101,0.217859
1.07071,-0.0606061,0.208996
1.07071,-0.020202,0.204678
1.07071,0.020202,0.204678
1.07071,0.0606061,0.208996
1.07071,0.10101,0.217859
1.07071,0.141414,0.23171
1.07071,0.181818,0.251189
1.07071,0.222222,0.277097
1.07071,0.262626,0.310355
1.07071,0.30303,0.351944
1.07071,0.343434,0.402844
1.07071,0.383838,0.463957
1.07071,0.424242,0.53602
1.07071,0.464646,0.619516
1.07071,0.505051,0.714589
1.07071,0.545455,0.820952
1.07071,0.585859,0.937816
1.07071,0.626263,1.06383
1.07071,0.666667,1.19702
1.07071,0.707071,1.33483
1.07071,0.747475,1.47409
1.07071,0.787879,1.6111
1.07071,0.828283,1.74173
1.07071,0.868687,1.86157
1.07071,0.909091,1.96607
1.07071,0.949495,2.05077
1.07071,0.989899,2.11151
1.07071,1.0303,2.14468
1.07071,1.07071,2.14744
1.07071,1.11111,2.11796
1.07071,1.15152,2.05558
1.07071,1.19192,1.96099
1.07071,1.23232,1.83629
1.07071,1.27273,1.68504
1.07071,1.31313,1.51217
1.07071,1.35354,1.3239
1.07071,1.39394,1.12746
1.07071,1.43434,0.930887
1.07071,1.47475,0.742634
1.07071,1.51515,0.571187
1.07071,1.55556,0.424656
1.07071,1.59596,0.310343
1.07071,1.63636,0.234335
1.07071,1.67677,0.201137
1.07071,1.71717,0.213368
1.07071,1.75758,0.271541
1.07071,1.79798,0.373942
1.07071,1.83838,0.516634
1.07071,1.87879,0.693564
1.07071,1.91919,0.896802
1.07071,1.9596,1.11689
1.07071,2,1.34328
1.11111,-2,1.46479
1.11111,-1.9596,1.24213
1.11111,-1.91919,1.01975
1.11111,-1.87879,0.808212
1.11111,-1.83838,0.617277
1.11111,-1.79798,0.455455
1.11111,-1.75758,0.329626
1.11111,-1.71717,0.244761
1.11111,-1.67677,0.203757
1.11111,-1.63636,0.207383
1.11111,-1.59596,0.254336
1.11111,-1.55556,0.341399
1.11111,-1.51515,0.463685
1.11111,-1.47475,0.614953
1.11111,-1.43434,0.787971
1.11111,-1.39394,0.974905
1.11111,-1.35354,1.16771
1.11111,-1.31313,1.35853
1.11111,-1.27273,1.54001
1.11111,-1.23232,1.7056
1.11111,-1.19192,1.84983
1.11111,-1.15152,1.96839
1.11111,-1.11111,2.05832
1.11111,-1.07071,2.11796
1.11111,-1.0303,2.14692
1.11111,-0.989899,2.14602
1.11111,-0.949495,2.1171
1.11111,-0.909091,2.06287
1.11111,-0.868687,1.98666
1.11111,-0.828283,1.89228
1.11111,-0.787879,1.78375
1.11111,-0.747475,1.66515
1.11111,-0.707071,1.54041
1.11111,-0.666667,1.41319
1.11111,-0.626263,1.28677
1.11111,-0.585859,1.16396
1.11111,-0.545455,1.04705
1.11111,-0.505051,0.937816
1.11111,-0.464646,0.837538
1.11111,-0.424242,0.747007
1.11111,-0.383838,0.666603
1.11111,-0.343434,0.596356
1.11111,-0.30303,0.53602
1.11111,-0.262626,0.485147
1.11111,-0.222222,0.443164
1.11111,-0.181818,0.409442
1.11111,-0.141414,0.383357
1.11111,-0.10101,0.364345
1.11111,-0.0606061,0.351944
1.11111,-0.020202,0.345827
1.11111,0.020202,0.345827
1.11111,0.0606061,0.351944
1.11111,0.10101,0.364345
1.11111,0.141414,0.383357
1.11111,0.181818,0.409442
1.11111,0.222222,0.443164
1.11111,0.262626,0.485147
1.11111,0.30303,0.53602
1.11111,0.343434,0.596356
1.11111,0.383838,0.666603
1.11111,0.424242,0.747007
1.11111,0.464646,0.837538
1.11111,0.505051,0.937816
1.11111,0.545455,1.04705
1.11111,0.585859,1.16396
1.11111,0.626263,1.28677
1.11111,0.666667,1.41319
1.11111,0.707071,1.54041
1.11111,0.747475,1.66515
1.11111,0.787879,1.78375
1.11111,0.828283,1.89228
1.11111,0.868687,1.98666
1.11111,0.909091,2.06287
1.11111,0.949495,2.1171
1.11111,0.989899,2.14602
1.11111,1.0303,2.14692
1.11111,1.07071,2.11796
1.11111,1.11111,2.05832
1.11111,1.15152,1.96839
1.11111,1.19192,1.84983
1.11111,1.23232,1.7056
1.11111,1.27273,1.54001
1.11111,1.31313,1.35853
1.11111,1.35354,1.16771
1.11111,1.39394,0.974905
1.11111,1.43434,0.787971
1.11111,1.47475,0.614953
1.11111,1.51515,0.463685
1.11111,1.55556,0.341399
1.11111,1.59596,0.254336
1.11111,1.63636,0.207383
1.11111,1.67677,0.203757
1.11111,1.71717,0.244761
1.11111,1.75758,0.329626
1.11111,1.79798,0.455455
1.11111,1.83838,0.617277
1.11111,1.87879,0.808212
1.11111,1.91919,1.01975
1.11111,1.9596,1.24213
1.11111,2,1.46479
1.15152,-2,1.58608
1.15152,-1.9596,1.37058
1.15152,-1.91919,1.14938
1.15152,-1.87879,0.932902
1.15152,-1.83838,0.731043
1.15152,-1.79798,0.552745
1.15152,-1.75758,0.405574
1.15152,-1.71717,0.295418
1.15152,-1.67677,0.226266
1.15152,-1.63636,0.200108
1.15152,-1.59596,0.21693
1.15152,-1.55556,0.27481
1.15152,-1.51515,0.370107
1.15152,-1.47475,0.497717
1.15152,-1.43434,0.651391
1.15152,-1.39394,0.824085
1.15152,-1.35354,1.00832
1.15152,-1.31313,1.19657
1.15152,-1.27273,1.38155
1.15152,-1.23232,1.55658
1.15152,-1.19192,1.71578
1.15152,-1.15152,1.85429
1.15152,-1.11111,1.96839
1.15152,-1.07071,2.05558
1.15152,-1.0303,2.11453
1.15152,-0.989899,2.14509
1.15152,-0.949495,2.14814
1.15152,-0.909091,2.12544
1.15152,-0.868687,2.07953
1.15152,-0.828283,2.01346
1.15152,-0.787879,1.93067
1.15152,-0.747475,1.83476
1.15152,-0.707071,1.72936
1.15152,-0.666667,1.61798
1.15152,-0.626263,1.50386
1.15152,-0.585859,1.38993
1.15152,-0.545455,1.2787
1.15152,-0.505051,1.17224
1.15152,-0.464646,1.07221
1.15152,-0.424242,0.979821
1.15152,-0.383838,0.895907
1.15152,-0.343434,0.820952
1.15152,-0.30303,0.755158
1.15152,-0.262626,0.698502
1.15152,-0.222222,0.6508
1.15152,-0.181818,0.611766
1.15152,-0.141414,0.581071
1.15152,-0.10101,0.558389
1.15152,-0.0606061,0.54344
1.15152,-0.020202,0.53602
1.15152,0.020202,0.53602
1.15152,0.0606061,0.54344
1.15152,0.10101,0.558389
1.15152,0.141414,0.581071
1.15152,0.181818,0.611766
1.15152,0.222222,0.6508
1.15152,0.262626,0.698502
1.15152,0.30303,0.755158
1.15152,0.343434,0.820952
1.15152,0.383838,0.895907
1.15152,0.424242,0.979821
1.15152,0.464646,1.07221
1.15152,0.505051,1.17224
1.15152,0.545455,1.2787
1.15152,0.585859,1.38993
1.15152,0.626263,1.50386
1.15152,0.666667,1.61798
1.15152,0.707071,1.72936
1.15152,0.747475,1.83476
1.15152,0.787879,1.93067
1.15152,0.828283,2.01346
1.15152,0.868687,2.07953
1.15152,0.909091,2.12544
1.15152,0.949495,2.14814
1.15152,0.989899,2.14509
1.15152,1.0303,2.11453
1.15152,1.07071,2.05558
1.15152,1.11111,1.96839
1.15152,1.15152,1.85429
1.15152,1.19192,1.71578
1.15152,1.23232,1.55658
1.15152,1.27273,1.38155
1.15152,1.31313,1.19657
1.15152,1.35354,1.00832
1.15152,1.39394,0.824085
1.15152,1.43434,0.651391
1.15152,1.47475,0.497717
1.15152,1.51515,0.370107
1.15152,1.55556,0.27481
1.15152,1.59596,0.21693
1.15152,1.63636,0.200108
1.15152,1.67677,0.226266
1.15152,1.71717,0.295418
1.15152,1.75758,0.405574
1.15152,1.79798,0.552745
1.15152,1.83838,0.731043
1.15152,1.87879,0.932902
1.15152,1.91919,1.14938
1.15152,1.9596,1.37058
1.15152,2,1.58608
1.19192,-2,1.70482
1.19192,-1.9596,1.50001
1.19192,-1.91919,1.28367
1.19192,-1.87879,1.06591
1.19192,-1.83838,0.856615
1.19192,-1.79798,0.664988
1.19192,-1.75758,0.499132
1.19192,-1.71717,0.36571
1.19192,-1.67677,0.269695
1.19192,-1.63636,0.214211
1.19192,-1.59596,0.20048
1.19192,-1.55556,0.227857
1.19192,-1.51515,0.293964
1.19192,-1.47475,0.394889
1.19192,-1.43434,0.525451
1.19192,-1.39394,0.679512
1.19192,-1.35354,0.850305
1.19192,-1.31313,1.03078
1.19192,-1.27273,1.21391
1.19192,-1.23232,1.39304
1.19192,-1.19192,1.56208
1.19192,-1.15152,1.71578
1.19192,-1.11111,1.84983
1.19192,-1.07071,1.96099
1.19192,-1.0303,2.04713
1.19192,-0.989899,2.1072
1.19192,-0.949495,2.14115
1.19192,-0.909091,2.14989
1.19192,-0.868687,2.13506
1.19192,-0.828283,2.09899
1.19192,-0.787879,2.04443
1.19192,-0.747475,1.97445
1.19192,-0.707071,1.89228
1.19192,-0.666667,1.80114
1.19192,-0.626263,1.70414
1.19192,-0.585859,1.60418
1.19192,-0.545455,1.50386
1.19192,-0.505051,1.40546
1.19192,-0.464646,1.31089
1.19192,-0.424242,1.22168
1.19192,-0.383838,1.13904
1.19192,-0.343434,1.06383
1.19192,-0.30303,0.996634
1.19192,-0.262626,0.937816
1.19192,-0.222222,0.887543
1.19192,-0.181818,0.845848
1.19192,-0.141414,0.812678
1.19192,-0.10101,0.787935
1.19192,-0.0606061,0.771514
1.19192,-0.020202,0.763328
1.19192,0.020202,0.763328
1.19192,0.0606061,0.771514
1.19192,0.10101,0.787935
1.19192,0.141414,0.812678
1.19192,0.181818,0.845848
1.19192,0.222222,0.887543
1.19192,0.262626,0.937816
1.19192,0.30303,0.996634
1.19192,0.343434,1.06383
1.19192,0.383838,1.13904
1.19192,0.424242,1.22168
1.19192,0.464646,1.31089
1.19192,0.505051,1.40546
1.19192,0.545455,1.50386
1.19192,0.585859,1.60418
1.19192,0.626263,1.70414
1.19192,0.666667,1.80114
1.19192,0.707071,1.89228
1.19192,0.747475,1.97445
1.19192,0.787879,2.04443
1.19192,0.828283,2.09899
1.19192,0.868687,2.13506
1.19192,0.909091,2.14989
1.19192,0.949495,2.14115
1.19192,0.989899,2.1072
1.19192,1.0303,2.04713
1.19192,1.07071,1.96099
1.19192,1.11111,1.84983
1.19192,1.15152,1.71578
1.19192,1.19192,1.56208
1.19192,1.23232,1.39304
1.19192,1.27273,1.21391
1.19192,1.31313,1.03078
1.19192,1.35354,0.850305
1.19192,1.39394,0.679512
1.19192,1.43434,0.525451
1.19192,1.47475,0.394889
1.19192,1.51515,0.293964
1.19192,1.55556,0.227857
1.19192,1.59596,0.20048
1.19192,1.63636,0.214211
1.19192,1.67677,0.269695
1.19192,1.71717,0.36571
1.19192,1.75758,0.499132
1.19192,1.79798,0.664988
1.19192,1.83838,0.856615
1.19192,1.87879,1.06591
1.19192,1.91919,1.28367
1.19192,1.9596,1.50001
1.19192,2,1.70482
1.23232,-2,1.8185
1.23232,-1.9596,1.6279
1.23232,-1.91919,1.42022
1.23232,-1.87879,1.20508
1.23232,-1.83838,0.992184
1.23232,-1.79798,0.79083
1.23232,-1.75758,0.609491
1.23232,-1.71717,0.455455
1.23232,-1.67677,0.334541
1.23232,-1.63636,0.250901
1.23232,-1.59596,0.206915
1.23232,-1.55556,0.203171
1.23232,-1.51515,0.238546
1.23232,-1.47475,0.310343
1.23232,-1.43434,0.414514
1.23232,-1.39394,0.54592
1.23232,-1.35354,0.698622
1.23232,-1.31313,0.866199
1.23232,-1.27273,1.04205
1.23232,-1.23232,1.2197
1.23232,-1.19192,1.39304
1.23232,-1.15152,1.55658
1.23232,-1.11111,1.7056
1.23232,-1.07071,1.83629
1.23232,-1.0303,1.94582
1.23232,-0.989899,2.03234
1.23232,-0.949495,2.09498
1.23232,-0.909091,2.13378
1.23232,-0.868687,2.14959
1.23232,-0.828283,2.14393
1.23232,-0.787879,2.11887
1.23232,-0.747475,2.07688
1.23232,-0.707071,2.02068
1.23232,-0.666667,1.95315
1.23232,-0.626263,1.87713
1.23232,-0.585859,1.79539
1.23232,-0.545455,1.7105
1.23232,-0.505051,1.62482
1.23232,-0.464646,1.54041
1.23232,-0.424242,1.45902
1.23232,-0.383838,1.38213
1.23232,-0.343434,1.31089
1.23232,-0.30303,1.24621
1.23232,-0.262626,1.18877
1.23232,-0.222222,1.13904
1.23232,-0.181818,1.09732
1.23232,-0.141414,1.06383
1.23232,-0.10101,1.03865
1.23232,-0.0606061,1.02185
1.23232,-0.020202,1.01344
1.23232,0.020202,1.01344
1.23232,0.0606061,1.02185
1.23232,0.10101,1.03865
1.23232,0.141414,1.06383
1.23232,0.181818,1.09732
1.23232,0.222222,1.13904
1.23232,0.262626,1.18877
1.23232,0.30303,1.24621
1.23232,0.343434,1.31089
1.23232,0.383838,1.38213
1.23232,0.424242,1.45902
1.23232,0.464646,1.54041
1.23232,0.505051,1.62482
1.23232,0.545455,1.7105
1.23232,0.585859,1.79539
1.23232,0.626263,1.87713
1.23232,0.666667,1.95315
1.23232,0.707071,2.02068
1.23232,0.747475,2.07688
1.23232,0.787879,2.11887
1.23232,0.828283,2.14393
1.23232,0.868687,2.14959
1.23232,0.909091,2.13378
1.23232,0.949495,2.09498
1.23232,0.989899,2.03234
1.23232,1.0303,1.94582
1.23232,1.07071,1.83629
1.23232,1.11111,1.7056
1.23232,1.15152,1.55658
1.23232,1.19192,1.39304
1.23232,1.23232,1.2197
1.23232,1.27273,1.04205
1.23232,1.31313,0.866199
1.23232,1.35354,0.698622
1.23232,1.39394,0.54592
1.23232,1.43434,0.414514
1.23232,1.47475,0.310343
1.23232,1.51515,0.238546
1.23232,1.55556,0.203171
1.23232,1.59596,0.206915
1.23232,1.63636,0.250901
1.23232,1.67677,0.334541
1.23232,1.71717,0.455455
1.23232,1.75758,0.609491
1.23232,1.79798,0.79083
1.23232,1.83838,0.992184
1.23232,1.87879,1.20508
1.23232,1.91919,1.42022
1.23232,1.9596,1.6279
1.23232,2,1.8185
1.27273,-2,1.92444
1.27273,-1.9596,1.75151
1.27273,-1.91919,1.5563
1.27273,-1.87879,1.34784
1.27273,-1.83838,1.13546
1.27273,-1.79798,0.928372
1.27273,-1.75758,0.735256
1.27273,-1.71717,0.563854
1.27273,-1.67677,0.420683
1.27273,-1.63636,0.310792
1.27273,-1.59596,0.237617
1.27273,-1.55556,0.202911
1.27273,-1.51515,0.206763
1.27273,-1.47475,0.247696
1.27273,-1.43434,0.322828
1.27273,-1.39394,0.428085
1.27273,-1.35354,0.558459
1.27273,-1.31313,0.708283
1.27273,-1.27273,0.871523
1.27273,-1.23232,1.04205
1.27273,-1.19192,1.21391
1.27273,-1.15152,1.38155
1.27273,-1.11111,1.54001
1.27273,-1.07071,1.68504
1.27273,-1.0303,1.81327
1.27273,-0.989899,1.92218
1.27273,-0.949495,2.01017
1.27273,-0.909091,2.07649
1.27273,-0.868687,2.12121
1.27273,-0.828283,2.14509
1.27273,-0.787879,2.14949
1.27273,-0.747475,2.13624
1.27273,-0.707071,2.10753
1.27273,-0.666667,2.06577
1.27273,-0.626263,2.01346
1.27273,-0.585859,1.95315
1.27273,-0.545455,1.88727
1.27273,-0.505051,1.81814
1.27273,-0.464646,1.74786
1.27273,-0.424242,1.6783
1.27273,-0.383838,1.6111
1.27273,-0.343434,1.54763
1.27273,-0.30303,1.48903
1.27273,-0.262626,1.43623
1.27273,-0.222222,1.38993
1.27273,-0.181818,1.35068
1.27273,-0.141414,1.31889
1.27273,-0.10101,1.29483
1.27273,-0.0606061,1.2787
1.27273,-0.020202,1.2706
1.27273,0.020202,1.2706
1.27273,0.0606061,1.2787
1.27273,0.10101,1.29483
1.27273,0.141414,1.31889
1.27273,0.181818,1.35068
1.27273,0.222222,1.38993
1.27273,0.262626,1.43623
1.27273,0.30303,1.48903
1.27273,0.343434,1.54763
1.27273,0.383838,1.6111
1.27273,0.424242,1.6783
1.27273,0.464646,1.74786
1.27273,0.505051,1.81814
1.27273,0.545455,1.88727
1.27273,0.585859,1.95315
1.27273,0.626263,2.01346
1.27273,0.666667,2.06577
1.27273,0.707071,2.10753
1.27273,0.747475,2.13624
1.27273,0.787879,2.14949
1.27273,0.828283,2.14509
1.27273,0.868687,2.12121
1.27273,0.909091,2.07649
1.27273,0.949495,2.01017
1.27273,0.989899,1.92218
1.27273,1.0303,1.81327
1.27273,1.07071,1.68504
1.27273,1.11111,1.54001
1.27273,1.15152,1.38155
1.27273,1.19192,1.21391
1.27273,1.23232,1.04205
1.27273,1.27273,0.871523
1.27273,1.31313,0.708283
1.27273,1.35354,0.558459
1.27273,1.39394,0.428085
1.27273,1.43434,0.322828
1.27273,1.47475,0.247696
1.27273,1.51515,0.206763
1.27273,1.55556,0.202911
1.27273,1.59596,0.237617
1.27273,1.63636,0.310792
1.27273,1.67677,0.420683
1.27273,1.71717,0.563854
1.27273,1.75758,0.735256
1.27273,1.79798,0.928372
1.27273,1.83838,1.13546
1.27273,1.87879,1.34784
1.27273,1.91919,1.5563
1.27273,1.9596,1.75151
1.27273,2,1.92444
1.31313,-2,2.0199
1.31313,-1.9596,1.86789
1.31313,-1.91919,1.68892
1.31313,-1.87879,1.49124
1.31313,-1.83838,1.28367
1.31313,-1.79798,1.07517
1.31313,-1.75758,0.874416
1.31313,-1.71717,0.68945
1.31313,-1.67677,0.527315
1.31313,-1.63636,0.393813
1.31313,-1.59596,0.293307
1.31313,-1.55556,0.228619
1.31313,-1.51515,0.200991
1.31313,-1.47475,0.210134
1.31313,-1.43434,0.254336
1.31313,-1.39394,0.330632
1.31313,-1.35354,0.435015
1.31313,-1.31313,0.562681
1.31313,-1.27273,0.708283
1.31313,-1.23232,0.866199
1.31313,-1.19192,1.03078
1.31313,-1.15152,1.19657
1.31313,-1.11111,1.35853
1.31313,-1.07071,1.51217
1.31313,-1.0303,1.6537
1.31313,-0.989899,1.78008
1.31313,-0.949495,1.88908
1.31313,-0.909091,1.97927
1.31313,-0.868687,2.04998
1.31313,-0.828283,2.10127
1.31313,-0.787879,2.13378
1.31313,-0.747475,2.14872
1.31313,-0.707071,2.14768
1.31313,-0.666667,2.13256
1.31313,-0.626263,2.10547
1.31313,-0.585859,2.06862
1.31313,-0.545455,2.02422
1.31313,-0.505051,1.97445
1.31313,-0.464646,1.92135
1.31313,-0.424242,1.8668
1.31313,-0.383838,1.81252
1.31313,-0.343434,1.75999
1.31313,-0.30303,1.7105
1.31313,-0.262626,1.66515
1.31313,-0.222222,1.62482
1.31313,-0.181818,1.59024
1.31313,-0.141414,1.56196
1.31313,-0.10101,1.54041
1.31313,-0.0606061,1.52588
1.31313,-0.020202,1.51857
1.31313,0.020202,1.51857
1.31313,0.0606061,1.52588
1.31313,0.10101,1.54041
1.31313,0.141414,1.56196
1.31313,0.181818,1.59024
1.31313,0.222222,1.62482
1.31313,0.262626,1.66515
1.31313,0.30303,1.7105
1.31313,0.343434,1.75999
1.31313,0.383838,1.81252
1.31313,0.424242,1.8668
1.31313,0.464646,1.92135
1.31313,0.505051,1.97445
1.31313,0.545455,2.02422
1.31313,0.585859,2.06862
1.31313,0.626263,2.10547
1.31313,0.666667,2.13256
1.31313,0.707071,2.14768
1.31313,0.747475,2.14872
1.31313,0.787879,2.13378
1.31313,0.828283,2.10127
1.31313,0.868687,2.04998
1.31313,0.909091,1.97927
1.31313,0.949495,1.88908
1.31313,0.989899,1.78008
1.31313,1.0303,1.6537
1.31313,1.07071,1.51217
1.31313,1.11111,1.35853
1.31313,1.15152,1.19657
1.31313,1.19192,1.03078
1.31313,1.23232,0.866199
1.31313,1.27273,0.708283
1.31313,1.31313,0.562681
1.31313,1.35354,0.435015
1.31313,1.39394,0.330632
1.31313,1.43434,0.254336
1.31313,1.47475,0.210134
1.31313,1.51515,0.200991
1.31313,1.55556,0.228619
1.31313,1.59596,0.293307
1.31313,1.63636,0.393813
1.31313,1.67677,0.527315
1.31313,1.71717,0.68945
1.31313,1.75758,0.874416
1.31313,1.79798,1.07517
1.31313,1.83838,1.28367
1.31313,1.87879,1.49124
1.31313,1.91919,1.68892
1.31313,1.9596,1.86789
1.31313,2,2.0199
1.35354,-2,2.10213
1.35354,-1.9596,1.97402
1.35354,-1.91919,1.81488
1.35354,-1.87879,1.63204
1.35354,-1.83838,1.43365
1.35354,-1.79798,1.22825
1.35354,-1.75758,1.02436
1.35354,-1.71717,0.830108
1.35354,-1.67677,0.652904
1.35354,-1.63636,0.499132
1.35354,-1.59596,0.373942
1.35354,-1.55556,0.281103
1.35354,-1.51515,0.222919
1.35354,-1.47475,0.200233
1.35354,-1.43434,0.21248
1.35354,-1.39394,0.257817
1.35354,-1.35354,0.333285
1.35354,-1.31313,0.435015
1.35354,-1.27273,0.558459
1.35354,-1.23232,0.698622
1.35354,-1.19192,0.850305
1.35354,-1.15152,1.00832
1.35354,-1.11111,1.16771
1.35354,-1.07071,1.3239
1.35354,-1.0303,1.47282
1.35354,-0.989899,1.61107
1.35354,-0.949495,1.73591
1.35354,-0.909091,1.84534
1.35354,-0.868687,1.93805
1.35354,-0.828283,2.01343
1.35354,-0.787879,2.07149
1.35354,-0.747475,2.11276
1.35354,-0.707071,2.13826
1.35354,-0.666667,2.14935
1.35354,-0.626263,2.14768
1.35354,-0.585859,2.13506
1.35354,-0.545455,2.11342
1.35354,-0.505051,2.08469
1.35354,-0.464646,2.05077
1.35354,-0.424242,2.01346
1.35354,-0.383838,1.97445
1.35354,-0.343434,1.93526
1.35354,-0.30303,1.89724
1.35354,-0.262626,1.86157
1.35354,-0.222222,1.82926
1.35354,-0.181818,1.80114
1.35354,-0.141414,1.77787
1.35354,-0.10101,1.75999
1.35354,-0.0606061,1.74786
1.35354,-0.020202,1.74173
1.35354,0.020202,1.74173
1.35354,0.0606061,1.74786
1.35354,0.10101,1.75999
1.35354,0.141414,1.77787
1.35354,0.181818,1.80114
1.35354,0.222222,1.82926
1.35354,0.262626,1.86157
1.35354,0.30303,1.89724
1.35354,0.343434,1.93526
1.35354,0.383838,1.97445
1.35354,0.424242,2.01346
1.35354,0.464646,2.05077
1.35354,0.505051,2.08469
1.35354,0.545455,2.11342
1.35354,0.585859,2.13506
1.35354,0.626263,2.14768
1.35354,0.666667,2.14935
1.35354,0.707071,2.13826
1.35354,0.747475,2.11276
1.35354,0.787879,2.07149
1.35354,0.828283,2.01343
1.35354,0.868687,1.93805
1.35354,0.909091,1.84534
1.35354,0.949495,1.73591
1.35354,0.989899,1.61107
1.35354,1.0303,1.47282
1.35354,1.07071,1.3239
1.35354,1.11111,1.16771
1.35354,1.15152,1.00832
1.35354,1.19192,0.850305
1.35354,1.23232,0.698622
1.35354,1.27273,0.558459
1.35354,1.31313,0.435015
1.35354,1.35354,0.333285
1.35354,1.39394,0.257817
1.35354,1.43434,0.21248
1.35354,1.47475,0.200233
1.35354,1.51515,0.222919
1.35354,1.55556,0.281103
1.35354,1.59596,0.373942
1.35354,1.63636,0.499132
1.35354,1.67677,0.652904
1.35354,1.71717,0.830108
1.35354,1.75758,1.02436
1.35354,1.79798,1.22825
1.35354,1.83838,1.43365
1.35354,1.87879,1.63204
1.35354,1.91919,1.81488
1.35354,1.9596,1.97402
1.35354,2,2.10213
1.39394,-2,2.16848
1.39394,-1.9596,2.06687
1.39394,-1.91919,1.93083
1.39394,-1.87879,1.76672
1.39394,-1.83838,1.58185
1.39394,-1.79798,1.38417
1.39394,-1.75758,1.18188
1.39394,-1.71717,0.983021
1.39394,-1.67677,0.795164
1.39394,-1.63636,0.625111
1.39394,-1.59596,0.478638
1.39394,-1.55556,0.360319
1.39394,-1.51515,0.273408
1.39394,-1.47475,0.219794
1.39394,-1.43434,0.20001
1.39394,-1.39394,0.213316
1.39394,-1.35354,0.257817
1.39394,-1.31313,0.330632
1.39394,-1.27273,0.428085
1.39394,-1.23232,0.54592
1.39394,-1.19192,0.679512
1.39394,-1.15152,0.824085
1.39394,-1.11111,0.974905
1.39394,-1.07071,1.12746
1.39394,-1.0303,1.2776
1.39394,-0.989899,1.42167
1.39394,-0.949495,1.55658
1.39394,-0.909091,1.67986
1.39394,-0.868687,1.78967
1.39394,-0.828283,1.88482
1.39394,-0.787879,1.96471
1.39394,-0.747475,2.02927
1.39394,-0.707071,2.07894
1.39394,-0.666667,2.11453
1.39394,-0.626263,2.1372
1.39394,-0.585859,2.14834
1.39394,-0.545455,2.14949
1.39394,-0.505051,2.1423
1.39394,-0.464646,2.12844
1.39394,-0.424242,2.10955
1.39394,-0.383838,2.0872
1.39394,-0.343434,2.06287
1.39394,-0.30303,2.03789
1.39394,-0.262626,2.01346
1.39394,-0.222222,1.99063
1.39394,-0.181818,1.97028
1.39394,-0.141414,1.95315
1.39394,-0.10101,1.9398
1.39394,-0.0606061,1.93067
1.39394,-0.020202,1.92603
1.39394,0.020202,1.92603
1.39394,0.0606061,1.93067
1.39394,0.10101,1.9398
1.39394,0.141414,1.95315
1.39394,0.181818,1.97028
1.39394,0.222222,1.99063
1.39394,0.262626,2.01346
1.39394,0.30303,2.03789
1.39394,0.343434,2.06287
1.39394,0.383838,2.0872
1.39394,0.424242,2.10955
1.39394,0.464646,2.12844
1.39394,0.505051,2.1423
1.39394,0.545455,2.14949
1.39394,0.585859,2.14834
1.39394,0.626263,2.1372
1.39394,0.666667,2.11453
1.39394,0.707071,2.07894
1.39394,0.747475,2.02927
1.39394,0.787879,1.96471
1.39394,0.828283,1.88482
1.39394,0.868687,1.78967
1.39394,0.909091,1.67986
1.39394,0.949495,1.55658
1.39394,0.989899,1.42167
1.39394,1.0303,1.2776
1.39394,1.07071,1.12746
1.39394,1.11111,0.974905
1.39394,1.15152,0.824085
1.39394,1.19192,0.679512
1.39394,1.23232,0.54592
1.39394,1.27273,0.428085
1.39394,1.31313,0.330632
1.39394,1.35354,0.257817
1.39394,1.39394,0.213316
1.39394,1.43434,0.20001
1.39394,1.47475,0.219794
1.39394,1.51515,0.273408
1.39394,1.55556,0.360319
1.39394,1.59596,0.478638
1.39394,1.63636,0.625111
1.39394,1.67677,0.795164
1.39394,1.71717,0.983021
1.39394,1.75758,1.18188
1.39394,1.79798,1.38417
1.39394,1.83838,1.58185
1.39394,1.87879,1.76672
1.39394,1.91919,1.93083
1.39394,1.9596,2.06687
1.39394,2,2.16848
1.43434,-2,2.2165
1.43434,-1.9596,2.14348
1.43434,-1.91919,2.03345
1.43434,-1.87879,1.89164
1.43434,-1.83838,1.72446
1.43434,-1.79798,1.53911
1.43434,-1.75758,1.34328
1.43434,-1.71717,1.14474
1.43434,-1.67677,0.951068
1.43434,-1.63636,0.769284
1.43434,-1.59596,0.605617
1.43434,-1.55556,0.465293
1.43434,-1.51515,0.352377
1.43434,-1.47475,0.269695
1.43434,-1.43434,0.218801
1.43434,-1.39394,0.20001
1.43434,-1.35354,0.21248
1.43434,-1.31313,0.254336
1.43434,-1.27273,0.322828
1.43434,-1.23232,0.414514
1.43434,-1.19192,0.525451
1.43434,-1.15152,0.651391
1.43434,-1.11111,0.787971
1.43434,-1.07071,0.930887
1.43434,-1.0303,1.07605
1.43434,-0.989899,1.2197
1.43434,-0.949495,1.35853
1.43434,-0.909091,1.48974
1.43434,-0.868687,1.61107
1.43434,-0.828283,1.72084
1.43434,-0.787879,1.81792
1.43434,-0.747475,1.9017
1.43434,-0.707071,1.97205
1.43434,-0.666667,2.02927
1.43434,-0.626263,2.07401
1.43434,-0.585859,2.1072
1.43434,-0.545455,2.12998
1.43434,-0.505051,2.14365
1.43434,-0.464646,2.14959
1.43434,-0.424242,2.14922
1.43434,-0.383838,2.14393
1.43434,-0.343434,2.13506
1.43434,-0.30303,2.12387
1.43434,-0.262626,2.11151
1.43434,-0.222222,2.09899
1.43434,-0.181818,2.0872
1.43434,-0.141414,2.07688
1.43434,-0.10101,2.06862
1.43434,-0.0606061,2.06287
1.43434,-0.020202,2.05992
1.43434,0.020202,2.05992
1.43434,0.0606061,2.06287
1.43434,0.10101,2.06862
1.43434,0.141414,2.07688
1.43434,0.181818,2.0872
1.43434,0.222222,2.09899
1.43434,0.262626,2.11151
1.43434,0.30303,2.12387
1.43434,0.343434,2.13506
1.43434,0.383838,2.14393
1.43434,0.424242,2.14922
1.43434,0.464646,2.14959
1.43434,0.505051,2.14365
1.43434,0.545455,2.12998
1.43434,0.585859,2.1072
1.43434,0.626263,2.07401
1.43434,0.666667,2.02927
1.43434,0.707071,1.97205
1.43434,0.747475,1.9017
1.43434,0.787879,1.81792
1.43434,0.828283,1.72084
1.43434,0.868687,1.61107
1.43434,0.909091,1.48974
1.43434,0.949495,1.35853
1.43434,0.989899,1.2197
1.43434,1.0303,1.07605
1.43434,1.07071,0.930887
1.43434,1.11111,0.787971
1.43434,1.15152,0.651391
1.43434,1.19192,0.525451
1.43434,1.23232,0.414514
1.43434,1.27273,0.322828
1.43434,1.31313,0.254336
1.43434,1.35354,0.21248
1.43434,1.39394,0.20001
1.43434,1.43434,0.218801
1.43434,1.47475,0.269695
1.43434,1.51515,0.352377
1.43434,1.55556,0.465293
1.43434,1.59596,0.605617
1.43434,1.63636,0.769284
1.43434,1.67677,0.951068
1.43434,1.71717,1.14474
1.43434,1.75758,1.34328
1.43434,1.79798,1.53911
1.43434,1.83838,1.72446
1.43434,1.87879,1.89164
1.43434,1.91919,2.03345
1.43434,1.9596,2.14348
1.43434,2,2.2165
1.47475,-2,2.24401
1.47475,-1.9596,2.2011
1.47475,-1.91919,2.11945
1.47475,-1.87879,2.00314
1.47475,-1.83838,1.85752
1.47475,-1.79798,1.68892
1.47475,-1.75758,1.50438
1.47475,-1.71717,1.31125
1.47475,-1.67677,1.11689
1.47475,-1.63636,0.928372
1.47475,-1.59596,0.752199
1.47475,-1.55556,0.594071
1.47475,-1.51515,0.458718
1.47475,-1.47475,0.349769
1.47475,-1.43434,0.269695
1.47475,-1.39394,0.219794
1.47475,-1.35354,0.200233
1.47475,-1.31313,0.210134
1.47475,-1.27273,0.247696
1.47475,-1.23232,0.310343
1.47475,-1.19192,0.394889
1.47475,-1.15152,0.497717
1.47475,-1.11111,0.614953
1.47475,-1.07071,0.742634
1.47475,-1.0303,0.876859
1.47475,-0.989899,1.01393
1.47475,-0.949495,1.15044
1.47475,-0.909091,1.28339
1.47475,-0.868687,1.41024
1.47475,-0.828283,1.5289
1.47475,-0.787879,1.63782
1.47475,-0.747475,1.73591
1.47475,-0.707071,1.82255
1.47475,-0.666667,1.89752
1.47475,-0.626263,1.96099
1.47475,-0.585859,2.01343
1.47475,-0.545455,2.05558
1.47475,-0.505051,2.08834
1.47475,-0.464646,2.11276
1.47475,-0.424242,2.12998
1.47475,-0.383838,2.14115
1.47475,-0.343434,2.14744
1.47475,-0.30303,2.14995
1.47475,-0.262626,2.14971
1.47475,-0.222222,2.14768
1.47475,-0.181818,2.14468
1.47475,-0.141414,2.14141
1.47475,-0.10101,2.13846
1.47475,-0.0606061,2.13624
1.47475,-0.020202,2.13506
1.47475,0.020202,2.13506
1.47475,0.0606061,2.13624
1.47475,0.10101,2.13846
1.47475,0.141414,2.14141
1.47475,0.181818,2.14468
1.47475,0.222222,2.14768
1.47475,0.262626,2.14971
1.47475,0.30303,2.14995
1.47475,0.343434,2.14744
1.47475,0.383838,2.14115
1.47475,0.424242,2.12998
1.47475,0.464646,2.11276
1.47475,0.505051,2.08834
1.47475,0.545455,2.05558
1.47475,0.585859,2.01343
1.47475,0.626263,1.96099
1.47475,0.666667,1.89752
1.47475,0.707071,1.82255
1.47475,0.747475,1.73591
1.47475,0.787879,1.63782
1.47475,0.828283,1.5289
1.47475,0.868687,1.41024
1.47475,0.909091,1.28339
1.47475,0.949495,1.15044
1.47475,0.989899,1.01393
1.47475,1.0303,0.876859
1.47475,1.07071,0.742634
1.47475,1.11111,0.614953
1.47475,1.15152,0.497717
1.47475,1.19192,0.394889
1.47475,1.23232,0.310343
1.47475,1.27273,0.247696
1.47475,1.31313,0.210134
1.47475,1.35354,0.200233
1.47475,1.39394,0.219794
1.47475,1.43434,0.269695
1.47475,1.47475,0.349769
1.47475,1.51515,0.458718
1.47475,1.55556,0.594071
1.47475,1.59596,0.752199
1.47475,1.63636,0.928372
1.47475,1.67677,1.11689
1.47475,1.71717,1.31125
1.47475,1.75758,1.50438
1.47475,1.79798,1.68892
1.47475,1.83838,1.85752
1.47475,1.87879,2.00314
1.47475,1.91919,2.11945
1.47475,1.9596,2.2011
1.47475,2,2.24401
1.51515,-2,2.24927
1.51515,-1.9596,2.23731
1.51515,-1.91919,2.18582
1.51515,-1.87879,2.09763
1.51515,-1.83838,1.977
1.51515,-1.79798,1.82929
1.51515,-1.75758,1.66072
1.51515,-1.71717,1.47804
1.51515,-1.67677,1.28827
1.51515,-1.63636,1.09833
1.51515,-1.59596,0.914811
1.51515,-1.55556,0.743709
1.51515,-1.51515,0.590248
1.51515,-1.47475,0.458718
1.51515,-1.43434,0.352377
1.51515,-1.39394,0.273408
1.51515,-1.35354,0.222919
1.51515,-1.31313,0.200991
1.51515,-1.27273,0.206763
1.51515,-1.23232,0.238546
1.51515,-1.19192,0.293964
1.51515,-1.15152,0.370107
1.51515,-1.11111,0.463685
1.51515,-1.07071,0.571187
1.51515,-1.0303,0.689031
1.51515,-0.989899,0.813694
1.51515,-0.949495,0.94183
1.51515,-0.909091,1.07036
1.51515,-0.868687,1.19657
1.51515,-0.828283,1.31811
1.51515,-0.787879,1.43309
1.51515,-0.747475,1.54001
1.51515,-0.707071,1.63782
1.51515,-0.666667,1.72588
1.51515,-0.626263,1.80389
1.51515,-0.585859,1.87189
1.51515,-0.545455,1.93017
1.51515,-0.505051,1.97927
1.51515,-0.464646,2.01987
1.51515,-0.424242,2.0528
1.51515,-0.383838,2.07894
1.51515,-0.343434,2.09921
1.51515,-0.30303,2.11453
1.51515,-0.262626,2.12579
1.51515,-0.222222,2.13378
1.51515,-0.181818,2.13927
1.51515,-0.141414,2.14286
1.51515,-0.10101,2.14509
1.51515,-0.0606061,2.14636
1.51515,-0.020202,2.14692
1.51515,0.020202,2.14692
1.51515,0.0606061,2.14636
1.51515,0.10101,2.14509
1.51515,0.141414,2.14286
1.51515,0.181818,2.13927
1.51515,0.222222,2.13378
1.51515,0.262626,2.12579
1.51515,0.30303,2.11453
1.51515,0.343434,2.09921
1.51515,0.383838,2.07894
1.51515,0.424242,2.0528
1.51515,0.464646,2.01987
1.51515,0.505051,1.97927
1.51515,0.545455,1.93017
1.51515,0.585859,1.87189
1.51515,0.626263,1.80389
1.51515,0.666667,1.72588
1.51515,0.707071,1.63782
1.51515,0.747475,1.54001
1.51515,0.787879,1.43309
1.51515,0.828283,1.31811
1.51515,0.868687,1.19657
1.51515,0.909091,1.07036
1.51515,0.949495,0.94183
1.51515,0.989899,0.813694
1.51515,1.0303,0.689031
1.51515,1.07071,0.571187
1.51515,1.11111,0.463685
1.51515,1.15152,0.370107
1.51515,1.19192,0.293964
1.51515,1.23232,0.238546
1.51515,1.27273,0.206763
1.51515,1.31313,0.200991
1.51515,1.35354,0.222919
1.51515,1.39394,0.273408
1.51515,1.43434,0.352377
1.51515,1.47475,0.458718
1.51515,1.51515,0.590248
1.51515,1.55556,0.743709
1.51515,1.59596,0.914811
1.51515,1.63636,1.09833
1.51515,1.67677,1.28827
1.51515,1.71717,1.47804
1.51515,1.75758,1.66072
1.51515,1.79798,1.82929
1.51515,1.83838,1.977
1.51515,1.87879,2.09763
1.51515,1.91919,2.18582
1.51515,1.9596,2.23731
1.51515,2,2.24927
1.55556,-2,2.23101
1.55556,-1.9596,2.25012
1.55556,-1.91919,2.22984
1.55556,-1.87879,2.17178
1.55556,-1.83838,2.07902
1.55556,-1.79798,1.95586
1.55556,-1.75758,1.8076
1.55556,-1.71717,1.64028
1.55556,-1.67677,1.46036
1.55556,-1.63636,1.27446
1.55556,-1.59596,1.08906
1.55556,-1.55556,0.910301
1.55556,-1.51515,0.743709
1.55556,-1.47475,0.594071
1.55556,-1.43434,0.465293
1.55556,-1.39394,0.360319
1.55556,-1.35354,0.281103
1.55556,-1.31313,0.228619
1.55556,-1.27273,0.202911
1.55556,-1.23232,0.203171
1.55556,-1.19192,0.227857
1.55556,-1.15152,0.27481
1.55556,-1.11111,0.341399
1.55556,-1.07071,0.424656
1.55556,-1.0303,0.521423
1.55556,-0.989899,0.628473
1.55556,-0.949495,0.742634
1.55556,-0.909091,0.860888
1.55556,-0.868687,0.980452
1.55556,-0.828283,1.09884
1.55556,-0.787879,1.21391
1.55556,-0.747475,1.3239
1.55556,-0.707071,1.42738
1.55556,-0.666667,1.52334
1.55556,-0.626263,1.61107
1.55556,-0.585859,1.69021
1.55556,-0.545455,1.76065
1.55556,-0.505051,1.82255
1.55556,-0.464646,1.87623
1.55556,-0.424242,1.92218
1.55556,-0.383838,1.96099
1.55556,-0.343434,1.99332
1.55556,-0.30303,2.01987
1.55556,-0.262626,2.04132
1.55556,-0.222222,2.05832
1.55556,-0.181818,2.07149
1.55556,-0.141414,2.08135
1.55556,-0.10101,2.08834
1.55556,-0.0606061,2.0928
1.55556,-0.020202,2.09498
1.55556,0.020202,2.09498
1.55556,0.0606061,2.0928
1.55556,0.10101,2.08834
1.55556,0.141414,2.08135
1.55556,0.181818,2.07149
1.55556,0.222222,2.05832
1.55556,0.262626,2.04132
1.55556,0.30303,2.01987
1.55556,0.343434,1.99332
1.55556,0.383838,1.96099
1.55556,0.424242,1.92218
1.55556,0.464646,1.87623
1.55556,0.505051,1.82255
1.55556,0.545455,1.76065
1.55556,0.585859,1.69021
1.55556,0.626263,1.61107
1.55556,0.666667,1.52334
1.55556,0.707071,1.42738
1.55556,0.747475,1.3239
1.55556,0.787879,1.21391
1.55556,0.828283,1.09884
1.55556,0.868687,0.980452
1.55556,0.909091,0.860888
1.55556,0.949495,0.742634
1.55556,0.989899,0.628473
1.55556,1.0303,0.521423
1.55556,1.07071,0.424656
1.55556,1.11111,0.341399
1.55556,1.15152,0.27481
1.55556,1.19192,0.227857
1.55556,1.23232,0.203171
1.55556,1.27273,0.202911
1.55556,1.31313,0.228619
1.55556,1.35354,0.281103
1.55556,1.39394,0.360319
1.55556,1.43434,0.465293
1.55556,1.47475,0.594071
1.55556,1.51515,0.743709
1.55556,1.55556,0.910301
1.55556,1.59596,1.08906
1.55556,1.63636,1.27446
1.55556,1.67677,1.46036
1.55556,1.71717,1.64028
1.55556,1.75758,1.8076
1.55556,1.79798,1.95586
1.55556,1.83838,2.07902
1.55556,1.87879,2.17178
1.55556,1.91919,2.22984
1.55556,1.9596,2.25012
1.55556,2,2.23101
1.59596,-2,2.18856
1.59596,-1.9596,2.23808
1.59596,-1.91919,2.2493
1.59596,-1.87879,2.22263
1.59596,-1.83838,2.15993
1.59596,-1.79798,2.06439
1.59596,-1.75758,1.94032
1.59596,-1.71717,1.7929
1.59596,-1.67677,1.6279
1.59596,-1.63636,1.45148
1.59596,-1.59596,1.26984
1.59596,-1.55556,1.08906
1.59596,-1.51515,0.914811
1.59596,-1.47475,0.752199
1.59596,-1.43434,0.605617
1.59596,-1.39394,0.478638
1.59596,-1.35354,0.373942
1.59596,-1.31313,0.293307
1.59596,-1.27273,0.237617
1.59596,-1.23232,0.206915
1.59596,-1.19192,0.20048
1.59596,-1.15152,0.21693
1.59596,-1.11111,0.254336
1.59596,-1.07071,0.310343
1.59596,-1.0303,0.382298
1.59596,-0.989899,0.467374
1.59596,-0.949495,0.562681
1.59596,-0.909091,0.665368
1.59596,-0.868687,0.772718
1.59596,-0.828283,0.882208
1.59596,-0.787879,0.991574
1.59596,-0.747475,1.09884
1.59596,-0.707071,1.20235
1.59596,-0.666667,1.30076
1.59596,-0.626263,1.39304
1.59596,-0.585859,1.47847
1.59596,-0.545455,1.55658
1.59596,-0.505051,1.62716
1.59596,-0.464646,1.69021
1.59596,-0.424242,1.74587
1.59596,-0.383838,1.79443
1.59596,-0.343434,1.83629
1.59596,-0.30303,1.87189
1.59596,-0.262626,1.9017
1.59596,-0.222222,1.92619
1.59596,-0.181818,1.94582
1.59596,-0.141414,1.96099
1.59596,-0.10101,1.97205
1.59596,-0.0606061,1.97927
1.59596,-0.020202,1.98283
1.59596,0.020202,1.98283
1.59596,0.0606061,1.97927
1.59596,0.10101,1.97205
1.59596,0.141414,1.96099
1.59596,0.181818,1.94582
1.59596,0.222222,1.92619
1.59596,0.262626,1.9017
1.59596,0.30303,1.87189
1.59596,0.343434,1.83629
1.59596,0.383838,1.79443
1.59596,0.424242,1.74587
1.59596,0.464646,1.69021
1.59596,0.505051,1.62716
1.59596,0.545455,1.55658
1.59596,0.585859,1.47847
1.59596,0.626263,1.39304
1.59596,0.666667,1.30076
1.59596,0.707071,1.20235
1.59596,0.747475,1.09884
1.59596,0.787879,0.991574
1.59596,0.828283,0.882208
1.59596,0.868687,0.772718
1.59596,0.909091,0.665368
1.59596,0.949495,0.562681
1.59596,0.989899,0.467374
1.59596,1.0303,0.382298
1.59596,1.07071,0.310343
1.59596,1.11111,0.254336
1.59596,1.15152,0.21693
1.59596,1.19192,0.20048
1.59596,1.23232,0.206915
1.59596,1.27273,0.237617
1.59596,1.31313,0.293307
1.59596,1.35354,0.373942
1.59596,1.39394,0.478638
1.59596,1.43434,0.605617
1.59596,1.47475,0.752199
1.59596,1.51515,0.914811
1.59596,1.55556,1.08906
1.59596,1.59596,1.26984
1.59596,1.63636,1.45148
1.59596,1.67677,1.6279
1.59596,1.71717,1.7929
1.59596,1.75758,1.94032
1.59596,1.79798,2.06439
1.59596,1.83838,2.15993
1.59596,1.87879,2.22263
1.59596,1.91919,2.2493
1.59596,1.9596,2.23808
1.59596,2,2.18856
1.63636,-2,2.12195
1.63636,-1.9596,2.2004
1.63636,-1.91919,2.24259
1.63636,-1.87879,2.24772
1.63636,-1.83838,2.2165
1.63636,-1.79798,2.15095
1.63636,-1.75758,2.05432
1.63636,-1.71717,1.93083
1.63636,-1.67677,1.78547
1.63636,-1.63636,1.62376
1.63636,-1.59596,1.45148
1.63636,-1.55556,1.27446
1.63636,-1.51515,1.09833
1.63636,-1.47475,0.928372
1.63636,-1.43434,0.769284
1.63636,-1.39394,0.625111
1.63636,-1.35354,0.499132
1.63636,-1.31313,0.393813
1.63636,-1.27273,0.310792
1.63636,-1.23232,0.250901
1.63636,-1.19192,0.214211
1.63636,-1.15152,0.200108
1.63636,-1.11111,0.207383
1.63636,-1.07071,0.234335
1.63636,-1.0303,0.278881
1.63636,-0.989899,0.338668
1.63636,-0.949495,0.411182
1.63636,-0.909091,0.493844
1.63636,-0.868687,0.584104
1.63636,-0.828283,0.679512
1.63636,-0.787879,0.777787
1.63636,-0.747475,0.876859
1.63636,-0.707071,0.974905
1.63636,-0.666667,1.07036
1.63636,-0.626263,1.16195
1.63636,-0.585859,1.24864
1.63636,-0.545455,1.32967
1.63636,-0.505051,1.40451
1.63636,-0.464646,1.47282
1.63636,-0.424242,1.53446
1.63636,-0.383838,1.58942
1.63636,-0.343434,1.63782
1.63636,-0.30303,1.67986
1.63636,-0.262626,1.71578
1.63636,-0.222222,1.74587
1.63636,-0.181818,1.77041
1.63636,-0.141414,1.78967
1.63636,-0.10101,1.80389
1.63636,-0.0606061,1.81327
1.63636,-0.020202,1.81792
1.63636,0.020202,1.81792
1.63636,0.0606061,1.81327
1.63636,0.10101,1.80389
1.63636,0.141414,1.78967
1.63636,0.181818,1.77041
1.63636,0.222222,1.74587
1.63636,0.262626,1.71578
1.63636,0.30303,1.67986
1.63636,0.343434,1.63782
1.63636,0.383838,1.58942
1.63636,0.424242,1.53446
1.63636,0.464646,1.47282
1.63636,0.505051,1.40451
1.63636,0.545455,1.32967
1.63636,0.585859,1.24864
1.63636,0.626263,1.16195
1.63636,0.666667,1.07036
1.63636,0.707071,0.974905
1.63636,0.747475,0.876859
1.63636,0.787879,0.777787
1.63636,0.828283,0.679512
1.63636,0.868687,0.584104
1.63636,0.909091,0.493844
1.63636,0.949495,0.411182
1.63636,0.989899,0.338668
1.63636,1.0303,0.278881
1.63636,1.07071,0.234335
1.63636,1.11111,0.207383
1.63636,1.15152,0.200108
1.63636,1.19192,0.214211
1.63636,1.23232,0.250901
1.63636,1.27273,0.310792
1.63636,1.31313,0.393813
1.63636,1.35354,0.499132
1.63636,1.39394,0.625111
1.63636,1.43434,0.769284
1.63636,1.47475,0.928372
1.63636,1.51515,1.09833
1.63636,1.55556,1.27446
1.63636,1.59596,1.45148
1.63636,1.63636,1.62376
1.63636,1.67677,1.78547
1.63636,1.71717,1.93083
1.63636,1.75758,2.05432
1.63636,1.79798,2.15095
1.63636,1.83838,2.2165
1.63636,1.87879,2.24772
1.63636,1.91919,2.24259
1.63636,1.9596,2.2004
1.63636,2,2.12195
1.67677,-2,2.03192
1.67677,-1.9596,2.13703
1.67677,-1.91919,2.20878
1.67677,-1.87879,2.24528
1.67677,-1.83838,2.24608
1.67677,-1.79798,2.21207
1.67677,-1.75758,2.14537
1.67677,-1.71717,2.0492
1.67677,-1.67677,1.92764
1.67677,-1.63636,1.78547
1.67677,-1.59596,1.6279
1.67677,-1.55556,1.46036
1.67677,-1.51515,1.28827
1.67677,-1.47475,1.11689
1.67677,-1.43434,0.951068
1.67677,-1.39394,0.795164
1.67677,-1.35354,0.652904
1.67677,-1.31313,0.527315
1.67677,-1.27273,0.420683
1.67677,-1.23232,0.334541
1.67677,-1.19192,0.269695
1.67677,-1.15152,0.226266
1.67677,-1.11111,0.203757
1.67677,-1.07071,0.201137
1.67677,-1.0303,0.21693
1.67677,-0.989899,0.249316
1.67677,-0.949495,0.296225
1.67677,-0.909091,0.355435
1.67677,-0.868687,0.424656
1.67677,-0.828283,0.501612
1.67677,-0.787879,0.584104
1.67677,-0.747475,0.670065
1.67677,-0.707071,0.757604
1.67677,-0.666667,0.845034
1.67677,-0.626263,0.930887
1.67677,-0.585859,1.01393
1.67677,-0.545455,1.09313
1.67677,-0.505051,1.16771
1.67677,-0.464646,1.23706
1.67677,-0.424242,1.30076
1.67677,-0.383838,1.35853
1.67677,-0.343434,1.41024
1.67677,-0.30303,1.45583
1.67677,-0.262626,1.49536
1.67677,-0.222222,1.5289
1.67677,-0.181818,1.55658
1.67677,-0.141414,1.57852
1.67677,-0.10101,1.59485
1.67677,-0.0606061,1.60568
1.67677,-0.020202,1.61107
1.67677,0.020202,1.61107
1.67677,0.0606061,1.60568
1.67677,0.10101,1.59485
1.67677,0.141414,1.57852
1.67677,0.181818,1.55658
1.67677,0.222222,1.5289
1.67677,0.262626,1.49536
1.67677,0.30303,1.45583
1.67677,0.343434,1.41024
1.67677,0.383838,1.35853
1.67677,0.424242,1.30076
1.67677,0.464646,1.23706
1.67677,0.505051,1.16771
1.67677,0.545455,1.09313
1.67677,0.585859,1.01393
1.67677,0.626263,0.930887
1.67677,0.666667,0.845034
1.67677,0.707071,0.757604
1.67677,0.747475,0.670065
1.67677,0.787879,0.584104
1.67677,0.828283,0.501612
1.67677,0.868687,0.424656
1.67677,0.909091,0.355435
1.67677,0.949495,0.296225
1.67677,0.989899,0.249316
1.67677,1.0303,0.21693
1.67677,1.07071,0.201137
1.67677,1.11111,0.203757
1.67677,1.15152,0.226266
1.67677,1.19192,0.269695
1.67677,1.23232,0.334541
1.67677,1.27273,0.420683
1.67677,1.31313,0.527315
1.67677,1.35354,0.652904
1.67677,1.39394,0.795164
1.67677,1.43434,0.951068
1.67677,1.47475,1.11689
1.67677,1.51515,1.28827
1.67677,1.55556,1.46036
1.67677,1.59596,1.6279
1.67677,1.63636,1.78547
1.67677,1.67677,1.92764
1.67677,1.71717,2.0492
1.67677,1.75758,2.14537
1.67677,1.79798,2.21207
1.67677,1.83838,2.24608
1.67677,1.87879,2.24528
1.67677,1.91919,2.20878
1.67677,1.9596,2.13703
1.67677,2,2.03192
1.71717,-2,1.92002
1.71717,-1.9596,2.04873
1.71717,-1.91919,2.14778
1.71717,-1.87879,2.21431
1.71717,-1.83838,2.24675
1.71717,-1.79798,2.24489
1.71717,-1.75758,2.20975
1.71717,-1.71717,2.14348
1.71717,-1.67677,2.0492
1.71717,-1.63636,1.93083
1.71717,-1.59596,1.7929
1.71717,-1.55556,1.64028
1.71717,-1.51515,1.47804
1.71717,-1.47475,1.31125
1.71717,-1.43434,1.14474
1.71717,-1.39394,0.983021
1.71717,-1.35354,0.830108
1.71717,-1.31313,0.68945
1.71717,-1.27273,0.563854
1.71717,-1.23232,0.455455
1.71717,-1.19192,0.36571
1.71717,-1.15152,0.295418
1.71717,-1.11111,0.244761
1.71717,-1.07071,0.213368
1.71717,-1.0303,0.200383
1.71717,-0.989899,0.20455
1.71717,-0.949495,0.224295
1.71717,-0.909091,0.257817
1.71717,-0.868687,0.303166
1.71717,-0.828283,0.358319
1.71717,-0.787879,0.421251
1.71717,-0.747475,0.489994
1.71717,-0.707071,0.562681
1.71717,-0.666667,0.637583
1.71717,-0.626263,0.713139
1.71717,-0.585859,0.787971
1.71717,-0.545455,0.860888
1.71717,-0.505051,0.930887
1.71717,-0.464646,0.997149
1.71717,-0.424242,1.05902
1.71717,-0.383838,1.116
1.71717,-0.343434,1.16771
1.71717,-0.30303,1.21391
1.71717,-0.262626,1.25444
1.71717,-0.222222,1.28918
1.71717,-0.181818,1.31811
1.71717,-0.141414,1.34123
1.71717,-0.10101,1.35853
1.71717,-0.0606061,1.37005
1.71717,-0.020202,1.3758
1.71717,0.020202,1.3758
1.71717,0.0606061,1.37005
1.71717,0.10101,1.35853
1.71717,0.141414,1.34123
1.71717,0.181818,1.31811
1.71717,0.222222,1.28918
1.71717,0.262626,1.25444
1.71717,0.30303,1.21391
1.71717,0.343434,1.16771
1.71717,0.383838,1.116
1.71717,0.424242,1.05902
1.71717,0.464646,0.997149
1.71717,0.505051,0.930887
1.71717,0.545455,0.860888
1.71717,0.585859,0.787971
1.71717,0.626263,0.713139
1.71717,0.666667,0.637583
1.71717,0.707071,0.562681
1.71717,0.747475,0.489994
1.71717,0.787879,0.421251
1.71717,0.828283,0.358319
1.71717,0.868687,0.303166
1.71717,0.909091,0.257817
1.71717,0.949495,0.224295
1.71717,0.989899,0.20455
1.71717,1.0303,0.200383
1.71717,1.07071,0.213368
1.71717,1.11111,0.244761
1.71717,1.15152,0.295418
1.71717,1.19192,0.36571
1.71717,1.23232,0.455455
1.71717,1.27273,0.563854
1.71717,1.31313,0.68945
1.71717,1.35354,0.830108
1.71717,1.39394,0.983021
1.71717,1.43434,1.14474
1.71717,1.47475,1.31125
1.71717,1.51515,1.47804
1.71717,1.55556,1.64028
1.71717,1.59596,1.7929
1.71717,1.63636,1.93083
1.71717,1.67677,2.0492
1.71717,1.71717,2.14348
1.71717,1.75758,2.20975
1.71717,1.79798,2.24489
1.71717,1.83838,2.24675
1.71717,1.87879,2.21431
1.71717,1.91919,2.14778
1.71717,1.9596,2.04873
1.71717,2,1.92002
1.75758,-2,1.78858
1.75758,-1.9596,1.9371
1.75758,-1.91919,2.06038
1.75758,-1.87879,2.15468
1.75758,-1.83838,2.21744
1.75758,-1.79798,2.24739
1.75758,-1.75758,2.24446
1.75758,-1.71717,2.20975
1.75758,-1.67677,2.14537
1.75758,-1.63636,2.05432
1.75758,-1.59596,1.94032
1.75758,-1.55556,1.8076
1.75758,-1.51515,1.66072
1.75758,-1.47475,1.50438
1.75758,-1.43434,1.34328
1.75758,-1.39394,1.18188
1.75758,-1.35354,1.02436
1.75758,-1.31313,0.874416
1.75758,-1.27273,0.735256
1.75758,-1.23232,0.609491
1.75758,-1.19192,0.499132
1.75758,-1.15152,0.405574
1.75758,-1.11111,0.329626
1.75758,-1.07071,0.271541
1.75758,-1.0303,0.23107
1.75758,-0.989899,0.20753
1.75758,-0.949495,0.199874
1.75758,-0.909091,0.206763
1.75758,-0.868687,0.226643
1.75758,-0.828283,0.257817
1.75758,-0.787879,0.298512
1.75758,-0.747475,0.346936
1.75758,-0.707071,0.401332
1.75758,-0.666667,0.460019
1.75758,-0.626263,0.521423
1.75758,-0.585859,0.584104
1.75758,-0.545455,0.646769
1.75758,-0.505051,0.708283
1.75758,-0.464646,0.767664
1.75758,-0.424242,0.824085
1.75758,-0.383838,0.876859
1.75758,-0.343434,0.925433
1.75758,-0.30303,0.969367
1.75758,-0.262626,1.00832
1.75758,-0.222222,1.04205
1.75758,-0.181818,1.07036
1.75758,-0.141414,1.09313
1.75758,-0.10101,1.11027
1.75758,-0.0606061,1.12173
1.75758,-0.020202,1.12746
1.75758,0.020202,1.12746
1.75758,0.0606061,1.12173
1.75758,0.10101,1.11027
1.75758,0.141414,1.09313
1.75758,0.181818,1.07036
1.75758,0.222222,1.04205
1.75758,0.262626,1.00832
1.75758,0.30303,0.969367
1.75758,0.343434,0.925433
1.75758,0.383838,0.876859
1.75758,0.424242,0.824085
1.75758,0.464646,0.767664
1.75758,0.505051,0.708283
1.75758,0.545455,0.646769
1.75758,0.585859,0.584104
1.75758,0.626263,0.521423
1.75758,0.666667,0.460019
1.75758,0.707071,0.401332
1.75758,0.747475,0.346936
1.75758,0.787879,0.298512
1.75758,0.828283,0.257817
1.75758,0.868687,0.226643
1.75758,0.909091,0.206763
1.75758,0.949495,0.199874
1.75758,0.989899,0.20753
1.75758,1.0303,0.23107
1.75758,1.07071,0.271541
1.75758,1.11111,0.329626
1.75758,1.15152,0.405574
1.75758,1.19192,0.499132
1.75758,1.23232,0.609491
1.75758,1.27273,0.735256
1.75758,1.31313,0.874416
1.75758,1.35354,1.02436
1.75758,1.39394,1.18188
1.75758,1.43434,1.34328
1.75758,1.47475,1.50438
1.75758,1.51515,1.66072
1.75758,1.55556,1.8076
1.75758,1.59596,1.94032
1.75758,1.63636,2.05432
1.75758,1.67677,2.14537
1.75758,1.71717,2.20975
1.75758,1.75758,2.24446
1.75758,1.79798,2.24739
1.75758,1.83838,2.21744
1.75758,1.87879,2.15468
1.75758,1.91919,2.06038
1.75758,1.9596,1.9371
1.75758,2,1.78858
1.79798,-2,1.64072
1.79798,-1.9596,1.80461
1.79798,-1.91919,1.94829
1.79798,-1.87879,2.06723
1.79798,-1.83838,2.15804
1.79798,-1.79798,2.21845
1.79798,-1.75758,2.24739
1.79798,-1.71717,2.24489
1.79798,-1.67677,2.21207
1.79798,-1.63636,2.15095
1.79798,-1.59596,2.06439
1.79798,-1.55556,1.95586
1.79798,-1.51515,1.82929
1.79798,-1.47475,1.68892
1.79798,-1.43434,1.53911
1.79798,-1.39394,1.38417
1.79798,-1.35354,1.22825
1.79798,-1.31313,1.07517
1.79798,-1.27273,0.928372
1.79798,-1.23232,0.79083
1.79798,-1.19192,0.664988
1.79798,-1.15152,0.552745
1.79798,-1.11111,0.455455
1.79798,-1.07071,0.373942
1.79798,-1.0303,0.308532
1.79798,-0.989899,0.2591
1.79798,-0.949495,0.225126
1.79798,-0.909091,0.20576
1.79798,-0.868687,0.199881
1.79798,-0.828283,0.206169
1.79798,-0.787879,0.223162
1.79798,-0.747475,0.249316
1.79798,-0.707071,0.283058
1.79798,-0.666667,0.322828
1.79798,-0.626263,0.367122
1.79798,-0.585859,0.414514
1.79798,-0.545455,0.463685
1.79798,-0.505051,0.513432
1.79798,-0.464646,0.562681
1.79798,-0.424242,0.610486
1.79798,-0.383838,0.656032
1.79798,-0.343434,0.698622
1.79798,-0.30303,0.737677
1.79798,-0.262626,0.772718
1.79798,-0.222222,0.803361
1.79798,-0.181818,0.829301
1.79798,-0.141414,0.850305
1.79798,-0.10101,0.866199
1.79798,-0.0606061,0.876859
1.79798,-0.020202,0.882208
1.79798,0.020202,0.882208
1.79798,0.0606061,0.876859
1.79798,0.10101,0.866199
1.79798,0.141414,0.850305
1.79798,0.181818,0.829301
1.79798,0.222222,0.803361
1.79798,0.262626,0.772718
1.79798,0.30303,0.737677
1.79798,0.343434,0.698622
1.79798,0.383838,0.656032
1.79798,0.424242,0.610486
1.79798,0.464646,0.562681
1.79798,0.505051,0.513432
1.79798,0.545455,0.463685
1.79798,0.585859,0.414514
1.79798,0.626263,0.367122
1.79798,0.666667,0.322828
1.79798,0.707071,0.283058
1.79798,0.747475,0.249316
1.79798,0.787879,0.223162
1.79798,0.828283,0.206169
1.79798,0.868687,0.199881
1.79798,0.909091,0.20576
1.79798,0.949495,0.225126
1.79798,0.989899,0.2591
1.79798,1.0303,0.308532
1.79798,1.07071,0.373942
1.79798,1.11111,0.455455
1.79798,1.15152,0.552745
1.79798,1.19192,0.664988
1.79798,1.23232,0.79083
1.79798,1.27273,0.928372
1.79798,1.31313,1.07517
1.79798,1.35354,1.22825
1.79798,1.39394,1.38417
1.79798,1.43434,1.53911
1.79798,1.47475,1.68892
1.79798,1.51515,1.82929
1.79798,1.55556,1.95586
1.79798,1.59596,2.06439
1.79798,1.63636,2.15095
1.79798,1.67677,2.21207
1.79798,1.71717,2.24489
1.79798,1.75758,2.24739
1.79798,1.79798,2.21845
1.79798,1.83838,2.15804
1.79798,1.87879,2.06723
1.79798,1.91919,1.94829
1.79798,1.9596,1.80461
1.79798,2,1.64072
1.83838,-2,1.48027
1.83838,-1.9596,1.6546
1.83838,-1.91919,1.81415
1.83838,-1.87879,1.95383
1.83838,-1.83838,2.06949
1.83838,-1.79798,2.15804
1.83838,-1.75758,2.21744
1.83838,-1.71717,2.24675
1.83838,-1.67677,2.24608
1.83838,-1.63636,2.2165
1.83838,-1.59596,2.15993
1.83838,-1.55556,2.07902
1.83838,-1.51515,1.977
1.83838,-1.47475,1.85752
1.83838,-1.43434,1.72446
1.83838,-1.39394,1.58185
1.83838,-1.35354,1.43365
1.83838,-1.31313,1.28367
1.83838,-1.27273,1.13546
1.83838,-1.23232,0.992184
1.83838,-1.19192,0.856615
1.83838,-1.15152,0.731043
1.83838,-1.11111,0.617277
1.83838,-1.07071,0.516634
1.83838,-1.0303,0.42996
1.83838,-0.989899,0.357652
1.83838,-0.949495,0.299704
1.83838,-0.909091,0.255751
1.83838,-0.868687,0.225126
1.83838,-0.828283,0.206915
1.83838,-0.787879,0.20001
1.83838,-0.747475,0.203171
1.83838,-0.707071,0.215069
1.83838,-0.666667,0.234335
1.83838,-0.626263,0.259598
1.83838,-0.585859,0.289522
1.83838,-0.545455,0.322828
1.83838,-0.505051,0.358319
1.83838,-0.464646,0.394889
1.83838,-0.424242,0.431538
1.83838,-0.383838,0.467374
1.83838,-0.343434,0.501612
1.83838,-0.30303,0.533573
1.83838,-0.262626,0.562681
1.83838,-0.222222,0.58845
1.83838,-0.181818,0.610486
1.83838,-0.141414,0.628473
1.83838,-0.10101,0.642166
1.83838,-0.0606061,0.651391
1.83838,-0.020202,0.656032
1.83838,0.020202,0.656032
1.83838,0.0606061,0.651391
1.83838,0.10101,0.642166
1.83838,0.141414,0.628473
1.83838,0.181818,0.610486
1.83838,0.222222,0.58845
1.83838,0.262626,0.562681
1.83838,0.30303,0.533573
1.83838,0.343434,0.501612
1.83838,0.383838,0.467374
1.83838,0.424242,0.431538
1.83838,0.464646,0.394889
1.83838,0.505051,0.358319
1.83838,0.545455,0.322828
1.83838,0.585859,0.289522
1.83838,0.626263,0.259598
1.83838,0.666667,0.234335
1.83838,0.707071,0.215069
1.83838,0.747475,0.203171
1.83838,0.787879,0.20001
1.83838,0.828283,0.206915
1.83838,0.868687,0.225126
1.83838,0.909091,0.255751
1.83838,0.949495,0.299704
1.83838,0.989899,0.357652
1.83838,1.0303,0.42996
1.83838,1.07071,0.516634
1.83838,1.11111,0.617277
1.83838,1.15152,0.731043
1.83838,1.19192,0.856615
1.83838,1.23232,0.992184
1.83838,1.27273,1.13546
1.83838,1.31313,1.28367
1.83838,1.35354,1.43365
1.83838,1.39394,1.58185
1.83838,1.43434,1.72446
1.83838,1.47475,1.85752
1.83838,1.51515,1.977
1.83838,1.55556,2.07902
1.83838,1.59596,2.15993
1.83838,1.63636,2.2165
1.83838,1.67677,2.24608
1.83838,1.71717,2.24675
1.83838,1.75758,2.21744
1.83838,1.79798,2.15804
1.83838,1.83838,2.06949
1.83838,1.87879,1.95383
1.83838,1.91919,1.81415
1.83838,1.9596,1.6546
1.83838,2,1.48027
1.87879,-2,1.31174
1.87879,-1.9596,1.49116
1.87879,-1.91919,1.66151
1.87879,-1.87879,1.81731
1.87879,-1.83838,1.95383
1.87879,-1.79798,2.06723
1.87879,-1.75758,2.15468
1.87879,-1.71717,2.21431
1.87879,-1.67677,2.24528
1.87879,-1.63636,2.24772
1.87879,-1.59596,2.22263
1.87879,-1.55556,2.17178
1.87879,-1.51515,2.09763
1.87879,-1.47475,2.00314
1.87879,-1.43434,1.89164
1.87879,-1.39394,1.76672
1.87879,-1.35354,1.63204
1.87879,-1.31313,1.49124
1.87879,-1.27273,1.34784
1.87879,-1.23232,1.20508
1.87879,-1.19192,1.06591
1.87879,-1.15152,0.932902
1.87879,-1.11111,0.808212
1.87879,-1.07071,0.693564
1.87879,-1.0303,0.590248
1.87879,-0.989899,0.499132
1.87879,-0.949495,0.420683
1.87879,-0.909091,0.355005
1.87879,-0.868687,0.301879
1.87879,-0.828283,0.260809
1.87879,-0.787879,0.23107
1.87879,-0.747475,0.211757
1.87879,-0.707071,0.201834
1.87879,-0.666667,0.200174
1.87879,-0.626263,0.205602
1.87879,-0.585859,0.21693
1.87879,-0.545455,0.232985
1.87879,-0.505051,0.252636
1.87879,-0.464646,0.27481
1.87879,-0.424242,0.298512
1.87879,-0.383838,0.322828
1.87879,-0.343434,0.346936
1.87879,-0.30303,0.370107
1.87879,-0.262626,0.391704
1.87879,-0.222222,0.411182
1.87879,-0.181818,0.428085
1.87879,-0.141414,0.442041
1.87879,-0.10101,0.452757
1.87879,-0.0606061,0.460019
1.87879,-0.020202,0.463685
1.87879,0.020202,0.463685
1.87879,0.0606061,0.460019
1.87879,0.10101,0.452757
1.87879,0.141414,0.442041
1.87879,0.181818,0.428085
1.87879,0.222222,0.411182
1.87879,0.262626,0.391704
1.87879,0.30303,0.370107
1.87879,0.343434,0.346936
1.87879,0.383838,0.322828
1.87879,0.424242,0.298512
1.87879,0.464646,0.27481
1.87879,0.505051,0.252636
1.87879,0.545455,0.232985
1.87879,0.585859,0.21693
1.87879,0.626263,0.205602
1.87879,0.666667,0.200174
1.87879,0.707071,0.201834
1.87879,0.747475,0.211757
1.87879,0.787879,0.23107
1.87879,0.828283,0.260809
1.87879,0.868687,0.301879
1.87879,0.909091,0.355005
1.87879,0.949495,0.420683
1.87879,0.989899,0.499132
1.87879,1.0303,0.590248
1.87879,1.07071,0.693564
1.87879,1.11111,0.808212
1.87879,1.15152,0.932902
1.87879,1.19192,1.06591
1.87879,1.23232,1.20508
1.87879,1.27273,1.34784
1.87879,1.31313,1.49124
1.87879,1.35354,1.63204
1.87879,1.39394,1.76672
1.87879,1.43434,1.89164
1.87879,1.47475,2.00314
1.87879,1.51515,2.09763
1.87879,1.55556,2.17178
1.87879,1.59596,2.22263
1.87879,1.63636,2.24772
1.87879,1.67677,2.24528
1.87879,1.71717,2.21431
1.87879,1.75758,2.15468
1.87879,1.79798,2.06723
1.87879,1.83838,1.95383
1.87879,1.87879,1.81731
1.87879,1.91919,1.66151
1.87879,1.9596,1.49116
1.87879,2,1.31174
1.91919,-2,1.14017
1.91919,-1.9596,1.3191
1.91919,-1.91919,1.49478
1.91919,-1.87879,1.66151
1.91919,-1.83838,1.81415
1.91919,-1.79798,1.94829
1.91919,-1.75758,2.06038
1.91919,-1.71717,2.14778
1.91919,-1.67677,2.20878
1.91919,-1.63636,2.24259
1.91919,-1.59596,2.2493
1.91919,-1.55556,2.22984
1.91919,-1.51515,2.18582
1.91919,-1.47475,2.11945
1.91919,-1.43434,2.03345
1.91919,-1.39394,1.93083
1.91919,-1.35354,1.81488
1.91919,-1.31313,1.68892
1.91919,-1.27273,1.5563
1.91919,-1.23232,1.42022
1.91919,-1.19192,1.28367
1.91919,-1.15152,1.14938
1.91919,-1.11111,1.01975
1.91919,-1.07071,0.896802
1.91919,-1.0303,0.782187
1.91919,-0.989899,0.67717
1.91919,-0.949495,0.582641
1.91919,-0.909091,0.499132
1.91919,-0.868687,0.42685
1.91919,-0.828283,0.36571
1.91919,-0.787879,0.315376
1.91919,-0.747475,0.275298
1.91919,-0.707071,0.244761
1.91919,-0.666667,0.222919
1.91919,-0.626263,0.208838
1.91919,-0.585859,0.201527
1.91919,-0.545455,0.199975
1.91919,-0.505051,0.203171
1.91919,-0.464646,0.210134
1.91919,-0.424242,0.219924
1.91919,-0.383838,0.231663
1.91919,-0.343434,0.244538
1.91919,-0.30303,0.257817
1.91919,-0.262626,0.270847
1.91919,-0.222222,0.283058
1.91919,-0.181818,0.293964
1.91919,-0.141414,0.303166
1.91919,-0.10101,0.310343
1.91919,-0.0606061,0.315259
1.91919,-0.020202,0.317756
1.91919,0.020202,0.317756
1.91919,0.0606061,0.315259
1.91919,0.10101,0.310343
1.91919,0.141414,0.303166
1.91919,0.181818,0.293964
1.91919,0.222222,0.283058
1.91919,0.262626,0.270847
1.91919,0.30303,0.257817
1.91919,0.343434,0.244538
1.91919,0.383838,0.231663
1.91919,0.424242,0.219924
1.91919,0.464646,0.210134
1.91919,0.505051,0.203171
1.91919,0.545455,0.199975
1.91919,0.585859,0.201527
1.91919,0.626263,0.208838
1.91919,0.666667,0.222919
1.91919,0.707071,0.244761
1.91919,0.747475,0.275298
1.91919,0.787879,0.315376
1.91919,0.828283,0.36571
1.91919,0.868687,0.42685
1.91919,0.909091,0.499132
1.91919,0.949495,0.582641
1.91919,0.989899,0.67717
1.91919,1.0303,0.782187
1.91919,1.07071,0.896802
1.91919,1.11111,1.01975
1.91919,1.15152,1.14938
1.91919,1.19192,1.28367
1.91919,1.23232,1.42022
1.91919,1.27273,1.5563
1.91919,1.31313,1.68892
1.91919,1.35354,1.81488
1.91919,1.39394,1.93083
1.91919,1.43434,2.03345
1.91919,1.47475,2.11945
1.91919,1.51515,2.18582
1.91919,1.55556,2.22984
1.91919,1.59596,2.2493
1.91919,1.63636,2.24259
1.91919,1.67677,2.20878
1.91919,1.71717,2.14778
1.91919,1.75758,2.06038
1.91919,1.79798,1.94829
1.91919,1.83838,1.81415
1.91919,1.87879,1.66151
1.91919,1.91919,1.49478
1.91919,1.9596,1.3191
1.91919,2,1.14017
1.9596,-2,0.970966
1.9596,-1.9596,1.14378
1.9596,-1.91919,1.3191
1.9596,-1.87879,1.49116
1.9596,-1.83838,1.6546
1.9596,-1.79798,1.80461
1.9596,-1.75758,1.9371
1.9596,-1.71717,2.04873
1.9596,-1.67677,2.13703
1.9596,-1.63636,2.2004
1.9596,-1.59596,2.23808
1.9596,-1.55556,2.25012
1.9596,-1.51515,2.23731
1.9596,-1.47475,2.2011
1.9596,-1.43434,2.14348
1.9596,-1.39394,2.06687
1.9596,-1.35354,1.97402
1.9596,-1.31313,1.86789
1.9596,-1.27273,1.75151
1.9596,-1.23232,1.6279
1.9596,-1.19192,1.50001
1.9596,-1.15152,1.37058
1.9596,-1.11111,1.24213
1.9596,-1.07071,1.11689
1.9596,-1.0303,0.99677
1.9596,-0.989899,0.883353
1.9596,-0.949495,0.777878
1.9596,-0.909091,0.681253
1.9596,-0.868687,0.594071
1.9596,-0.828283,0.516634
1.9596,-0.787879,0.44898
1.9596,-0.747475,0.390918
1.9596,-0.707071,0.342065
1.9596,-0.666667,0.301879
1.9596,-0.626263,0.269695
1.9596,-0.585859,0.244761
1.9596,-0.545455,0.226266
1.9596,-0.505051,0.213368
1.9596,-0.464646,0.205221
1.9596,-0.424242,0.200991
1.9596,-0.383838,0.199881
1.9596,-0.343434,0.201137
1.9596,-0.30303,0.204063
1.9596,-0.262626,0.208031
1.9596,-0.222222,0.21248
1.9596,-0.181818,0.21693
1.9596,-0.141414,0.220977
1.9596,-0.10101,0.224295
1.9596,-0.0606061,0.226643
1.9596,-0.020202,0.227857
1.9596,0.020202,0.227857
1.9596,0.0606061,0.226643
1.9596,0.10101,0.224295
1.9596,0.141414,0.220977
1.9596,0.181818,0.21693
1.9596,0.222222,0.21248
1.9596,0.262626,0.208031
1.9596,0.30303,0.204063
1.9596,0.343434,0.201137
1.9596,0.383838,0.199881
1.9596,0.424242,0.200991
1.9596,0.464646,0.205221
1.9596,0.505051,0.213368
1.9596,0.545455,0.226266
1.9596,0.585859,0.244761
1.9596,0.626263,0.269695
1.9596,0.666667,0.301879
1.9596,0.707071,0.342065
1.9596,0.747475,0.390918
1.9596,0.787879,0.44898
1.9596,0.828283,0.516634
1.9596,0.868687,0.594071
1.9596,0.909091,0.681253
1.9596,0.949495,0.777878
1.9596,0.989899,0.883353
1.9596,1.0303,0.99677
1.9596,1.07071,1.11689
1.9596,1.11111,1.24213
1.9596,1.15152,1.37058
1.9596,1.19192,1.50001
1.9596,1.23232,1.6279
1.9596,1.27273,1.75151
1.9596,1.31313,1.86789
1.9596,1.35354,1.97402
1.9596,1.39394,2.06687
1.9596,1.43434,2.14348
1.9596,1.47475,2.2011
1.9596,1.51515,2.23731
1.9596,1.55556,2.25012
1.9596,1.59596,2.23808
1.9596,1.63636,2.2004
1.9596,1.67677,2.13703
1.9596,1.71717,2.04873
1.9596,1.75758,1.9371
1.9596,1.79798,1.80461
1.9596,1.83838,1.6546
1.9596,1.87879,1.49116
1.9596,1.91919,1.3191
1.9596,1.9596,1.14378
1.9596,2,0.970966
2,-2,0.809773
2,-1.9596,0.970966
2,-1.91919,1.14017
2,-1.87879,1.31174
2,-1.83838,1.48027
2,-1.79798,1.64072
2,-1.75758,1.78858
2,-1.71717,1.92002
2,-1.67677,2.03192
2,-1.63636,2.12195
2,-1.59596,2.18856
2,-1.55556,2.23101
2,-1.51515,2.24927
2,-1.47475,2.24401
2,-1.43434,2.2165
2,-1.39394,2.16848
2,-1.35354,2.10213
2,-1.31313,2.0199
2,-1.27273,1.92444
2,-1.23232,1.8185
2,-1.19192,1.70482
2,-1.15152,1.58608
2,-1.11111,1.46479
2,-1.07071,1.34328
2,-1.0303,1.22362
2,-0.989899,1.10761
2,-0.949495,0.99677
2,-0.909091,0.892314
2,-0.868687,0.795164
2,-0.828283,0.705968
2,-0.787879,0.625111
2,-0.747475,0.552745
2,-0.707071,0.488814
2,-0.666667,0.433087
2,-0.626263,0.385184
2,-0.585859,0.344613
2,-0.545455,0.310792
2,-0.505051,0.283082
2,-0.464646,0.260809
2,-0.424242,0.243285
2,-0.383838,0.229832
2,-0.343434,0.219794
2,-0.30303,0.21255
2,-0.262626,0.20753
2,-0.222222,0.204219
2,-0.181818,0.202167
2,-0.141414,0.200991
2,-0.10101,0.200383
2,-0.0606061,0.200108
2,-0.020202,0.20001
2,0.020202,0.20001
2,0.0606061,0.200108
2,0.10101,0.200383
2,0.141414,0.200991
2,0.181818,0.202167
2,0.222222,0.204219
2,0.262626,0.20753
2,0.30303,0.21255
2,0.343434,0.219794
2,0.383838,0.229832
2,0.424242,0.243285
2,0.464646,0.260809
2,0.505051,0.283082
2,0.545455,0.310792
2,0.585859,0.344613
2,0.626263,0.385184
2,0.666667,0.433087
2,0.707071,0.488814
2,0.747475,0.552745
2,0.787879,0.625111
2,0.828283,0.705968
2,0.868687,0.795164
2,0.909091,0.892314
2,0.949495,0.99677
2,0.989899,1.10761
2,1.0303,1.22362
2,1.07071,1.34328
2,1.11111,1.46479
2,1.15152,1.58608
2,1.19192,1.70482
2,1.23232,1.8185
2,1.27273,1.92444
2,1.31313,2.0199
2,1.35354,2.10213
2,1.39394,2.16848
2,1.43434,2.2165
2,1.47475,2.24401
2,1.51515,2.24927
2,1.55556,2.23101
2,1.59596,2.18856
2,1.63636,2.12195
2,1.67677,2.03192
2,1.71717,1.92002
2,1.75758,1.78858
2,1.79798,1.64072
2,1.83838,1.48027
2,1.87879,1.31174
2,1.91919,1.14017
2,1.9596,0.970966
2,2,0.809773
