Dataset;ID;IsNonDominated;FrontID;Obj1;Obj2;Obj3;Obj4;Obj5
Task1_2D_100;1;0;0;96,046260;32,271990;0;0;0
Task1_2D_100;2;0;0;55,783590;50,781453;0;0;0
Task1_2D_100;3;0;0;35,246599;92,087986;0;0;0
Task1_2D_100;4;0;0;79,166562;79,064088;0;0;0
Task1_2D_100;5;0;0;91,420284;42,544176;0;0;0
Task1_2D_100;6;0;0;14,227013;58,988151;0;0;0
Task1_2D_100;7;0;0;61,364421;82,056785;0;0;0
Task1_2D_100;8;0;0;69,988109;40,952972;0;0;0
Task1_2D_100;9;0;0;16,253200;13,850172;0;0;0
Task1_2D_100;10;0;0;28,011088;27,722221;0;0;0
Task1_2D_100;11;0;0;81,498643;57,810620;0;0;0
Task1_2D_100;12;0;0;22,582431;2,505683;0;0;0
Task1_2D_100;13;0;0;38,427588;77,487993;0;0;0
Task1_2D_100;14;0;0;82,666798;80,019835;0;0;0
Task1_2D_100;15;0;0;47,192674;58,936520;0;0;0
Task1_2D_100;16;1;0;76,678099;93,317931;0;0;0
Task1_2D_100;17;0;0;62,920670;55,578196;0;0;0
Task1_2D_100;18;0;0;38,241769;21,496391;0;0;0
Task1_2D_100;19;0;0;60,709217;43,787372;0;0;0
Task1_2D_100;20;0;0;73,019653;34,685754;0;0;0
Task1_2D_100;21;0;0;66,100466;70,557675;0;0;0
Task1_2D_100;22;0;0;75,569323;44,085144;0;0;0
Task1_2D_100;23;0;0;39,308352;19,630235;0;0;0
Task1_2D_100;24;0;0;85,700335;46,852764;0;0;0
Task1_2D_100;25;0;0;3,219195;1,882808;0;0;0
Task1_2D_100;26;0;0;83,563912;37,223120;0;0;0
Task1_2D_100;27;0;0;35,694307;11,401747;0;0;0
Task1_2D_100;28;1;0;12,958066;97,112063;0;0;0
Task1_2D_100;29;0;0;62,982368;25,168148;0;0;0
Task1_2D_100;30;0;0;77,044219;76,133761;0;0;0
Task1_2D_100;31;1;0;97,829259;47,766209;0;0;0
Task1_2D_100;32;0;0;70,667432;86,244960;0;0;0
Task1_2D_100;33;0;0;2,791702;59,489057;0;0;0
Task1_2D_100;34;1;0;74,054504;95,782370;0;0;0
Task1_2D_100;35;0;0;87,225008;26,885196;0;0;0
Task1_2D_100;36;0;0;73,528563;9,117349;0;0;0
Task1_2D_100;37;0;0;30,912608;48,979360;0;0;0
Task1_2D_100;38;0;0;82,989491;74,100565;0;0;0
Task1_2D_100;39;0;0;85,027793;57,494079;0;0;0
Task1_2D_100;40;0;0;67,493247;71,626421;0;0;0
Task1_2D_100;41;0;0;85,338629;67,106581;0;0;0
Task1_2D_100;42;0;0;47,693456;50,926215;0;0;0
Task1_2D_100;43;0;0;42,762373;41,031662;0;0;0
Task1_2D_100;44;0;0;9,329825;63,365788;0;0;0
Task1_2D_100;45;1;0;97,064501;56,950435;0;0;0
Task1_2D_100;46;0;0;77,972311;2,528347;0;0;0
Task1_2D_100;47;0;0;90,872226;0,789616;0;0;0
Task1_2D_100;48;0;0;12,174013;22,756277;0;0;0
Task1_2D_100;49;0;0;18,357850;84,859817;0;0;0
Task1_2D_100;50;0;0;31,939805;79,829509;0;0;0
Task1_2D_100;51;0;0;15,685183;94,036356;0;0;0
Task1_2D_100;52;1;0;42,000756;96,518853;0;0;0
Task1_2D_100;53;0;0;51,587277;10,316885;0;0;0
Task1_2D_100;54;0;0;9,414611;6,012718;0;0;0
Task1_2D_100;55;0;0;20,862855;6,301716;0;0;0
Task1_2D_100;56;0;0;20,108913;76,690474;0;0;0
Task1_2D_100;57;0;0;94,839080;54,163264;0;0;0
Task1_2D_100;58;0;0;32,241184;66,002144;0;0;0
Task1_2D_100;59;0;0;73,157255;27,013030;0;0;0
Task1_2D_100;60;0;0;68,181772;95,552753;0;0;0
Task1_2D_100;61;0;0;80,489403;57,888321;0;0;0
Task1_2D_100;62;0;0;92,557226;24,413781;0;0;0
Task1_2D_100;63;0;0;1,467402;90,791660;0;0;0
Task1_2D_100;64;0;0;83,114858;22,122765;0;0;0
Task1_2D_100;65;0;0;34,808429;62,206855;0;0;0
Task1_2D_100;66;0;0;44,696666;84,931556;0;0;0
Task1_2D_100;67;0;0;49,094416;79,035948;0;0;0
Task1_2D_100;68;0;0;20,115073;68,608021;0;0;0
Task1_2D_100;69;0;0;80,756634;3,177236;0;0;0
Task1_2D_100;70;0;0;54,887971;75,504405;0;0;0
Task1_2D_100;71;0;0;30,353830;27,330803;0;0;0
Task1_2D_100;72;0;0;24,721188;57,152615;0;0;0
Task1_2D_100;73;0;0;67,641175;89,463713;0;0;0
Task1_2D_100;74;0;0;15,751832;10,644656;0;0;0
Task1_2D_100;75;0;0;65,422109;75,092794;0;0;0
Task1_2D_100;76;0;0;49,062122;55,858739;0;0;0
Task1_2D_100;77;0;0;70,070130;87,463757;0;0;0
Task1_2D_100;78;0;0;92,121953;18,252622;0;0;0
Task1_2D_100;79;0;0;5,029972;24,132291;0;0;0
Task1_2D_100;80;0;0;11,347327;72,330081;0;0;0
Task1_2D_100;81;0;0;31,508318;32,115944;0;0;0
Task1_2D_100;82;0;0;45,500340;14,041402;0;0;0
Task1_2D_100;83;0;0;79,579419;23,384376;0;0;0
Task1_2D_100;84;1;0;77,668353;87,754923;0;0;0
Task1_2D_100;85;0;0;77,473087;84,029171;0;0;0
Task1_2D_100;86;0;0;70,554357;52,236917;0;0;0
Task1_2D_100;87;0;0;19,064707;0,060655;0;0;0
Task1_2D_100;88;0;0;55,108100;83,009722;0;0;0
Task1_2D_100;89;0;0;27,137013;38,501788;0;0;0
Task1_2D_100;90;0;0;33,218357;90,802471;0;0;0
Task1_2D_100;91;0;0;51,869046;8,547438;0;0;0
Task1_2D_100;92;0;0;9,592815;21,905014;0;0;0
Task1_2D_100;93;0;0;10,831086;12,721190;0;0;0
Task1_2D_100;94;0;0;13,155754;88,159358;0;0;0
Task1_2D_100;95;0;0;24,481071;84,962980;0;0;0
Task1_2D_100;96;0;0;92,604528;39,805406;0;0;0
Task1_2D_100;97;0;0;87,704904;67,615784;0;0;0
Task1_2D_100;98;1;0;94,034309;82,154994;0;0;0
Task1_2D_100;99;0;0;48,495344;56,354737;0;0;0
Task1_2D_100;100;0;0;58,570178;23,960945;0;0;0
Task1_5D_1000;1;0;0;0,774819;41,428781;19,798991;14,045631;16,231774
Task1_5D_1000;2;0;0;29,763848;41,235425;64,393305;49,719296;50,928993
Task1_5D_1000;3;0;0;65,232968;78,084702;28,987221;97,981403;38,595046
Task1_5D_1000;4;0;0;53,370996;59,620075;5,915521;78,392471;25,284269
Task1_5D_1000;5;1;0;91,999957;95,894807;31,266529;94,848667;86,476284
Task1_5D_1000;6;0;0;55,418557;29,211418;33,177619;48,671582;43,462282
Task1_5D_1000;7;0;0;15,137118;52,849855;56,529452;52,914807;80,423712
Task1_5D_1000;8;1;0;57,261007;79,663841;98,527941;75,923915;38,272601
Task1_5D_1000;9;1;0;34,987734;85,866929;30,159192;98,678262;98,579870
Task1_5D_1000;10;0;0;17,662049;68,848093;13,367360;95,475350;35,442391
Task1_5D_1000;11;0;0;48,952067;62,745464;63,385365;76,860447;8,214371
Task1_5D_1000;12;0;0;53,398673;26,891692;41,980478;55,450624;60,176362
Task1_5D_1000;13;0;0;27,592395;46,925676;76,716335;47,433050;9,377631
Task1_5D_1000;14;0;0;17,687407;72,704495;22,415242;36,003679;58,618853
Task1_5D_1000;15;0;0;3,934977;28,283387;79,106939;95,427168;74,377956
Task1_5D_1000;16;1;0;90,598025;89,850011;70,644716;70,290053;41,947902
Task1_5D_1000;17;0;0;51,575722;54,291022;16,858240;45,430271;34,544519
Task1_5D_1000;18;0;0;76,146722;9,564550;11,112340;12,789880;16,778500
Task1_5D_1000;19;0;0;2,236525;15,732246;63,385068;14,458868;76,248304
Task1_5D_1000;20;0;0;57,471672;55,075045;30,153211;73,196917;79,174683
Task1_5D_1000;21;0;0;70,567002;19,278330;37,881781;2,249216;27,623416
Task1_5D_1000;22;0;0;66,390030;67,644407;80,823874;44,682178;1,840628
Task1_5D_1000;23;0;0;74,295462;39,744893;99,525605;6,932621;72,684416
Task1_5D_1000;24;0;0;33,747172;36,017700;5,495483;10,827114;72,444364
Task1_5D_1000;25;0;0;57,781336;74,067437;16,794710;12,928308;29,421810
Task1_5D_1000;26;0;0;64,276700;81,892003;49,807799;77,660698;28,026354
Task1_5D_1000;27;0;0;0,645286;61,323308;97,805247;77,524089;38,077054
Task1_5D_1000;28;0;0;71,668737;89,828493;8,339595;47,564084;75,915764
Task1_5D_1000;29;0;0;53,924436;53,516435;11,398784;78,841756;19,076357
Task1_5D_1000;30;0;0;21,030566;66,995395;65,254451;73,368497;35,113579
Task1_5D_1000;31;0;0;32,600305;55,229970;33,371220;80,118045;1,595954
Task1_5D_1000;32;0;0;59,814494;89,382077;58,169508;49,938123;89,943929
Task1_5D_1000;33;0;0;65,946419;81,938114;25,410125;95,099911;6,183712
Task1_5D_1000;34;0;0;15,913435;67,840463;3,649520;92,077776;6,837907
Task1_5D_1000;35;0;0;48,963764;25,186652;16,644227;99,695581;21,829786
Task1_5D_1000;36;0;0;66,552627;27,787182;66,441176;35,322700;20,354631
Task1_5D_1000;37;1;0;39,252596;46,836239;77,312236;75,301459;91,974511
Task1_5D_1000;38;1;0;81,015050;86,952886;33,084381;94,113047;79,143339
Task1_5D_1000;39;0;0;17,609865;70,434080;29,860278;2,915032;59,338164
Task1_5D_1000;40;0;0;14,992105;81,758359;43,094135;3,487069;35,701519
Task1_5D_1000;41;0;0;80,055709;13,660002;18,674114;66,970053;51,342876
Task1_5D_1000;42;0;0;51,230404;55,812881;17,600788;30,882528;46,917792
Task1_5D_1000;43;0;0;78,428359;92,522899;33,095708;58,823797;68,393949
Task1_5D_1000;44;0;0;82,726706;51,070601;31,336343;39,799964;52,465331
Task1_5D_1000;45;0;0;74,727014;81,662340;65,901248;34,472308;46,096905
Task1_5D_1000;46;0;0;97,927080;82,467034;20,222742;18,263751;78,438690
Task1_5D_1000;47;0;0;12,290807;94,475209;2,512190;22,802469;28,521663
Task1_5D_1000;48;0;0;32,036843;34,686688;60,268357;13,811963;87,770499
Task1_5D_1000;49;0;0;82,851475;43,337109;9,475136;76,718984;41,351152
Task1_5D_1000;50;0;0;73,843155;7,877242;68,283197;83,609875;26,637292
Task1_5D_1000;51;0;0;44,484820;23,373029;0,416430;19,714739;4,494841
Task1_5D_1000;52;0;0;10,727821;87,441160;61,332035;71,764469;66,213610
Task1_5D_1000;53;0;0;62,886306;10,415399;29,838499;31,917451;60,917559
Task1_5D_1000;54;0;0;51,750481;67,852422;87,938247;26,818216;18,596002
Task1_5D_1000;55;1;0;97,313145;82,321900;69,582821;58,704419;24,112672
Task1_5D_1000;56;0;0;93,273407;70,318274;58,987474;43,206145;70,075124
Task1_5D_1000;57;0;0;54,059811;88,803223;64,338198;69,546990;17,901811
Task1_5D_1000;58;0;0;69,250528;5,994719;57,164838;20,983125;60,592748
Task1_5D_1000;59;0;0;25,776862;24,201940;43,017854;14,361669;65,401520
Task1_5D_1000;60;0;0;28,640155;8,783000;3,553138;31,890596;96,140954
Task1_5D_1000;61;0;0;24,116805;60,487152;57,771743;22,213085;15,041928
Task1_5D_1000;62;0;0;34,841962;30,191751;61,016929;6,714892;40,428198
Task1_5D_1000;63;0;0;36,221251;71,522978;65,483903;7,939952;58,609109
Task1_5D_1000;64;0;0;69,587760;51,162503;77,415924;33,165599;48,343118
Task1_5D_1000;65;0;0;48,700621;68,964209;17,385933;37,059410;12,983883
Task1_5D_1000;66;0;0;41,708504;32,080859;62,725711;24,165242;80,974726
Task1_5D_1000;67;0;0;64,936863;32,445906;60,235061;98,192421;33,984957
Task1_5D_1000;68;0;0;76,315821;17,154670;89,951339;27,620938;31,163311
Task1_5D_1000;69;0;0;26,313813;49,964740;71,996560;44,799101;40,825923
Task1_5D_1000;70;0;0;80,458072;49,646037;65,426030;0,374268;35,475936
Task1_5D_1000;71;0;0;3,990508;64,948659;18,445943;28,289435;67,540442
Task1_5D_1000;72;0;0;87,503150;87,583845;0,256094;12,232557;65,910054
Task1_5D_1000;73;0;0;16,891163;19,995356;64,060108;58,267975;24,496234
Task1_5D_1000;74;0;0;62,247453;47,619414;68,967669;88,867178;66,374057
Task1_5D_1000;75;0;0;53,417256;5,205139;90,250050;10,647588;83,943977
Task1_5D_1000;76;0;0;36,840881;13,569362;74,654474;88,707448;46,024492
Task1_5D_1000;77;0;0;17,042280;75,007519;58,800150;3,444727;77,124820
Task1_5D_1000;78;0;0;70,223796;21,389491;13,480375;31,925190;81,475821
Task1_5D_1000;79;0;0;79,632593;1,621947;34,393678;85,073903;24,820349
Task1_5D_1000;80;0;0;29,064500;50,808932;26,894364;63,157432;59,385309
Task1_5D_1000;81;0;0;74,111478;81,445060;55,650754;42,898402;42,082580
Task1_5D_1000;82;0;0;92,662632;0,517962;31,082939;84,794177;38,552700
Task1_5D_1000;83;0;0;15,703692;9,962589;38,208647;23,924300;4,779419
Task1_5D_1000;84;0;0;28,257810;56,783156;15,441853;41,639697;1,494237
Task1_5D_1000;85;0;0;0,029061;69,831879;75,605036;93,888613;67,715754
Task1_5D_1000;86;0;0;14,240742;32,741180;55,694979;96,391293;63,266121
Task1_5D_1000;87;0;0;66,579634;9,700727;85,259150;15,356084;78,144009
Task1_5D_1000;88;0;0;51,647099;65,671970;90,799082;79,210568;23,762462
Task1_5D_1000;89;0;0;1,189596;64,995086;44,829163;48,600353;12,547139
Task1_5D_1000;90;0;0;44,606344;31,594946;50,355837;39,860728;87,711988
Task1_5D_1000;91;0;0;55,982755;24,567472;98,032420;21,073266;69,370972
Task1_5D_1000;92;0;0;38,332680;82,013278;24,713715;16,243538;37,339657
Task1_5D_1000;93;1;0;76,450933;27,200521;43,994997;64,558108;97,847381
Task1_5D_1000;94;0;0;70,733605;31,464874;85,095650;76,301896;49,221144
Task1_5D_1000;95;0;0;91,708767;82,238310;43,018863;65,991307;53,381585
Task1_5D_1000;96;1;0;47,594611;82,274443;55,958080;97,708593;94,873972
Task1_5D_1000;97;0;0;40,310095;96,234788;26,279544;35,082306;36,159004
Task1_5D_1000;98;0;0;97,739660;36,492740;30,528232;76,068164;39,065507
Task1_5D_1000;99;0;0;0,550112;18,340609;56,066807;65,421963;77,955150
Task1_5D_1000;100;0;0;80,740425;15,311091;61,462933;92,271917;85,825686
Task1_5D_1000;101;0;0;40,193555;40,463940;61,859070;58,076362;49,030401
Task1_5D_1000;102;1;0;98,342021;1,915415;86,112271;2,164137;57,321049
Task1_5D_1000;103;0;0;49,470126;80,180375;18,967386;29,539503;31,814214
Task1_5D_1000;104;0;0;9,985407;29,526106;17,497297;22,813182;38,824409
Task1_5D_1000;105;0;0;45,218141;66,843849;31,262276;91,501110;19,668942
Task1_5D_1000;106;0;0;63,134543;10,881333;22,014065;62,512221;47,733400
Task1_5D_1000;107;1;0;86,322976;99,035569;53,699985;79,379943;30,903788
Task1_5D_1000;108;0;0;15,500329;13,229925;20,757797;77,497549;12,539887
Task1_5D_1000;109;0;0;83,149917;6,170743;80,586695;67,357858;7,582143
Task1_5D_1000;110;0;0;15,225068;25,212533;91,379384;80,924213;0,082440
Task1_5D_1000;111;0;0;62,836056;99,275401;76,548138;33,538534;11,093773
Task1_5D_1000;112;0;0;42,632024;53,880966;29,826893;39,870503;22,700423
Task1_5D_1000;113;0;0;24,843319;28,269904;87,125209;3,473034;91,940223
Task1_5D_1000;114;0;0;15,655732;86,292559;36,159311;52,504257;54,036226
Task1_5D_1000;115;0;0;23,376513;79,869100;16,685124;73,993977;59,541591
Task1_5D_1000;116;0;0;23,918222;34,497232;4,514978;49,429975;66,645928
Task1_5D_1000;117;0;0;85,151274;40,788359;90,643858;17,741514;37,564447
Task1_5D_1000;118;0;0;78,068703;30,091418;56,761448;61,805450;31,170464
Task1_5D_1000;119;0;0;7,313759;24,211737;42,966609;81,947453;36,453857
Task1_5D_1000;120;0;0;47,242756;0,921890;87,767325;77,603576;78,163020
Task1_5D_1000;121;0;0;58,598763;12,242595;22,516253;40,458592;75,951731
Task1_5D_1000;122;0;0;79,118177;31,189627;49,282906;8,960721;55,975979
Task1_5D_1000;123;0;0;64,678175;46,651904;88,837989;65,572268;19,723946
Task1_5D_1000;124;0;0;69,750339;22,103107;42,104934;51,575160;31,051041
Task1_5D_1000;125;0;0;51,113801;53,958617;34,501112;34,974255;84,810614
Task1_5D_1000;126;1;0;37,110041;6,316481;82,996066;22,866291;98,555055
Task1_5D_1000;127;0;0;47,037202;52,960284;67,408845;96,552433;63,089792
Task1_5D_1000;128;0;0;55,113191;66,207615;83,383570;85,518852;83,104315
Task1_5D_1000;129;0;0;8,363205;56,702913;20,423582;22,261235;48,457372
Task1_5D_1000;130;0;0;62,439221;19,435505;38,112383;19,054018;0,460831
Task1_5D_1000;131;0;0;75,243132;55,819620;37,202147;67,707785;19,391265
Task1_5D_1000;132;0;0;73,269620;8,386476;16,253394;97,736566;34,163838
Task1_5D_1000;133;0;0;34,205790;30,762525;83,400163;37,184941;9,890063
Task1_5D_1000;134;1;0;75,909030;89,090342;98,215471;74,429631;77,390396
Task1_5D_1000;135;1;0;80,107889;71,109715;16,651944;58,444510;95,783714
Task1_5D_1000;136;0;0;82,204488;66,094945;46,353028;86,244409;47,883238
Task1_5D_1000;137;0;0;79,393311;66,430528;67,949477;74,418728;40,048853
Task1_5D_1000;138;0;0;77,265338;16,359755;88,115863;59,873575;77,331662
Task1_5D_1000;139;0;0;0,664053;65,808296;94,850909;91,430704;50,062941
Task1_5D_1000;140;1;0;99,122758;25,215242;83,211956;29,544202;92,077494
Task1_5D_1000;141;0;0;82,755159;41,104223;78,679676;83,773433;15,380515
Task1_5D_1000;142;0;0;79,822244;12,033030;18,379369;89,138910;85,491542
Task1_5D_1000;143;1;0;74,671708;19,461076;11,630210;97,142666;98,180443
Task1_5D_1000;144;0;0;78,260938;14,939189;21,680977;62,559736;75,806553
Task1_5D_1000;145;1;0;95,247175;97,947601;42,470251;87,440274;78,393258
Task1_5D_1000;146;0;0;20,401968;8,161953;84,450708;14,425188;62,880267
Task1_5D_1000;147;0;0;81,254636;35,691318;13,555952;31,375146;74,095671
Task1_5D_1000;148;0;0;9,736683;32,159845;1,520053;87,883327;56,565448
Task1_5D_1000;149;0;0;21,734999;98,928995;80,096044;19,799102;28,401774
Task1_5D_1000;150;0;0;12,796293;23,784336;62,750185;56,323778;25,604198
Task1_5D_1000;151;0;0;73,846260;38,521643;22,038862;42,714077;76,242385
Task1_5D_1000;152;0;0;30,437186;24,705960;67,386085;98,323525;2,186879
Task1_5D_1000;153;0;0;91,382173;94,898241;28,355542;68,417103;11,757218
Task1_5D_1000;154;1;0;76,423769;97,662703;91,874066;74,794120;35,054207
Task1_5D_1000;155;0;0;23,919298;31,426175;64,642496;12,714215;17,547895
Task1_5D_1000;156;0;0;24,274905;43,835257;68,129151;54,261595;68,140148
Task1_5D_1000;157;0;0;28,419457;7,524726;75,364348;72,259925;91,627214
Task1_5D_1000;158;0;0;24,422380;17,922696;35,973351;35,469422;43,821163
Task1_5D_1000;159;0;0;90,690613;64,596536;14,959571;35,936949;21,046595
Task1_5D_1000;160;0;0;37,529586;12,692799;71,367499;53,633463;43,955576
Task1_5D_1000;161;1;0;83,413846;92,211128;95,261424;23,748301;5,989921
Task1_5D_1000;162;0;0;95,930628;21,749923;27,335067;30,286445;12,532779
Task1_5D_1000;163;0;0;39,344965;10,746012;36,240768;43,757683;96,754456
Task1_5D_1000;164;0;0;76,513794;7,215713;85,159227;27,717168;54,479471
Task1_5D_1000;165;0;0;10,065365;30,017080;10,818548;79,211839;50,870364
Task1_5D_1000;166;0;0;80,384912;58,723668;24,304928;9,452098;4,694615
Task1_5D_1000;167;0;0;55,108865;21,389036;39,015284;49,841357;44,602097
Task1_5D_1000;168;0;0;30,834609;8,962448;19,777568;15,204432;89,844770
Task1_5D_1000;169;0;0;23,896354;87,613149;4,145449;36,285236;43,421748
Task1_5D_1000;170;0;0;29,076373;46,306587;82,385237;57,715637;62,151564
Task1_5D_1000;171;1;0;29,088023;12,307777;64,152736;64,131210;95,957696
Task1_5D_1000;172;0;0;20,305093;20,413292;29,943402;33,394254;79,615556
Task1_5D_1000;173;0;0;9,955112;82,110845;77,425657;17,477091;19,584896
Task1_5D_1000;174;0;0;22,666397;69,070168;38,223377;65,065212;85,154664
Task1_5D_1000;175;0;0;83,278128;41,765053;77,951706;37,012378;17,082592
Task1_5D_1000;176;0;0;67,429621;20,405266;85,754235;65,162837;55,596782
Task1_5D_1000;177;0;0;67,226072;37,965635;18,480209;5,418364;25,398925
Task1_5D_1000;178;0;0;18,948287;70,160576;96,325467;78,520550;65,229095
Task1_5D_1000;179;0;0;23,635892;2,947460;84,105680;43,900088;76,056194
Task1_5D_1000;180;0;0;19,487759;21,429488;6,765275;70,740190;17,021778
Task1_5D_1000;181;0;0;54,358584;93,602584;41,352423;43,195964;61,833329
Task1_5D_1000;182;0;0;4,291041;16,379972;41,029784;26,381462;0,201944
Task1_5D_1000;183;0;0;42,678141;88,457868;7,439332;12,773188;79,916686
Task1_5D_1000;184;0;0;23,131324;61,948067;17,961224;19,933778;59,067059
Task1_5D_1000;185;0;0;59,857809;33,451416;22,733378;3,713297;68,699480
Task1_5D_1000;186;0;0;48,211676;49,465553;57,817541;17,806269;65,887589
Task1_5D_1000;187;0;0;87,736179;8,876747;2,526294;22,276040;70,480706
Task1_5D_1000;188;0;0;92,467838;27,690821;33,521605;51,278561;38,957368
Task1_5D_1000;189;0;0;36,581981;9,841493;8,669228;86,069409;68,982158
Task1_5D_1000;190;0;0;71,239677;61,639042;72,648473;28,534724;29,145746
Task1_5D_1000;191;0;0;54,953752;91,585027;93,713369;0,758020;32,777428
Task1_5D_1000;192;0;0;72,193473;68,193004;85,930798;57,249957;13,939405
Task1_5D_1000;193;0;0;55,107912;95,046863;31,225285;68,218526;59,366429
Task1_5D_1000;194;0;0;34,289893;63,556718;51,269458;66,135556;47,979880
Task1_5D_1000;195;0;0;1,058564;43,677859;7,919727;20,972606;35,410287
Task1_5D_1000;196;0;0;21,251745;46,649686;36,207675;92,216823;64,648773
Task1_5D_1000;197;0;0;52,756278;9,602693;98,189676;85,065948;4,380215
Task1_5D_1000;198;1;0;42,628312;39,294205;99,188340;25,709463;86,089847
Task1_5D_1000;199;0;0;80,711250;95,533604;42,242185;1,882142;78,076988
Task1_5D_1000;200;0;0;10,016941;69,827662;1,469358;30,633516;17,382576
Task1_5D_1000;201;0;0;26,879985;86,943197;55,742779;40,800682;10,607333
Task1_5D_1000;202;0;0;38,565590;55,467173;68,664821;1,010539;4,750453
Task1_5D_1000;203;0;0;33,495557;17,316797;89,740639;66,222744;49,749942
Task1_5D_1000;204;0;0;18,994070;75,735560;96,211765;88,172586;80,321302
Task1_5D_1000;205;0;0;54,439176;18,080459;27,485336;93,353653;10,664719
Task1_5D_1000;206;0;0;78,627647;28,531319;75,322052;73,858112;64,207536
Task1_5D_1000;207;0;0;42,744634;3,991267;14,472762;32,947052;38,961957
Task1_5D_1000;208;0;0;85,887141;2,316958;75,664492;39,288419;64,534031
Task1_5D_1000;209;0;0;82,988400;50,160899;39,810120;92,930018;32,090153
Task1_5D_1000;210;0;0;54,936475;47,078608;57,299428;6,433155;11,308457
Task1_5D_1000;211;0;0;70,781037;0,696390;15,498557;90,254977;87,708692
Task1_5D_1000;212;0;0;8,849448;6,848559;31,652534;18,538305;85,755165
Task1_5D_1000;213;0;0;43,279298;43,352019;48,815107;11,720072;78,809023
Task1_5D_1000;214;0;0;14,631507;68,270295;54,195996;38,078085;36,080711
Task1_5D_1000;215;0;0;76,067416;4,628640;20,818477;45,325213;94,217001
Task1_5D_1000;216;1;0;61,203000;88,570473;73,934847;91,382251;75,814781
Task1_5D_1000;217;0;0;45,343248;30,834016;78,861163;31,043860;77,823724
Task1_5D_1000;218;0;0;79,285946;22,924074;80,432304;36,902907;58,036833
Task1_5D_1000;219;0;0;8,321775;15,479246;66,971904;71,908355;30,821170
Task1_5D_1000;220;0;0;20,034988;65,982037;99,290746;55,053960;59,569828
Task1_5D_1000;221;0;0;72,904934;64,786917;88,128403;14,807724;80,954567
Task1_5D_1000;222;1;0;99,371220;18,099901;65,490530;99,109576;17,435151
Task1_5D_1000;223;0;0;65,304863;20,465781;28,783875;3,828317;44,944506
Task1_5D_1000;224;0;0;60,025152;4,035754;18,782327;97,452939;53,781854
Task1_5D_1000;225;1;0;9,699273;97,647375;48,328798;58,608848;79,537386
Task1_5D_1000;226;0;0;7,691585;96,456865;47,991383;4,498308;4,388413
Task1_5D_1000;227;0;0;44,303208;1,645927;50,607154;84,345692;17,099527
Task1_5D_1000;228;0;0;83,344202;30,411225;90,678506;21,884581;9,346364
Task1_5D_1000;229;0;0;28,658083;51,604848;13,895774;23,945586;81,834167
Task1_5D_1000;230;1;0;99,937635;95,807076;24,764712;82,357399;27,898944
Task1_5D_1000;231;0;0;97,396073;60,066935;28,034081;40,869192;68,377211
Task1_5D_1000;232;1;0;36,260452;91,814189;98,443738;80,887699;88,152780
Task1_5D_1000;233;1;0;70,864283;93,946506;99,969751;53,594608;64,246814
Task1_5D_1000;234;0;0;11,309165;94,389373;57,988687;5,538740;49,144631
Task1_5D_1000;235;0;0;3,580512;24,482098;2,124866;24,003956;58,962884
Task1_5D_1000;236;1;0;98,311241;97,889175;28,185424;84,125480;81,372787
Task1_5D_1000;237;0;0;5,099947;63,172293;47,921692;98,054822;62,348046
Task1_5D_1000;238;0;0;79,676069;10,034217;53,123812;96,911134;56,529249
Task1_5D_1000;239;0;0;13,311542;79,222739;7,329094;14,421721;41,015739
Task1_5D_1000;240;1;0;60,090490;8,960218;63,471235;68,368263;96,950900
Task1_5D_1000;241;0;0;15,329198;68,848565;28,193035;51,563305;89,140235
Task1_5D_1000;242;0;0;20,925279;79,697328;37,889700;23,969974;42,275397
Task1_5D_1000;243;0;0;9,390223;64,817609;68,521054;58,137330;67,704052
Task1_5D_1000;244;0;0;3,268478;50,632546;76,373542;39,366327;49,774184
Task1_5D_1000;245;0;0;54,336678;23,823781;71,092886;37,523089;37,287020
Task1_5D_1000;246;0;0;91,444909;62,405864;22,612707;93,456843;44,409144
Task1_5D_1000;247;0;0;58,876956;21,863586;48,493709;3,480288;74,988594
Task1_5D_1000;248;0;0;75,309379;53,798119;45,460037;86,329964;72,290797
Task1_5D_1000;249;0;0;8,558994;95,036915;50,128137;32,867869;76,772869
Task1_5D_1000;250;0;0;53,679646;60,473987;38,673659;47,273633;30,736480
Task1_5D_1000;251;0;0;80,610423;67,217872;5,600110;41,935424;27,001432
Task1_5D_1000;252;0;0;24,373646;4,672781;28,364935;12,805590;48,803264
Task1_5D_1000;253;0;0;13,907527;53,067082;75,604442;37,909415;18,082737
Task1_5D_1000;254;0;0;14,079978;7,668880;2,296260;18,195418;63,460543
Task1_5D_1000;255;0;0;30,494289;48,249240;22,679583;96,313606;23,141595
Task1_5D_1000;256;1;0;76,739225;92,920808;65,961222;60,275504;41,161157
Task1_5D_1000;257;1;0;22,761312;67,337664;71,508149;86,807132;99,206294
Task1_5D_1000;258;0;0;71,005908;64,500365;39,974050;29,536876;63,424807
Task1_5D_1000;259;0;0;34,412029;96,835400;50,910940;4,494493;37,025475
Task1_5D_1000;260;0;0;0,219052;47,342318;93,387889;14,715251;92,047260
Task1_5D_1000;261;1;0;95,046030;84,530730;82,334604;81,590342;64,568063
Task1_5D_1000;262;0;0;60,616749;95,179998;78,158702;41,864409;74,440092
Task1_5D_1000;263;1;0;97,088202;79,640569;93,401116;33,279467;66,890366
Task1_5D_1000;264;0;0;44,655218;45,237955;90,760759;87,179715;28,408465
Task1_5D_1000;265;0;0;18,898802;28,232521;62,227854;46,818961;13,440104
Task1_5D_1000;266;0;0;7,248664;92,760100;33,175191;3,485042;73,504939
Task1_5D_1000;267;0;0;80,235361;82,998173;1,394904;33,144106;61,391129
Task1_5D_1000;268;1;0;62,815612;5,788855;64,776332;85,780441;91,480808
Task1_5D_1000;269;0;0;63,595437;22,428183;61,577902;37,735788;84,091827
Task1_5D_1000;270;0;0;34,913621;45,446001;19,401509;3,140532;80,121567
Task1_5D_1000;271;0;0;79,343959;46,174424;60,435786;49,601495;4,435792
Task1_5D_1000;272;0;0;41,202928;20,530584;3,290948;62,019450;60,533427
Task1_5D_1000;273;0;0;91,831292;81,043953;4,794927;57,937144;75,554705
Task1_5D_1000;274;0;0;43,280713;58,877141;50,313103;67,369237;66,546413
Task1_5D_1000;275;0;0;30,907474;70,636032;71,751852;58,641122;77,749269
Task1_5D_1000;276;0;0;2,105395;68,788783;48,611251;76,310228;33,773274
Task1_5D_1000;277;0;0;92,706675;58,173258;81,905011;0,793040;6,466387
Task1_5D_1000;278;1;0;11,323425;95,163289;6,033620;70,575002;89,120346
Task1_5D_1000;279;0;0;75,324831;67,265114;84,402415;38,765365;38,224583
Task1_5D_1000;280;0;0;79,871562;6,312130;18,197023;78,445826;34,093767
Task1_5D_1000;281;0;0;41,471308;9,822291;89,124375;38,589375;55,960839
Task1_5D_1000;282;1;0;96,575674;27,795466;74,948553;80,315129;86,424516
Task1_5D_1000;283;0;0;71,722788;1,584039;58,733712;11,141395;89,617290
Task1_5D_1000;284;0;0;95,298406;38,511697;45,714993;21,538203;56,070067
Task1_5D_1000;285;1;0;94,956337;60,402988;77,914555;92,888323;17,410913
Task1_5D_1000;286;0;0;10,005628;3,286359;0,047467;73,931312;55,557131
Task1_5D_1000;287;0;0;29,476376;35,021870;53,939289;56,857228;67,535992
Task1_5D_1000;288;0;0;43,918391;73,838674;67,115424;62,238774;64,579101
Task1_5D_1000;289;0;0;79,500228;37,944845;95,911032;1,849181;18,542345
Task1_5D_1000;290;0;0;3,706160;80,332488;95,085662;3,080746;45,650592
Task1_5D_1000;291;0;0;80,621339;59,839142;31,404937;24,658954;5,452366
Task1_5D_1000;292;0;0;77,863640;0,573170;22,195254;85,704218;87,640136
Task1_5D_1000;293;0;0;46,788452;15,741279;37,835018;6,075951;54,447979
Task1_5D_1000;294;0;0;47,577980;82,587977;61,287170;36,699373;8,215881
Task1_5D_1000;295;1;0;32,918896;30,986040;12,823378;98,906662;92,706749
Task1_5D_1000;296;0;0;69,842290;31,269353;64,640308;35,077472;77,282191
Task1_5D_1000;297;0;0;11,021621;6,025625;69,754812;79,482470;43,849913
Task1_5D_1000;298;0;0;2,409232;8,007838;48,714675;93,199802;5,149800
Task1_5D_1000;299;1;0;7,949449;63,494135;60,885216;24,399400;99,521747
Task1_5D_1000;300;0;0;80,164993;26,217526;92,151803;78,807476;55,108779
Task1_5D_1000;301;1;0;1,456138;83,960636;99,923902;99,247540;97,673564
Task1_5D_1000;302;0;0;4,929054;61,320089;5,916674;79,479604;28,963790
Task1_5D_1000;303;0;0;86,963296;67,033016;56,374904;27,933960;72,582138
Task1_5D_1000;304;0;0;58,999199;60,590414;69,310708;78,242922;24,155872
Task1_5D_1000;305;0;0;89,972461;82,144497;30,476108;47,584167;22,416704
Task1_5D_1000;306;0;0;50,779012;56,840487;42,969097;63,424437;49,333974
Task1_5D_1000;307;0;0;64,516921;49,782156;38,660386;48,684644;24,665932
Task1_5D_1000;308;0;0;8,198257;43,823612;14,042448;33,256159;45,227037
Task1_5D_1000;309;0;0;37,557243;67,872052;21,269974;31,351000;15,991551
Task1_5D_1000;310;0;0;53,309841;7,687629;94,915115;76,078095;56,262725
Task1_5D_1000;311;0;0;50,582450;75,718814;72,620806;32,213272;53,255157
Task1_5D_1000;312;1;0;44,666681;96,588647;9,855470;66,922030;85,359752
Task1_5D_1000;313;1;0;75,187795;0,425141;97,763597;97,785435;98,607135
Task1_5D_1000;314;0;0;55,698518;19,142815;26,655989;96,547103;82,805783
Task1_5D_1000;315;0;0;18,603429;43,405084;7,353596;6,635502;30,919206
Task1_5D_1000;316;0;0;52,412392;70,531231;15,943013;26,905399;57,307611
Task1_5D_1000;317;1;0;7,633823;51,779388;98,743307;23,170534;94,582436
Task1_5D_1000;318;0;0;23,164914;65,323366;57,149247;68,358598;78,344975
Task1_5D_1000;319;0;0;69,661066;84,685863;15,137445;35,665818;14,343517
Task1_5D_1000;320;0;0;32,043805;60,705030;88,006856;28,367256;82,258234
Task1_5D_1000;321;0;0;23,099131;9,128465;67,390039;98,212742;58,808369
Task1_5D_1000;322;0;0;7,826964;45,340822;91,990788;46,336652;86,639738
Task1_5D_1000;323;0;0;70,926465;4,176617;35,683845;33,717209;96,090911
Task1_5D_1000;324;0;0;11,202667;1,469510;91,123996;33,998616;52,621782
Task1_5D_1000;325;0;0;94,565624;84,967841;59,026431;60,439777;58,220550
Task1_5D_1000;326;0;0;66,790219;5,767740;87,024141;63,088278;78,609344
Task1_5D_1000;327;0;0;63,651324;8,380177;25,954658;12,808975;49,319922
Task1_5D_1000;328;0;0;89,208370;25,433568;45,670339;81,287782;52,321849
Task1_5D_1000;329;0;0;28,603459;8,041529;65,410375;89,969101;33,787545
Task1_5D_1000;330;0;0;25,067837;46,161158;22,267822;85,368166;35,846244
Task1_5D_1000;331;0;0;96,320488;17,971841;84,829701;57,232446;71,769074
Task1_5D_1000;332;1;0;41,870176;37,284641;46,029985;84,979464;96,745523
Task1_5D_1000;333;1;0;73,707176;48,381487;7,461600;88,555357;90,386612
Task1_5D_1000;334;1;0;76,111418;99,494466;61,482617;67,273602;11,087325
Task1_5D_1000;335;0;0;26,884943;73,172396;35,913101;65,100816;24,151854
Task1_5D_1000;336;0;0;76,170898;53,513109;49,451937;8,218684;2,853012
Task1_5D_1000;337;0;0;10,653700;17,250448;53,772834;63,051183;75,917464
Task1_5D_1000;338;0;0;29,095803;19,658803;24,637781;60,340837;71,357854
Task1_5D_1000;339;0;0;32,123627;10,631990;57,367192;10,865845;85,512112
Task1_5D_1000;340;0;0;31,920489;30,925839;59,371981;88,060025;41,529145
Task1_5D_1000;341;0;0;54,788007;6,387193;64,649030;17,787861;1,350177
Task1_5D_1000;342;0;0;43,129876;49,528018;51,480348;37,597038;11,992072
Task1_5D_1000;343;0;0;1,866297;64,160899;28,547588;72,443045;34,536658
Task1_5D_1000;344;0;0;38,127894;82,103574;5,136034;47,868928;18,418743
Task1_5D_1000;345;0;0;18,887704;95,631968;0,892506;12,561823;17,567878
Task1_5D_1000;346;0;0;2,034528;31,223557;27,679536;3,171788;97,046730
Task1_5D_1000;347;0;0;8,922741;48,336283;79,114415;31,022437;50,506060
Task1_5D_1000;348;0;0;43,699377;43,719579;71,649418;29,879272;4,416301
Task1_5D_1000;349;0;0;95,541256;84,748188;0,980496;43,501788;39,239147
Task1_5D_1000;350;1;0;68,504574;64,899933;46,288383;62,251299;95,423531
Task1_5D_1000;351;0;0;49,418616;18,326740;80,371837;53,052227;37,271555
Task1_5D_1000;352;0;0;92,648522;42,842805;69,751144;59,937346;7,557554
Task1_5D_1000;353;0;0;80,641228;49,303991;28,384141;14,249246;78,243266
Task1_5D_1000;354;0;0;34,226109;1,111704;13,545864;13,342385;41,003627
Task1_5D_1000;355;0;0;18,669930;91,394023;90,049398;22,663368;76,360365
Task1_5D_1000;356;0;0;19,554011;83,637012;13,938872;96,560881;76,378647
Task1_5D_1000;357;0;0;6,039208;43,968212;18,297447;79,008003;39,481755
Task1_5D_1000;358;1;0;85,608735;89,440773;96,015468;83,765815;86,128679
Task1_5D_1000;359;0;0;95,817035;7,559583;81,975594;84,594938;4,916376
Task1_5D_1000;360;0;0;59,048788;70,068495;97,006884;86,478846;72,339405
Task1_5D_1000;361;0;0;34,638601;61,493031;90,248829;7,087671;86,230787
Task1_5D_1000;362;0;0;16,707758;45,708832;88,255737;4,293782;53,664730
Task1_5D_1000;363;1;0;82,819270;37,875031;78,517047;41,454713;91,056099
Task1_5D_1000;364;1;0;11,064960;98,455044;86,562067;35,708452;56,649056
Task1_5D_1000;365;0;0;88,100382;34,088564;77,814317;89,427825;29,208355
Task1_5D_1000;366;0;0;56,557849;36,151683;75,880807;9,813363;51,115780
Task1_5D_1000;367;0;0;81,311631;80,277646;52,231446;74,366921;75,377223
Task1_5D_1000;368;0;0;79,858658;3,183228;14,895657;64,407488;25,296287
Task1_5D_1000;369;0;0;89,156101;27,497645;17,269155;44,748339;85,147246
Task1_5D_1000;370;0;0;35,060672;76,075272;68,268662;42,118290;38,808059
Task1_5D_1000;371;0;0;22,777494;98,006510;33,885036;17,055903;20,329901
Task1_5D_1000;372;0;0;61,983807;92,754003;24,348632;22,418971;39,596005
Task1_5D_1000;373;0;0;10,950874;78,928699;23,716329;49,275877;12,174988
Task1_5D_1000;374;0;0;3,231566;93,666313;57,053050;0,433756;1,348071
Task1_5D_1000;375;0;0;1,475251;11,515199;97,397318;6,079540;67,329402
Task1_5D_1000;376;0;0;14,004531;64,115455;53,372493;31,611206;12,062207
Task1_5D_1000;377;0;0;29,825895;91,055471;38,364729;19,510070;48,737250
Task1_5D_1000;378;1;0;79,254071;94,226286;56,171072;96,898462;16,131082
Task1_5D_1000;379;0;0;0,340539;62,169611;1,519668;44,163783;75,111812
Task1_5D_1000;380;0;0;25,968742;58,943577;56,371661;30,742376;18,457382
Task1_5D_1000;381;0;0;24,569106;18,641170;7,031582;70,197493;65,426209
Task1_5D_1000;382;1;0;0,828627;99,943225;36,946784;37,570960;22,799036
Task1_5D_1000;383;0;0;0,855349;49,914400;30,432828;34,677199;77,432962
Task1_5D_1000;384;0;0;42,948442;58,120948;73,997817;46,302640;11,221031
Task1_5D_1000;385;0;0;21,239687;92,515980;81,906649;17,821262;90,475867
Task1_5D_1000;386;0;0;20,413282;77,935221;7,298947;2,871783;59,494702
Task1_5D_1000;387;0;0;14,979836;31,800994;23,418838;19,403258;26,818855
Task1_5D_1000;388;0;0;20,037987;64,858066;43,232090;62,975134;95,990104
Task1_5D_1000;389;0;0;16,575266;27,872306;64,499110;29,223447;87,841602
Task1_5D_1000;390;0;0;11,970994;70,961020;3,501059;68,228293;26,070768
Task1_5D_1000;391;0;0;88,402665;53,457310;11,892327;74,039622;44,312266
Task1_5D_1000;392;0;0;53,411240;36,520757;37,012891;82,795947;3,673519
Task1_5D_1000;393;0;0;96,839680;45,362193;76,344071;89,167543;40,923531
Task1_5D_1000;394;0;0;60,145448;36,510409;14,402451;70,524830;34,912658
Task1_5D_1000;395;0;0;71,224772;62,541073;4,479322;11,815055;5,418228
Task1_5D_1000;396;0;0;38,868670;24,707503;87,720602;78,947137;43,355761
Task1_5D_1000;397;0;0;32,762949;16,171804;64,303879;55,455219;91,071262
Task1_5D_1000;398;0;0;3,348876;14,792817;60,883971;67,788186;23,600346
Task1_5D_1000;399;0;0;74,325300;60,965507;95,183000;34,721311;34,692364
Task1_5D_1000;400;0;0;29,843938;18,536571;98,213317;92,898682;60,861997
Task1_5D_1000;401;0;0;97,354742;63,658084;81,132777;38,486797;75,204493
Task1_5D_1000;402;0;0;23,001575;36,415140;7,186440;22,444019;4,800379
Task1_5D_1000;403;0;0;57,995575;11,892089;69,308394;36,643136;92,250164
Task1_5D_1000;404;0;0;15,369919;75,180145;5,782235;66,750265;90,318217
Task1_5D_1000;405;1;0;83,001131;77,596074;80,506237;15,015477;94,939414
Task1_5D_1000;406;1;0;55,210862;82,455358;2,468122;99,935830;89,184065
Task1_5D_1000;407;0;0;90,638066;14,543262;7,602410;74,121501;29,958987
Task1_5D_1000;408;0;0;43,045858;85,110586;24,337631;93,289585;1,083910
Task1_5D_1000;409;0;0;23,640343;5,485487;84,052944;73,862147;58,257984
Task1_5D_1000;410;0;0;3,143126;91,915699;49,662054;89,166598;14,340500
Task1_5D_1000;411;0;0;49,795582;81,231534;75,394053;16,073174;63,429769
Task1_5D_1000;412;0;0;71,000310;39,828721;34,778596;3,705047;30,204649
Task1_5D_1000;413;0;0;45,367089;1,120304;39,827334;8,584438;11,036649
Task1_5D_1000;414;0;0;91,224831;10,105650;73,776597;74,559467;38,253002
Task1_5D_1000;415;0;0;84,687382;50,793293;48,290897;87,892803;16,625500
Task1_5D_1000;416;0;0;2,560446;69,896094;73,535268;52,617085;56,717296
Task1_5D_1000;417;0;0;96,148061;76,777684;31,410824;92,741149;48,946022
Task1_5D_1000;418;1;0;48,566463;56,106144;55,925683;77,753544;94,890591
Task1_5D_1000;419;0;0;65,125722;65,936231;86,038866;67,187559;62,379215
Task1_5D_1000;420;0;0;61,810830;68,064893;35,569531;80,148768;68,292060
Task1_5D_1000;421;0;0;92,260462;29,927064;82,358300;35,249793;43,886804
Task1_5D_1000;422;0;0;34,920167;27,677514;55,909049;98,520251;72,121172
Task1_5D_1000;423;0;0;99,006803;32,672470;63,324503;1,693929;54,487930
Task1_5D_1000;424;0;0;84,385013;44,547957;58,411358;18,524512;0,551284
Task1_5D_1000;425;0;0;27,475464;99,456415;25,330767;25,794848;4,821800
Task1_5D_1000;426;0;0;59,816939;75,100648;60,189814;70,759677;4,766091
Task1_5D_1000;427;0;0;57,744395;6,734310;4,208679;88,721887;97,041222
Task1_5D_1000;428;0;0;6,350609;85,931809;31,604827;11,133327;2,856838
Task1_5D_1000;429;1;0;21,247943;97,481377;69,118064;24,415289;67,141327
Task1_5D_1000;430;0;0;10,643164;29,791180;51,239563;31,496936;85,835971
Task1_5D_1000;431;0;0;18,075221;5,564214;35,157264;75,377347;75,808425
Task1_5D_1000;432;0;0;21,543958;43,350887;1,439932;87,944082;11,377502
Task1_5D_1000;433;0;0;25,859002;71,251868;45,057159;69,720244;70,373549
Task1_5D_1000;434;0;0;69,200066;87,166630;83,471110;0,713930;61,431113
Task1_5D_1000;435;0;0;46,731303;81,009176;46,856378;15,336630;21,339674
Task1_5D_1000;436;0;0;95,513806;43,376491;76,422518;52,130378;8,240253
Task1_5D_1000;437;0;0;9,437994;23,278342;74,594264;68,354898;27,180336
Task1_5D_1000;438;0;0;68,295235;9,462746;20,214281;89,230895;38,109430
Task1_5D_1000;439;0;0;70,757841;4,621845;75,554820;61,347021;72,557915
Task1_5D_1000;440;0;0;70,867120;55,045794;11,433789;67,738533;28,392847
Task1_5D_1000;441;0;0;32,362070;16,144965;50,749679;52,234729;60,109402
Task1_5D_1000;442;0;0;52,136694;4,067042;82,821064;52,218535;54,917018
Task1_5D_1000;443;1;0;99,262186;13,818396;91,541786;46,496997;22,894229
Task1_5D_1000;444;0;0;77,560616;55,930986;65,445804;51,617906;64,266726
Task1_5D_1000;445;0;0;4,777362;81,436076;29,164845;13,808409;7,599604
Task1_5D_1000;446;0;0;69,914623;78,220660;43,436699;24,821992;96,264759
Task1_5D_1000;447;0;0;68,890561;53,244513;24,823766;3,821574;93,869090
Task1_5D_1000;448;0;0;73,414088;32,164836;12,747757;69,260570;20,166430
Task1_5D_1000;449;1;0;33,742749;5,782603;66,080337;45,562890;99,137837
Task1_5D_1000;450;0;0;38,621878;90,784869;45,440904;62,740626;77,511170
Task1_5D_1000;451;0;0;31,918454;84,369322;20,087874;84,752425;63,507311
Task1_5D_1000;452;0;0;34,048419;27,173026;99,457569;50,059170;69,848986
Task1_5D_1000;453;0;0;42,955529;97,389159;66,384657;38,508290;8,235773
Task1_5D_1000;454;0;0;21,523519;57,362298;18,077785;68,843237;63,758837
Task1_5D_1000;455;0;0;23,116623;44,877993;17,651267;54,864067;1,712438
Task1_5D_1000;456;0;0;46,908379;72,627180;35,509461;77,438310;27,645312
Task1_5D_1000;457;0;0;40,011163;39,161493;93,935096;2,510929;88,498959
Task1_5D_1000;458;1;0;93,543389;84,827793;15,425693;91,225480;81,555856
Task1_5D_1000;459;0;0;39,675009;22,299783;58,679247;81,452519;23,648459
Task1_5D_1000;460;0;0;20,117512;59,354414;56,996890;85,193230;62,706104
Task1_5D_1000;461;1;0;99,826908;51,600308;85,963940;18,906756;54,517822
Task1_5D_1000;462;0;0;15,938407;39,163386;96,244088;94,797658;17,244013
Task1_5D_1000;463;0;0;41,626537;60,373091;28,132656;14,189813;91,999459
Task1_5D_1000;464;0;0;28,170320;24,005281;27,811030;25,332064;18,787607
Task1_5D_1000;465;0;0;5,186303;76,019370;17,193393;12,492778;29,156741
Task1_5D_1000;466;0;0;31,495135;9,380454;62,622404;57,509320;29,238563
Task1_5D_1000;467;1;0;35,683186;99,843209;59,204471;73,497891;3,893993
Task1_5D_1000;468;0;0;59,795390;65,246628;6,998913;80,380658;48,596525
Task1_5D_1000;469;0;0;51,704703;68,941105;74,646318;47,479246;37,784763
Task1_5D_1000;470;0;0;88,564561;25,873468;30,993804;38,340234;1,752734
Task1_5D_1000;471;0;0;39,358881;14,115734;65,673088;79,197759;52,621537
Task1_5D_1000;472;0;0;51,967628;31,091665;13,754376;29,573199;95,509800
Task1_5D_1000;473;0;0;27,921948;51,639349;82,379673;84,622059;24,938098
Task1_5D_1000;474;0;0;28,186407;22,631945;1,903417;49,504522;44,892782
Task1_5D_1000;475;0;0;97,459557;53,140935;40,781292;71,296971;41,960648
Task1_5D_1000;476;0;0;25,884780;18,384357;2,874459;53,777215;65,241400
Task1_5D_1000;477;0;0;28,510945;61,693408;43,401270;38,061423;59,677025
Task1_5D_1000;478;0;0;39,616467;64,950038;94,473924;92,512970;75,779688
Task1_5D_1000;479;0;0;18,946352;49,179006;99,562064;14,503496;9,075858
Task1_5D_1000;480;1;0;0,986975;95,717384;39,651693;46,782506;88,704891
Task1_5D_1000;481;0;0;43,883349;46,668867;62,086624;50,967611;53,176653
Task1_5D_1000;482;0;0;55,316081;65,132312;65,754495;6,146044;37,363071
Task1_5D_1000;483;0;0;4,558338;30,733874;40,453113;71,927344;29,786221
Task1_5D_1000;484;0;0;86,765099;6,641371;95,724388;36,862853;73,162125
Task1_5D_1000;485;0;0;39,706903;4,423320;73,494557;78,731903;31,678287
Task1_5D_1000;486;0;0;74,689653;66,318209;15,073946;67,092560;80,327129
Task1_5D_1000;487;0;0;59,748162;3,567214;50,925747;45,291386;37,318154
Task1_5D_1000;488;0;0;82,824121;10,309488;32,607131;94,444083;4,610394
Task1_5D_1000;489;1;0;83,350578;72,005770;91,298038;55,011237;88,939349
Task1_5D_1000;490;0;0;56,314191;39,786456;41,389185;70,485797;75,368612
Task1_5D_1000;491;0;0;14,491582;38,718296;44,607712;47,264529;69,944240
Task1_5D_1000;492;0;0;40,469782;74,113206;18,377517;70,600516;16,072933
Task1_5D_1000;493;0;0;54,630165;72,805448;50,010673;37,753867;1,861188
Task1_5D_1000;494;0;0;80,244281;55,672302;93,603293;45,246435;79,590251
Task1_5D_1000;495;0;0;51,354292;62,857072;51,681207;3,403806;78,161861
Task1_5D_1000;496;0;0;79,742450;34,732371;9,888604;11,636422;71,984681
Task1_5D_1000;497;0;0;57,744619;54,426183;80,686792;13,229579;4,581177
Task1_5D_1000;498;0;0;64,825795;31,000971;15,806682;31,100784;68,718510
Task1_5D_1000;499;0;0;14,292983;69,577978;36,247208;56,276441;49,464586
Task1_5D_1000;500;1;0;87,441753;70,260104;79,099254;96,612599;74,649778
Task1_5D_1000;501;0;0;62,491877;86,620741;61,853070;19,619684;94,290633
Task1_5D_1000;502;1;0;69,484078;97,094460;82,318968;35,775933;42,479906
Task1_5D_1000;503;0;0;12,449440;49,042548;26,451253;43,621220;73,066367
Task1_5D_1000;504;0;0;31,874146;10,989509;79,119587;22,348810;74,096388
Task1_5D_1000;505;0;0;59,998790;42,683202;14,830378;28,936183;31,288353
Task1_5D_1000;506;0;0;56,983115;82,155119;30,607723;77,676852;1,343667
Task1_5D_1000;507;0;0;31,227738;66,020483;15,894476;11,020597;68,798320
Task1_5D_1000;508;0;0;2,561791;81,979608;56,143155;67,574616;30,725972
Task1_5D_1000;509;0;0;17,029489;54,965536;6,319536;28,858905;20,907505
Task1_5D_1000;510;0;0;43,979715;88,154786;65,591545;44,631931;60,799797
Task1_5D_1000;511;0;0;2,638279;66,066853;5,025729;90,849548;77,283676
Task1_5D_1000;512;1;0;18,292340;99,279216;24,554542;53,715820;52,025969
Task1_5D_1000;513;0;0;54,080815;22,078699;19,914064;27,728676;96,917942
Task1_5D_1000;514;0;0;1,389262;27,956953;52,541829;16,477260;6,722031
Task1_5D_1000;515;1;0;85,256221;90,481110;46,768826;45,957229;97,641771
Task1_5D_1000;516;1;0;92,459454;81,049216;35,502165;93,064031;36,843083
Task1_5D_1000;517;0;0;77,022529;95,145199;8,257576;65,505808;67,118136
Task1_5D_1000;518;0;0;8,465019;43,659999;64,559524;58,088180;87,435660
Task1_5D_1000;519;0;0;43,812776;65,079942;17,204620;91,996155;82,374863
Task1_5D_1000;520;0;0;53,447899;47,702655;63,343781;95,375964;84,547847
Task1_5D_1000;521;0;0;49,612383;74,436745;34,368393;55,502347;12,349374
Task1_5D_1000;522;0;0;18,143856;30,347717;29,846058;84,780280;68,566074
Task1_5D_1000;523;0;0;18,806142;90,496164;83,582324;16,282921;46,133973
Task1_5D_1000;524;1;0;70,592288;93,892312;97,263595;50,527000;95,429422
Task1_5D_1000;525;0;0;12,791865;33,362158;32,492020;85,112026;70,486781
Task1_5D_1000;526;0;0;64,747658;36,032731;54,259888;53,994089;32,342503
Task1_5D_1000;527;0;0;51,841750;37,250158;12,947372;75,371843;47,640695
Task1_5D_1000;528;0;0;17,779471;62,686376;81,658014;23,187626;44,796032
Task1_5D_1000;529;0;0;12,361727;92,755151;40,688684;49,690331;76,918747
Task1_5D_1000;530;0;0;5,460366;2,403052;52,473347;37,395701;43,322953
Task1_5D_1000;531;0;0;29,511632;0,941636;49,911570;2,841265;22,105974
Task1_5D_1000;532;0;0;60,269980;66,742261;35,736212;56,654065;37,364362
Task1_5D_1000;533;0;0;81,743450;21,154160;84,955325;19,485517;72,616907
Task1_5D_1000;534;1;0;45,325518;93,579231;41,111206;12,951103;96,677278
Task1_5D_1000;535;1;0;99,269598;55,864447;71,754980;40,904928;58,449705
Task1_5D_1000;536;0;0;78,958152;91,577472;13,686750;88,402070;67,428199
Task1_5D_1000;537;0;0;36,962115;84,898706;53,974313;78,469081;11,834646
Task1_5D_1000;538;1;0;73,027859;95,691041;89,606161;76,668266;85,473732
Task1_5D_1000;539;0;0;68,281931;1,692182;87,945118;88,065365;45,265279
Task1_5D_1000;540;1;0;49,155989;84,662784;99,096892;98,764171;56,730804
Task1_5D_1000;541;0;0;55,373463;26,225729;24,567232;79,052238;6,515978
Task1_5D_1000;542;0;0;24,173010;72,598021;16,150475;87,306735;11,785462
Task1_5D_1000;543;1;0;94,857044;3,366734;98,763263;94,863996;42,341202
Task1_5D_1000;544;1;0;99,949646;83,710520;35,317954;86,578464;19,935594
Task1_5D_1000;545;0;0;84,019026;52,081516;27,927814;50,837391;72,892232
Task1_5D_1000;546;0;0;5,276005;74,989257;88,013867;75,508279;15,059400
Task1_5D_1000;547;0;0;12,082303;20,261670;27,519545;8,893483;21,229539
Task1_5D_1000;548;0;0;31,783695;16,198663;25,989990;27,976603;93,749656
Task1_5D_1000;549;0;0;8,774617;41,538117;47,565145;51,603628;78,549928
Task1_5D_1000;550;0;0;44,629242;75,383693;98,661565;15,972873;7,986847
Task1_5D_1000;551;0;0;39,037288;45,765515;14,068560;27,667781;45,312914
Task1_5D_1000;552;0;0;62,221915;55,509305;88,802546;75,171791;72,651488
Task1_5D_1000;553;0;0;75,703279;3,824650;5,074580;25,982759;54,446990
Task1_5D_1000;554;0;0;32,641707;73,227804;79,315391;3,699179;52,946228
Task1_5D_1000;555;0;0;62,404817;59,147484;2,564735;64,876018;30,938089
Task1_5D_1000;556;0;0;59,456576;93,516291;13,837795;22,344148;46,417834
Task1_5D_1000;557;0;0;61,797070;18,585361;24,005905;22,376170;31,113633
Task1_5D_1000;558;0;0;5,511462;36,688058;15,973728;79,734737;70,894558
Task1_5D_1000;559;0;0;13,998031;79,574322;99,111590;48,188596;47,797247
Task1_5D_1000;560;0;0;1,426518;56,992154;41,990622;21,776875;70,123711
Task1_5D_1000;561;0;0;82,001747;73,872414;31,565182;23,133905;86,260854
Task1_5D_1000;562;1;0;81,815183;85,463045;52,118862;85,433186;94,301556
Task1_5D_1000;563;1;0;23,583874;8,738306;90,646752;60,826533;96,294208
Task1_5D_1000;564;0;0;17,388095;28,594795;2,515828;5,701343;83,283480
Task1_5D_1000;565;0;0;64,789771;89,058282;20,965210;9,082477;43,978743
Task1_5D_1000;566;0;0;22,339464;10,626249;49,765680;73,705088;43,929874
Task1_5D_1000;567;0;0;21,539459;45,959768;47,636909;9,872740;48,184069
Task1_5D_1000;568;0;0;26,628904;80,407236;4,361228;86,952985;48,205948
Task1_5D_1000;569;0;0;62,702787;77,078625;40,096294;68,422662;84,333485
Task1_5D_1000;570;0;0;88,267079;29,857681;48,540518;25,527462;40,402677
Task1_5D_1000;571;0;0;39,516242;27,952985;35,940923;73,294254;46,572439
Task1_5D_1000;572;0;0;56,012195;12,200967;70,323340;55,329530;35,638862
Task1_5D_1000;573;0;0;95,955205;38,565701;74,650328;78,576338;74,354294
Task1_5D_1000;574;0;0;73,803078;85,114629;55,321828;26,984336;37,380341
Task1_5D_1000;575;0;0;7,992196;78,956010;34,562625;73,860800;1,609469
Task1_5D_1000;576;0;0;12,419927;46,421031;70,910041;21,406471;84,541131
Task1_5D_1000;577;0;0;42,843907;74,060227;82,826422;59,441975;34,487068
Task1_5D_1000;578;0;0;14,385256;25,163192;80,446120;0,629333;45,176442
Task1_5D_1000;579;0;0;48,405558;35,445558;0,523654;76,952238;77,717303
Task1_5D_1000;580;0;0;26,981478;6,066441;42,435751;1,090747;72,606489
Task1_5D_1000;581;1;0;98,282293;36,061983;42,446235;74,026656;67,833646
Task1_5D_1000;582;1;0;41,124454;68,007006;17,294409;99,619822;69,188245
Task1_5D_1000;583;0;0;92,167218;77,746788;80,370392;42,769596;49,819530
Task1_5D_1000;584;0;0;60,867439;12,606574;33,496545;55,708483;83,984428
Task1_5D_1000;585;0;0;59,164067;81,447085;64,202342;13,903868;6,361663
Task1_5D_1000;586;0;0;10,723328;41,592820;96,518546;60,598630;90,042957
Task1_5D_1000;587;0;0;46,326009;39,055530;65,661947;74,075364;58,069322
Task1_5D_1000;588;1;0;78,295255;91,970164;64,755938;31,453052;81,288455
Task1_5D_1000;589;0;0;33,238475;13,817650;33,193986;91,251671;70,253396
Task1_5D_1000;590;0;0;38,232824;84,238186;9,271658;52,521696;39,884941
Task1_5D_1000;591;0;0;60,814094;76,047842;31,533561;48,433050;61,460883
Task1_5D_1000;592;0;0;53,407068;58,276885;43,572051;10,764812;19,307653
Task1_5D_1000;593;0;0;69,792875;64,186137;70,462787;70,753241;25,776736
Task1_5D_1000;594;0;0;28,491878;9,362111;84,746713;12,790858;89,240872
Task1_5D_1000;595;0;0;19,365477;20,501189;63,782756;76,390748;2,027201
Task1_5D_1000;596;0;0;41,350714;90,688963;25,454687;37,349836;39,617752
Task1_5D_1000;597;0;0;80,552550;57,735743;41,355085;35,393998;12,165145
Task1_5D_1000;598;0;0;77,977772;28,641127;50,769317;98,403809;23,988706
Task1_5D_1000;599;0;0;94,834085;45,024167;24,693583;56,155534;15,277864
Task1_5D_1000;600;1;0;48,460947;94,126697;91,296111;26,328869;63,733617
Task1_5D_1000;601;0;0;12,982079;3,453967;80,922338;50,080475;21,553652
Task1_5D_1000;602;0;0;19,032171;97,536790;24,736212;43,944574;20,832413
Task1_5D_1000;603;0;0;49,999562;70,019917;42,268460;45,432301;58,176903
Task1_5D_1000;604;0;0;36,622556;23,218167;28,633661;80,996932;16,716221
Task1_5D_1000;605;0;0;0,866184;46,882192;45,644402;2,822517;38,762334
Task1_5D_1000;606;0;0;22,224307;5,612946;89,818273;5,265976;49,374069
Task1_5D_1000;607;0;0;42,482701;70,819119;23,302188;73,405929;16,443253
Task1_5D_1000;608;0;0;8,332500;61,480677;96,066488;75,028722;34,738840
Task1_5D_1000;609;0;0;9,114566;75,688216;55,991309;72,528552;58,289100
Task1_5D_1000;610;0;0;61,495592;3,223298;57,030785;38,527155;67,208407
Task1_5D_1000;611;0;0;25,525147;1,292162;42,724571;33,993899;65,213381
Task1_5D_1000;612;0;0;86,038475;2,784266;78,394403;77,988772;4,139460
Task1_5D_1000;613;0;0;22,082389;46,271188;66,887621;40,394543;9,952326
Task1_5D_1000;614;0;0;14,980979;40,975308;96,372816;43,467457;19,964000
Task1_5D_1000;615;0;0;91,385782;70,604312;8,687406;9,185070;33,545848
Task1_5D_1000;616;0;0;42,325124;51,201970;79,255307;47,130992;46,642351
Task1_5D_1000;617;0;0;50,457287;36,413364;9,748800;36,552536;14,538252
Task1_5D_1000;618;1;0;95,445930;43,720372;58,226196;97,415740;58,074268
Task1_5D_1000;619;0;0;0,509282;50,124227;37,628051;0,809710;30,528805
Task1_5D_1000;620;0;0;16,913002;63,983721;14,234217;25,921618;64,218596
Task1_5D_1000;621;0;0;62,600775;42,299072;26,379331;62,785541;12,759413
Task1_5D_1000;622;0;0;44,649285;12,521896;65,932188;75,967825;63,831667
Task1_5D_1000;623;0;0;46,095397;52,473458;38,450693;76,363440;90,015165
Task1_5D_1000;624;0;0;31,969130;93,949389;70,073971;72,350766;60,684119
Task1_5D_1000;625;0;0;52,975696;67,369484;88,641716;93,313075;64,299377
Task1_5D_1000;626;0;0;11,175228;86,088291;14,584252;94,124130;73,760291
Task1_5D_1000;627;0;0;28,734747;88,719427;61,179736;29,334290;13,724400
Task1_5D_1000;628;0;0;7,808626;7,384095;38,708691;51,911062;84,417767
Task1_5D_1000;629;0;0;79,773307;1,378296;43,375824;55,467287;71,043860
Task1_5D_1000;630;0;0;63,214516;3,088038;28,440822;71,342758;31,008172
Task1_5D_1000;631;0;0;12,063262;78,658724;7,962224;58,565426;30,652786
Task1_5D_1000;632;1;0;85,295280;65,199436;39,603525;93,472615;88,245670
Task1_5D_1000;633;0;0;37,311354;6,389728;18,131345;39,155784;28,499344
Task1_5D_1000;634;0;0;37,142530;77,465947;2,948511;49,444086;45,820007
Task1_5D_1000;635;0;0;56,125937;5,944520;50,738610;16,646485;86,896640
Task1_5D_1000;636;1;0;5,880829;98,471504;50,574349;37,256327;74,161944
Task1_5D_1000;637;0;0;39,780973;35,198112;26,429006;60,861303;63,137906
Task1_5D_1000;638;0;0;28,697431;26,663077;79,103780;2,144871;62,649569
Task1_5D_1000;639;0;0;67,569327;16,831880;65,860826;5,583865;82,062081
Task1_5D_1000;640;1;0;13,432092;72,655182;33,763088;53,366644;99,054173
Task1_5D_1000;641;0;0;2,986131;93,759137;82,870763;3,181853;62,063359
Task1_5D_1000;642;0;0;16,789063;48,164497;18,527042;13,728265;7,369937
Task1_5D_1000;643;0;0;3,570098;15,576115;45,192029;5,978283;30,351552
Task1_5D_1000;644;0;0;51,974690;53,399558;74,647373;81,256112;71,362757
Task1_5D_1000;645;1;0;93,006708;54,048300;32,203854;79,177732;98,742660
Task1_5D_1000;646;0;0;31,003960;29,867603;22,517734;53,020920;95,980007
Task1_5D_1000;647;0;0;61,192765;84,897173;16,140993;70,839060;21,412173
Task1_5D_1000;648;1;0;93,664643;90,243195;63,898888;45,488627;48,507318
Task1_5D_1000;649;0;0;79,651304;1,809938;41,386205;80,382471;20,994698
Task1_5D_1000;650;1;0;98,867592;51,949849;78,786641;51,280296;23,005678
Task1_5D_1000;651;0;0;96,362410;67,936862;7,857293;70,043313;59,949527
Task1_5D_1000;652;0;0;21,272393;65,968124;61,600338;6,667888;55,656691
Task1_5D_1000;653;1;0;37,934692;97,081642;92,509196;56,396006;59,214372
Task1_5D_1000;654;0;0;4,180577;90,061328;33,431043;84,297831;40,762218
Task1_5D_1000;655;0;0;58,717298;36,739031;19,831307;4,896236;91,471336
Task1_5D_1000;656;0;0;26,936712;69,820742;42,908375;65,247745;11,772037
Task1_5D_1000;657;0;0;37,844315;52,039485;98,313140;30,607117;72,321590
Task1_5D_1000;658;1;0;63,006906;57,950056;64,805631;81,409898;86,136214
Task1_5D_1000;659;0;0;33,934538;40,883584;81,795309;36,221044;24,707414
Task1_5D_1000;660;0;0;29,290101;24,494322;32,676708;71,288924;32,973326
Task1_5D_1000;661;0;0;22,811863;84,320325;26,013291;22,087246;86,395378
Task1_5D_1000;662;0;0;65,694163;44,983817;59,605831;42,446724;90,021991
Task1_5D_1000;663;0;0;44,904775;49,224908;72,185436;31,497376;56,187273
Task1_5D_1000;664;0;0;43,154006;12,881632;41,603197;0,704913;66,999413
Task1_5D_1000;665;0;0;88,578433;14,816466;81,626425;11,793276;3,280769
Task1_5D_1000;666;0;0;56,837532;7,472662;19,543702;56,145077;93,234610
Task1_5D_1000;667;0;0;64,229557;43,687542;86,425054;3,972609;78,007935
Task1_5D_1000;668;0;0;82,236965;58,424995;94,996316;72,840133;48,183253
Task1_5D_1000;669;0;0;4,369497;57,656197;72,396602;12,184774;19,982931
Task1_5D_1000;670;0;0;46,394082;19,190866;41,333641;67,952563;11,246314
Task1_5D_1000;671;0;0;47,888563;71,385948;48,745881;24,372438;70,764835
Task1_5D_1000;672;0;0;70,532607;6,238471;63,042946;11,157042;0,709172
Task1_5D_1000;673;0;0;49,734734;15,155904;76,729114;6,885950;38,976891
Task1_5D_1000;674;0;0;41,371676;11,795437;82,631676;27,029148;41,328562
Task1_5D_1000;675;0;0;15,161984;78,099711;84,026846;7,996445;23,231256
Task1_5D_1000;676;0;0;46,382515;28,140364;72,647358;60,927052;2,168168
Task1_5D_1000;677;0;0;31,873961;59,839030;44,119314;90,864040;3,152692
Task1_5D_1000;678;0;0;35,076761;16,831341;20,114910;11,183342;74,251729
Task1_5D_1000;679;0;0;39,774570;43,308043;32,378414;22,093388;57,328811
Task1_5D_1000;680;0;0;68,813945;13,078457;7,071199;44,291371;39,191200
Task1_5D_1000;681;0;0;62,582700;33,423462;81,691721;61,080690;64,606726
Task1_5D_1000;682;0;0;63,040339;37,739918;75,471546;20,611982;73,328874
Task1_5D_1000;683;1;0;5,542006;98,236457;66,456717;71,382113;43,133768
Task1_5D_1000;684;0;0;28,979972;72,868259;63,113248;50,833327;65,541556
Task1_5D_1000;685;0;0;46,110625;31,091550;7,110342;87,961421;7,939048
Task1_5D_1000;686;0;0;78,083027;30,282262;58,906887;43,163432;43,896514
Task1_5D_1000;687;0;0;63,166232;33,921714;88,327941;68,687457;30,090834
Task1_5D_1000;688;0;0;45,001911;65,427164;46,536465;82,233583;49,328900
Task1_5D_1000;689;0;0;18,524708;17,424646;61,549498;10,020324;53,913475
Task1_5D_1000;690;1;0;12,163288;43,794632;97,026070;76,110181;92,781060
Task1_5D_1000;691;0;0;38,406483;8,057906;56,385111;9,224834;63,966006
Task1_5D_1000;692;0;0;82,282016;96,411724;24,555705;27,002999;38,978647
Task1_5D_1000;693;0;0;42,632527;88,022585;82,976995;21,088538;63,661624
Task1_5D_1000;694;0;0;5,315475;65,750454;23,438316;88,027791;3,949176
Task1_5D_1000;695;0;0;59,659307;26,069101;43,723267;84,609404;63,540459
Task1_5D_1000;696;0;0;1,585367;88,965159;94,739466;29,561052;85,422508
Task1_5D_1000;697;0;0;97,463786;65,437178;88,619852;42,714624;3,381077
Task1_5D_1000;698;0;0;9,506184;58,696026;62,398470;70,232871;50,950927
Task1_5D_1000;699;0;0;34,273424;83,148071;8,360876;66,990095;97,868522
Task1_5D_1000;700;1;0;12,383645;46,754733;17,046735;68,082818;99,954621
Task1_5D_1000;701;0;0;22,099633;69,243783;55,626633;25,306050;10,413660
Task1_5D_1000;702;0;0;23,364951;39,290638;85,099976;81,713060;73,603965
Task1_5D_1000;703;0;0;84,890519;43,874105;1,785932;32,326628;14,464995
Task1_5D_1000;704;0;0;67,516396;55,377842;20,009065;7,508184;95,280035
Task1_5D_1000;705;0;0;20,584762;78,274343;55,972948;46,560748;22,349435
Task1_5D_1000;706;0;0;22,554690;12,034432;13,102639;3,741975;40,770360
Task1_5D_1000;707;1;0;83,465486;90,012341;58,714316;36,986462;72,586556
Task1_5D_1000;708;1;0;71,803561;39,614836;93,685247;28,372609;91,109954
Task1_5D_1000;709;1;0;30,855949;54,232325;68,773695;9,130761;99,472715
Task1_5D_1000;710;0;0;25,035901;89,770024;9,344386;92,362639;9,413650
Task1_5D_1000;711;0;0;20,113178;23,684309;10,849061;94,864605;94,279906
Task1_5D_1000;712;0;0;95,436737;48,611544;48,466240;49,893812;86,973157
Task1_5D_1000;713;0;0;83,702652;1,493734;27,948210;49,861962;10,445577
Task1_5D_1000;714;0;0;42,215212;72,767167;91,296658;63,430124;77,152751
Task1_5D_1000;715;0;0;30,999205;8,408207;33,816028;96,391013;1,228745
Task1_5D_1000;716;1;0;36,327599;24,399545;32,728802;73,545925;97,368100
Task1_5D_1000;717;0;0;86,180910;51,530515;38,448726;6,780555;12,020396
Task1_5D_1000;718;0;0;70,674164;42,798989;23,770062;95,125548;68,447929
Task1_5D_1000;719;0;0;84,761453;31,386659;39,860507;51,313622;72,422551
Task1_5D_1000;720;0;0;31,311729;57,547264;63,813545;0,628573;45,031145
Task1_5D_1000;721;0;0;55,048090;76,864040;64,356438;10,322938;88,301950
Task1_5D_1000;722;1;0;27,921358;99,266679;4,897800;77,941868;3,959380
Task1_5D_1000;723;0;0;91,581652;53,912216;13,576065;33,969116;3,704258
Task1_5D_1000;724;0;0;44,044575;57,541418;9,399564;60,031073;32,029333
Task1_5D_1000;725;0;0;39,022285;63,379928;86,101756;43,148333;50,829261
Task1_5D_1000;726;0;0;59,607654;9,692267;25,840807;1,664761;94,215103
Task1_5D_1000;727;1;0;97,036797;89,966757;68,281095;82,534317;85,738757
Task1_5D_1000;728;0;0;6,863074;61,927369;35,376267;10,924057;65,591434
Task1_5D_1000;729;0;0;52,470647;91,709156;97,428827;23,448151;36,552647
Task1_5D_1000;730;0;0;2,392054;79,566459;17,781961;19,177338;77,337145
Task1_5D_1000;731;1;0;83,982278;80,044580;96,993049;0,503246;91,413069
Task1_5D_1000;732;0;0;38,573208;37,061399;0,451503;54,947957;16,951042
Task1_5D_1000;733;0;0;37,164902;23,650596;23,494548;8,526576;13,731208
Task1_5D_1000;734;0;0;33,058133;63,674602;88,317312;26,332190;79,424307
Task1_5D_1000;735;0;0;4,306100;31,004348;92,896728;35,556988;47,913365
Task1_5D_1000;736;0;0;58,373890;36,239014;30,903723;58,753067;76,004768
Task1_5D_1000;737;0;0;72,282590;72,296819;27,296506;61,411822;60,461764
Task1_5D_1000;738;1;0;21,511762;10,012628;43,179177;50,500228;99,521853
Task1_5D_1000;739;0;0;33,301427;19,543172;70,751686;72,611402;79,287979
Task1_5D_1000;740;0;0;78,243081;14,556541;25,755875;12,099426;52,090454
Task1_5D_1000;741;0;0;66,098699;1,298235;85,174393;40,658168;70,575477
Task1_5D_1000;742;0;0;80,231349;57,203949;70,187594;47,023090;77,647090
Task1_5D_1000;743;0;0;55,844582;45,509041;27,505941;51,633828;19,643031
Task1_5D_1000;744;0;0;39,099661;29,090868;14,586847;21,255960;61,495762
Task1_5D_1000;745;0;0;27,472246;51,943405;32,853890;38,675134;85,931138
Task1_5D_1000;746;0;0;52,857069;13,832064;0,629235;12,076515;66,040347
Task1_5D_1000;747;1;0;54,598841;7,545295;83,446876;60,685604;87,906022
Task1_5D_1000;748;0;0;54,069888;19,381109;26,735594;86,194971;12,556610
Task1_5D_1000;749;0;0;55,039688;77,378516;26,577022;91,617520;62,387561
Task1_5D_1000;750;0;0;98,172632;40,312144;43,290554;23,441043;5,828679
Task1_5D_1000;751;0;0;87,648445;32,302416;47,234395;1,801718;41,816932
Task1_5D_1000;752;0;0;26,479210;67,164612;41,573050;94,064309;1,870185
Task1_5D_1000;753;0;0;87,659187;37,495321;80,340820;62,859827;31,942192
Task1_5D_1000;754;0;0;23,562052;97,877182;30,670684;74,671051;30,027118
Task1_5D_1000;755;0;0;5,135083;46,587498;20,498904;43,643800;12,946036
Task1_5D_1000;756;0;0;32,373387;70,459223;47,525606;38,551663;92,212623
Task1_5D_1000;757;0;0;19,260273;80,456718;44,888656;52,358207;84,414798
Task1_5D_1000;758;0;0;13,316029;8,448066;48,078384;8,737570;79,322623
Task1_5D_1000;759;0;0;3,862131;91,569604;86,769742;25,916891;29,783201
Task1_5D_1000;760;0;0;36,854769;84,433852;94,745623;85,927281;19,791668
Task1_5D_1000;761;0;0;36,800373;32,730967;20,890999;1,643525;74,928294
Task1_5D_1000;762;1;0;96,084426;70,933125;65,874206;59,507825;89,408932
Task1_5D_1000;763;0;0;1,600216;66,078050;3,673148;29,409396;23,051618
Task1_5D_1000;764;1;0;70,692522;83,663598;58,406221;88,981772;89,247220
Task1_5D_1000;765;0;0;41,276467;61,432797;25,228384;83,730474;61,654922
Task1_5D_1000;766;0;0;7,594132;4,519074;84,719750;84,491944;22,278318
Task1_5D_1000;767;0;0;70,078098;25,668005;47,679085;11,522140;8,598619
Task1_5D_1000;768;1;0;10,404625;94,090026;68,962311;97,856801;46,196433
Task1_5D_1000;769;0;0;72,211118;16,206001;55,817274;51,113109;9,567014
Task1_5D_1000;770;0;0;28,925722;39,928498;6,832564;13,728185;93,132212
Task1_5D_1000;771;0;0;61,296468;11,237242;55,239314;25,093023;13,237813
Task1_5D_1000;772;0;0;20,692070;89,017905;47,245166;17,430076;61,715060
Task1_5D_1000;773;0;0;18,981410;42,201528;64,259909;44,574800;18,161993
Task1_5D_1000;774;0;0;74,904928;57,879670;92,123614;26,032375;47,127765
Task1_5D_1000;775;1;0;85,353074;23,773465;98,481107;97,903677;55,690261
Task1_5D_1000;776;0;0;84,319660;49,832389;94,716413;40,296464;4,774911
Task1_5D_1000;777;0;0;99,146247;25,681677;36,435412;35,437381;24,043576
Task1_5D_1000;778;0;0;5,804430;46,725760;93,606804;75,809090;15,649887
Task1_5D_1000;779;0;0;59,387631;97,447716;25,663380;77,894463;39,094303
Task1_5D_1000;780;0;0;87,819847;59,842681;66,483425;32,836286;74,136978
Task1_5D_1000;781;0;0;97,349327;56,143226;37,384761;37,010164;12,697966
Task1_5D_1000;782;0;0;70,014803;42,795873;92,473583;8,053011;74,405569
Task1_5D_1000;783;0;0;81,027665;17,778759;67,297884;1,116130;92,038074
Task1_5D_1000;784;0;0;60,428278;79,754344;81,287493;58,744999;81,404774
Task1_5D_1000;785;0;0;46,854982;34,179555;22,724993;2,726603;97,401626
Task1_5D_1000;786;0;0;20,181886;7,830536;37,088421;81,090878;37,281379
Task1_5D_1000;787;1;0;92,570905;78,484290;33,415978;35,086362;89,251257
Task1_5D_1000;788;0;0;36,663233;31,941824;62,651647;18,227071;0,137374
Task1_5D_1000;789;1;0;84,439460;46,651776;22,207103;97,334246;88,143616
Task1_5D_1000;790;0;0;31,652339;12,819853;69,316174;87,409461;41,576636
Task1_5D_1000;791;0;0;41,039502;49,992566;19,795331;27,683971;94,531311
Task1_5D_1000;792;0;0;17,156351;19,832663;95,018252;37,075541;83,292964
Task1_5D_1000;793;0;0;17,348060;20,991998;69,945044;83,731870;3,057232
Task1_5D_1000;794;0;0;19,698270;72,975080;63,676936;26,905142;57,788651
Task1_5D_1000;795;0;0;81,906805;22,901801;70,471913;35,880148;64,238750
Task1_5D_1000;796;0;0;67,906542;33,859011;33,819562;87,401368;76,792865
Task1_5D_1000;797;0;0;73,236237;31,923393;65,105703;24,917518;64,179300
Task1_5D_1000;798;1;0;94,891994;32,535643;70,213266;41,135317;78,516219
Task1_5D_1000;799;0;0;25,250216;66,738012;24,618349;80,246353;57,025115
Task1_5D_1000;800;0;0;30,673953;30,754773;90,912673;32,312779;64,824697
Task1_5D_1000;801;0;0;39,089128;87,996108;50,989039;4,781614;28,468665
Task1_5D_1000;802;0;0;57,640985;4,151908;19,596045;79,282732;28,060593
Task1_5D_1000;803;1;0;97,678049;22,293081;55,456315;94,422322;14,142161
Task1_5D_1000;804;0;0;60,071668;52,277094;65,503510;30,073323;45,433460
Task1_5D_1000;805;0;0;82,750108;76,848420;52,620061;23,387463;75,754476
Task1_5D_1000;806;0;0;4,587475;68,340172;28,068546;68,659179;22,204227
Task1_5D_1000;807;0;0;44,573271;8,880043;8,949211;42,349707;61,465498
Task1_5D_1000;808;1;0;90,937541;99,095481;25,115955;48,510074;50,447436
Task1_5D_1000;809;0;0;2,410958;15,606098;15,008880;36,057615;52,021461
Task1_5D_1000;810;0;0;42,560323;47,974273;5,342149;33,912549;36,329374
Task1_5D_1000;811;0;0;29,415468;89,545523;16,303447;33,094019;71,069755
Task1_5D_1000;812;0;0;41,634362;65,001927;43,442586;8,118161;28,364921
Task1_5D_1000;813;0;0;34,314662;32,295724;31,543517;54,663261;5,675671
Task1_5D_1000;814;0;0;50,039972;64,571804;72,640505;49,013977;90,765578
Task1_5D_1000;815;0;0;11,797099;83,659874;42,413671;95,760626;37,317869
Task1_5D_1000;816;1;0;98,183720;79,302743;97,984976;92,793035;76,041404
Task1_5D_1000;817;0;0;25,732947;82,103053;97,742436;32,369715;87,782555
Task1_5D_1000;818;0;0;83,959864;54,786133;56,371763;33,340485;0,963044
Task1_5D_1000;819;0;0;83,028556;89,395335;91,455353;71,359041;64,080602
Task1_5D_1000;820;0;0;91,817738;16,163800;52,896243;25,841296;36,642293
Task1_5D_1000;821;0;0;19,741859;77,509891;17,014469;90,568094;43,145069
Task1_5D_1000;822;0;0;71,931364;62,643636;4,915463;7,356040;76,253079
Task1_5D_1000;823;0;0;46,393404;9,603547;2,312023;54,737578;55,518517
Task1_5D_1000;824;0;0;1,699071;36,037361;33,217919;21,744966;57,295799
Task1_5D_1000;825;0;0;11,200966;25,012514;7,193597;54,514505;69,133269
Task1_5D_1000;826;0;0;61,076195;34,262315;5,122564;57,500876;63,129001
Task1_5D_1000;827;0;0;37,909986;40,048135;75,099840;38,761526;45,454814
Task1_5D_1000;828;0;0;71,092187;19,293187;41,156043;38,049108;77,536809
Task1_5D_1000;829;0;0;64,173204;29,518188;53,392353;73,331950;26,553864
Task1_5D_1000;830;0;0;74,845231;22,284865;48,665359;85,495128;0,087701
Task1_5D_1000;831;1;0;31,400392;46,970081;90,779599;9,742549;99,967036
Task1_5D_1000;832;0;0;2,441917;71,485218;79,904618;65,199229;79,956018
Task1_5D_1000;833;0;0;70,878417;76,944712;90,684229;64,212352;47,895034
Task1_5D_1000;834;0;0;77,706683;17,545130;20,481879;38,136412;19,041063
Task1_5D_1000;835;0;0;31,618740;89,150546;66,432241;39,360897;32,288515
Task1_5D_1000;836;0;0;96,856632;61,224786;79,093219;77,036294;56,111878
Task1_5D_1000;837;0;0;76,489093;95,744344;35,704416;11,999915;78,101459
Task1_5D_1000;838;0;0;51,657332;86,208839;84,353586;41,208699;64,737063
Task1_5D_1000;839;0;0;55,987676;45,186069;44,407378;67,863550;80,065198
Task1_5D_1000;840;0;0;20,963594;32,230457;17,908138;29,416300;3,334861
Task1_5D_1000;841;0;0;65,489362;62,897906;79,743491;13,338696;87,312783
Task1_5D_1000;842;0;0;82,851645;25,082210;81,048166;61,802651;48,596792
Task1_5D_1000;843;0;0;72,111337;92,588111;71,044008;37,148003;76,948632
Task1_5D_1000;844;0;0;58,647508;68,087876;45,992707;0,119850;4,654140
Task1_5D_1000;845;0;0;40,899640;47,133560;74,153001;58,465964;48,426467
Task1_5D_1000;846;0;0;33,123279;50,284694;20,086832;71,686230;42,732758
Task1_5D_1000;847;1;0;87,514047;63,475651;68,293652;94,652480;62,053270
Task1_5D_1000;848;0;0;67,973598;56,877861;59,126993;75,623875;16,781058
Task1_5D_1000;849;0;0;61,820744;79,363592;89,886468;83,853127;80,843359
Task1_5D_1000;850;0;0;43,059044;2,094186;81,430502;27,731871;74,290017
Task1_5D_1000;851;0;0;49,998815;6,510170;68,164356;83,864142;9,097170
Task1_5D_1000;852;0;0;59,999957;32,921033;87,829772;88,892566;50,306588
Task1_5D_1000;853;0;0;55,338523;10,872645;71,793527;78,238189;6,077967
Task1_5D_1000;854;0;0;46,303028;47,191508;99,265644;32,267615;3,647253
Task1_5D_1000;855;0;0;9,421243;26,706589;48,025443;52,539291;32,409465
Task1_5D_1000;856;0;0;17,174374;91,081333;15,404508;22,346856;76,733306
Task1_5D_1000;857;1;0;98,508724;57,113574;17,294634;8,072818;69,951022
Task1_5D_1000;858;0;0;2,910364;46,541674;34,415602;8,659712;81,437097
Task1_5D_1000;859;0;0;17,446572;10,745646;20,894490;3,318360;11,124059
Task1_5D_1000;860;0;0;93,668909;30,789024;38,227669;76,471537;35,815899
Task1_5D_1000;861;0;0;86,656178;1,541735;43,871343;2,262497;68,313491
Task1_5D_1000;862;0;0;70,050532;23,756266;35,389485;84,732349;76,137694
Task1_5D_1000;863;0;0;57,783621;26,065760;60,028241;26,880011;51,894615
Task1_5D_1000;864;0;0;30,514751;34,515036;65,911256;9,267488;4,330422
Task1_5D_1000;865;0;0;96,536807;70,225204;1,052407;70,809807;80,213865
Task1_5D_1000;866;1;0;55,803025;86,357819;86,786621;97,834343;54,932704
Task1_5D_1000;867;0;0;4,721472;55,187861;85,022876;87,365979;60,760311
Task1_5D_1000;868;0;0;97,510875;43,656877;59,591843;86,732461;11,611653
Task1_5D_1000;869;0;0;1,079954;46,686864;23,500441;22,910902;89,467099
Task1_5D_1000;870;0;0;96,063568;83,283097;24,380579;24,592951;60,659748
Task1_5D_1000;871;0;0;49,040390;34,583072;92,357250;37,781527;1,719540
Task1_5D_1000;872;1;0;15,425147;15,162262;82,318879;75,898032;94,466120
Task1_5D_1000;873;0;0;53,777510;90,936034;49,656318;62,517838;63,051779
Task1_5D_1000;874;1;0;81,353460;81,305424;44,210645;92,887329;82,825216
Task1_5D_1000;875;1;0;81,023281;97,542888;28,250208;49,747635;86,413355
Task1_5D_1000;876;0;0;92,490378;41,171301;66,470184;73,672447;83,223047
Task1_5D_1000;877;0;0;71,975794;66,649793;7,529260;30,147156;9,881741
Task1_5D_1000;878;0;0;36,070382;64,279962;75,232763;62,846829;52,791552
Task1_5D_1000;879;0;0;21,240247;64,880832;19,495129;52,374445;63,750520
Task1_5D_1000;880;0;0;23,702421;5,209026;61,160019;70,827045;25,088342
Task1_5D_1000;881;0;0;53,581457;41,136735;46,200207;62,731653;61,277397
Task1_5D_1000;882;0;0;1,674626;58,050533;25,100871;18,114890;41,555140
Task1_5D_1000;883;0;0;48,194069;47,611560;94,036255;77,657373;84,057187
Task1_5D_1000;884;1;0;57,590836;93,411608;34,652741;94,551570;18,600368
Task1_5D_1000;885;0;0;54,500742;3,088222;11,332040;77,261207;3,214197
Task1_5D_1000;886;0;0;50,264284;84,928798;9,361644;48,150292;20,612320
Task1_5D_1000;887;0;0;35,559387;69,571335;72,589786;25,766898;27,183405
Task1_5D_1000;888;0;0;9,006689;34,775977;61,429171;39,311872;10,795970
Task1_5D_1000;889;0;0;48,571414;30,448766;59,780007;4,139414;80,224661
Task1_5D_1000;890;0;0;40,811847;86,088927;8,409695;93,625914;49,194567
Task1_5D_1000;891;0;0;48,030992;80,222779;6,814562;83,067782;3,592512
Task1_5D_1000;892;0;0;72,763820;69,414397;96,050485;83,682672;81,120068
Task1_5D_1000;893;0;0;46,476848;93,475182;53,801950;18,814191;87,291855
Task1_5D_1000;894;0;0;4,443594;30,982039;81,919332;16,330221;81,419452
Task1_5D_1000;895;0;0;3,152806;45,888684;60,362010;24,135849;77,176471
Task1_5D_1000;896;0;0;36,529906;31,568040;0,661962;44,574985;92,911628
Task1_5D_1000;897;0;0;72,844769;35,175120;9,035554;14,351424;63,004356
Task1_5D_1000;898;0;0;96,680804;83,042199;28,695909;52,977996;58,698430
Task1_5D_1000;899;1;0;85,050133;79,367504;99,680935;99,528881;85,948878
Task1_5D_1000;900;0;0;6,798602;62,982771;60,824021;47,674567;32,693344
Task1_5D_1000;901;0;0;78,125647;33,012588;54,675322;36,843725;54,391400
Task1_5D_1000;902;0;0;42,182145;94,157683;26,666417;60,319978;40,531862
Task1_5D_1000;903;0;0;39,353273;48,164742;64,759414;62,520806;18,780679
Task1_5D_1000;904;0;0;44,637321;50,516118;83,117358;40,588606;5,044049
Task1_5D_1000;905;0;0;62,422403;23,177575;10,284250;30,883213;59,168779
Task1_5D_1000;906;0;0;74,443674;89,994068;50,465806;59,891760;36,985775
Task1_5D_1000;907;0;0;94,329548;18,418360;87,854911;86,950422;0,917239
Task1_5D_1000;908;0;0;52,159815;24,442951;69,661824;92,288322;13,619350
Task1_5D_1000;909;1;0;97,119322;0,682124;62,001073;30,980135;77,511446
Task1_5D_1000;910;0;0;72,742411;2,403318;67,481632;4,557798;77,088387
Task1_5D_1000;911;0;0;67,605947;65,148705;19,099590;64,087567;73,591157
Task1_5D_1000;912;0;0;77,904484;71,623438;10,849978;88,425491;73,788166
Task1_5D_1000;913;1;0;89,128077;70,873220;78,914953;20,687815;93,757580
Task1_5D_1000;914;0;0;86,157766;0,720471;32,498083;34,992232;50,554103
Task1_5D_1000;915;0;0;23,863467;72,293183;22,522656;15,544716;54,638176
Task1_5D_1000;916;0;0;15,725196;26,994968;59,326408;21,838728;69,932599
Task1_5D_1000;917;1;0;64,845546;99,592062;97,030432;37,494634;45,613080
Task1_5D_1000;918;0;0;71,671008;56,921696;35,610077;71,015339;38,112632
Task1_5D_1000;919;1;0;66,860787;32,923170;57,878631;71,680192;97,709488
Task1_5D_1000;920;0;0;67,382802;71,536428;71,064786;80,092090;56,132904
Task1_5D_1000;921;0;0;0,940587;37,241304;72,030018;84,421376;87,691724
Task1_5D_1000;922;1;0;7,746503;67,831995;74,413924;16,768166;97,291473
Task1_5D_1000;923;0;0;49,646949;25,987384;91,188399;89,075792;68,057326
Task1_5D_1000;924;0;0;60,403655;92,998388;79,282188;33,879072;10,574862
Task1_5D_1000;925;0;0;27,599110;6,065846;75,657463;23,345210;59,587596
Task1_5D_1000;926;0;0;61,479806;98,637216;53,813525;53,244845;6,238100
Task1_5D_1000;927;1;0;83,999669;9,802630;2,749761;66,006427;98,990691
Task1_5D_1000;928;0;0;81,144477;77,511388;53,444317;2,970302;21,329019
Task1_5D_1000;929;0;0;70,640738;0,004947;69,424315;15,788290;97,943471
Task1_5D_1000;930;0;0;92,804122;15,571570;61,351795;83,843751;66,785771
Task1_5D_1000;931;1;0;37,003733;20,355422;58,485977;73,374289;95,110517
Task1_5D_1000;932;0;0;29,456596;29,593606;96,318921;11,365262;79,101886
Task1_5D_1000;933;1;0;84,373925;90,532672;22,293893;98,982582;68,868029
Task1_5D_1000;934;0;0;60,125389;9,425870;68,913319;90,826974;24,947049
Task1_5D_1000;935;0;0;46,065959;17,787319;56,859879;34,171580;17,395542
Task1_5D_1000;936;0;0;90,054364;10,721201;26,249830;60,796821;60,873658
Task1_5D_1000;937;0;0;7,215642;16,532005;0,079486;66,954753;91,012437
Task1_5D_1000;938;0;0;87,067881;43,176486;81,919669;3,670513;23,069744
Task1_5D_1000;939;0;0;31,441362;9,481619;95,610863;75,492482;26,742575
Task1_5D_1000;940;1;0;0,637321;97,234685;80,058214;5,702538;71,941250
Task1_5D_1000;941;0;0;25,267621;94,630725;61,498825;65,320724;9,389640
Task1_5D_1000;942;0;0;50,638309;69,337049;34,967679;39,002831;50,166795
Task1_5D_1000;943;0;0;9,522942;49,799160;6,413709;68,841507;35,889287
Task1_5D_1000;944;0;0;45,808896;15,031107;60,570612;7,031709;26,906659
Task1_5D_1000;945;0;0;25,048134;38,265675;69,732077;30,845769;46,691826
Task1_5D_1000;946;0;0;21,919139;17,079943;89,553229;19,460070;46,824198
Task1_5D_1000;947;0;0;77,943574;14,712473;44,603994;95,884615;61,663858
Task1_5D_1000;948;0;0;75,871778;22,501177;12,882843;75,958237;20,126518
Task1_5D_1000;949;0;0;6,605515;59,400328;41,438424;30,195522;43,852162
Task1_5D_1000;950;0;0;4,930806;73,447346;91,640424;11,270594;78,660749
Task1_5D_1000;951;0;0;85,032527;3,479179;79,742040;31,541931;0,698266
Task1_5D_1000;952;0;0;50,739630;92,075654;4,957083;12,348614;71,753157
Task1_5D_1000;953;0;0;83,583631;3,362999;68,957149;71,076445;13,131942
Task1_5D_1000;954;0;0;73,001643;86,959569;18,781186;33,497869;60,314506
Task1_5D_1000;955;0;0;33,796170;98,958537;27,305352;30,361482;3,651266
Task1_5D_1000;956;0;0;78,222410;64,726291;2,618073;44,240084;75,761117
Task1_5D_1000;957;0;0;42,627788;29,293006;76,176878;10,443056;3,293868
Task1_5D_1000;958;1;0;86,856690;89,467240;94,069277;56,990155;46,730120
Task1_5D_1000;959;1;0;96,001840;86,572488;96,661188;27,125321;18,254476
Task1_5D_1000;960;0;0;19,184549;78,385617;35,154026;53,143677;66,471264
Task1_5D_1000;961;1;0;98,566703;32,039094;94,072758;44,219667;53,435802
Task1_5D_1000;962;0;0;43,700280;61,556352;89,599691;94,796623;20,000473
Task1_5D_1000;963;0;0;7,777877;20,702085;55,601903;19,222381;39,311576
Task1_5D_1000;964;0;0;18,465974;41,244400;59,261725;50,813406;51,180614
Task1_5D_1000;965;1;0;88,421691;5,241064;75,938079;5,673073;97,631389
Task1_5D_1000;966;0;0;73,799268;23,988444;48,857385;47,446210;80,131110
Task1_5D_1000;967;0;0;70,871141;32,450358;36,503517;95,234779;54,303003
Task1_5D_1000;968;0;0;60,345644;2,604027;98,335877;70,419515;57,904423
Task1_5D_1000;969;0;0;42,197734;49,002583;86,341679;77,092036;57,983851
Task1_5D_1000;970;0;0;40,947469;31,251627;5,763855;72,371085;11,849010
Task1_5D_1000;971;0;0;36,460242;0,755963;93,496575;16,053475;58,605464
Task1_5D_1000;972;0;0;17,854419;10,521313;22,443342;26,992180;82,087905
Task1_5D_1000;973;0;0;93,500123;76,263281;23,834247;34,993166;71,247393
Task1_5D_1000;974;0;0;78,036185;85,502088;50,577385;83,716314;44,128478
Task1_5D_1000;975;0;0;47,088797;80,646393;27,525090;68,856072;92,405683
Task1_5D_1000;976;0;0;60,405040;66,489738;22,410882;18,125577;93,785205
Task1_5D_1000;977;0;0;94,480229;10,144782;56,519935;51,786019;8,629505
Task1_5D_1000;978;0;0;45,597275;58,625282;64,394565;49,184963;44,471007
Task1_5D_1000;979;1;0;72,102070;87,749096;99,826598;73,439720;2,296008
Task1_5D_1000;980;0;0;93,741085;55,006337;25,305374;91,091455;53,175289
Task1_5D_1000;981;1;0;42,507796;97,979565;33,799894;32,016052;88,021202
Task1_5D_1000;982;0;0;7,717460;43,400483;42,170404;22,116431;0,256207
Task1_5D_1000;983;0;0;20,208228;85,085979;5,093883;52,513468;17,108064
Task1_5D_1000;984;0;0;1,042956;70,352410;61,582625;61,613957;24,739564
Task1_5D_1000;985;0;0;64,597956;7,499388;50,000528;54,560875;37,703443
Task1_5D_1000;986;0;0;3,716700;48,850561;61,379539;57,369207;96,541855
Task1_5D_1000;987;0;0;76,651308;61,000380;87,704679;53,846316;88,273676
Task1_5D_1000;988;0;0;78,712087;79,191249;13,031524;81,987862;51,192182
Task1_5D_1000;989;0;0;10,874422;15,820845;57,587064;16,984623;94,545313
Task1_5D_1000;990;0;0;5,747477;37,406868;90,988987;51,295761;91,541298
Task1_5D_1000;991;0;0;69,588414;8,096464;56,468513;27,988887;13,938544
Task1_5D_1000;992;1;0;71,419635;63,615097;24,745955;99,975163;22,415968
Task1_5D_1000;993;0;0;74,086958;23,866391;7,418913;40,302596;61,263096
Task1_5D_1000;994;0;0;37,815254;94,899135;48,682600;19,628890;38,928676
Task1_5D_1000;995;0;0;41,151762;42,146574;7,338114;88,872886;12,747335
Task1_5D_1000;996;0;0;45,749069;17,491973;71,944527;15,917598;48,615944
Task1_5D_1000;997;0;0;20,390179;32,200867;45,532706;27,410450;28,872016
Task1_5D_1000;998;0;0;91,019567;1,137868;94,386638;47,060032;28,458251
Task1_5D_1000;999;0;0;4,972428;62,608223;33,521968;70,906253;51,384262
Task1_5D_1000;1000;0;0;32,627076;11,616864;32,432621;33,147962;96,184903
Task2_Peeling;908;0;1;2,364801;2,872058;0;0;0
Task2_Peeling;976;0;1;1,831682;3,168681;0;0;0
Task2_Peeling;248;0;1;1,731298;3,434619;0;0;0
Task2_Peeling;880;0;2;1,860542;2,239505;0;0;0
Task2_Peeling;130;0;2;1,855391;2,450393;0;0;0
Task2_Peeling;619;0;2;1,818861;2,587015;0;0;0
Task2_Peeling;947;0;2;1,691554;2,926268;0;0;0
Task2_Peeling;710;0;2;1,601325;2,989976;0;0;0
Task2_Peeling;27;0;3;1,842423;2,088272;0;0;0
Task2_Peeling;491;0;3;1,773162;2,128308;0;0;0
Task2_Peeling;295;0;3;1,700906;2,562795;0;0;0
Task2_Peeling;743;0;3;1,481762;2,643271;0;0;0
Task2_Peeling;150;0;3;1,479315;2,898798;0;0;0
Task2_Peeling;546;0;4;1,826898;1,461966;0;0;0
Task2_Peeling;821;0;4;1,765454;2,075011;0;0;0
Task2_Peeling;13;0;4;1,700102;2,401552;0;0;0
Task2_Peeling;700;0;4;1,528302;2,523964;0;0;0
Task2_Peeling;32;0;4;1,451187;2,730248;0;0;0
Task2_Peeling;596;0;4;1,448885;2,766230;0;0;0
Task2_Peeling;473;0;4;1,440630;2,851857;0;0;0
Task2_Peeling;379;0;5;1,758843;1,743867;0;0;0
Task2_Peeling;833;0;5;1,681728;1,950152;0;0;0
Task2_Peeling;179;0;5;1,592302;2,175103;0;0;0
Task2_Peeling;3;0;5;1,368666;2,847254;0;0;0
Task2_Peeling;230;0;6;1,739665;1,131224;0;0;0
Task2_Peeling;53;0;6;1,561471;1,961914;0;0;0
Task2_Peeling;21;0;6;1,514530;2,000599;0;0;0
Task2_Peeling;893;0;6;1,486256;2,051595;0;0;0
Task2_Peeling;881;0;6;1,485306;2,109897;0;0;0
Task2_Peeling;779;0;6;1,390073;2,164948;0;0;0
Task2_Peeling;82;0;6;1,347186;2,270592;0;0;0
Task2_Peeling;972;0;6;1,340136;2,598083;0;0;0
Task2_Peeling;125;0;6;1,259514;2,598485;0;0;0
Task2_Peeling;273;0;6;1,122344;2,700878;0;0;0
Task2_Peeling;895;0;6;1,008444;2,743618;0;0;0
Task2_Peeling;198;0;7;1,637271;0,994054;0;0;0
Task2_Peeling;573;0;7;1,558111;1,536487;0;0;0
Task2_Peeling;122;0;7;1,529690;1,807027;0;0;0
Task2_Peeling;346;0;7;1,476393;1,814735;0;0;0
Task2_Peeling;701;0;7;1,465836;1,936343;0;0;0
Task2_Peeling;679;0;7;1,400630;2,043339;0;0;0
Task2_Peeling;305;0;7;1,331223;2,302921;0;0;0
Task2_Peeling;614;0;7;1,292939;2,336602;0;0;0
Task2_Peeling;952;0;7;1,090015;2,684915;0;0;0
Task2_Peeling;723;0;8;1,506165;1,566514;0;0;0
Task2_Peeling;565;0;8;1,369251;1,969074;0;0;0
Task2_Peeling;642;0;8;1,318510;2,240966;0;0;0
Task2_Peeling;541;0;8;1,099367;2,321442;0;0;0
Task2_Peeling;831;0;8;1,035915;2,531379;0;0;0
Task2_Peeling;486;0;9;1,448850;0,768006;0;0;0
Task2_Peeling;327;0;9;1,414183;1,527281;0;0;0
Task2_Peeling;757;0;9;1,410530;1,540943;0;0;0
Task2_Peeling;674;0;9;1,345324;1,647939;0;0;0
Task2_Peeling;266;0;9;1,317707;2,079723;0;0;0
Task2_Peeling;249;0;9;1,294437;2,139377;0;0;0
Task2_Peeling;64;0;9;1,209213;2,211742;0;0;0
Task2_Peeling;737;0;9;1,016992;2,218902;0;0;0
Task2_Peeling;933;0;9;0,914854;2,381899;0;0;0
Task2_Peeling;570;0;9;0,875219;2,393259;0;0;0
Task2_Peeling;381;0;10;1,406621;1,254439;0;0;0
Task2_Peeling;678;0;10;1,343570;1,544998;0;0;0
Task2_Peeling;800;0;10;1,288374;1,669309;0;0;0
Task2_Peeling;210;0;10;1,262802;1,764945;0;0;0
Task2_Peeling;660;0;10;1,243588;1,891557;0;0;0
Task2_Peeling;172;0;10;1,223971;1,937549;0;0;0
Task2_Peeling;715;0;10;1,218017;1,987193;0;0;0
Task2_Peeling;681;0;10;1,106418;1,993951;0;0;0
Task2_Peeling;837;0;10;1,094107;2,012618;0;0;0
Task2_Peeling;765;0;10;1,006983;2,201587;0;0;0
Task2_Peeling;802;0;10;0,940024;2,205642;0;0;0
Task2_Peeling;960;0;10;0,838836;2,310336;0;0;0
Task2_Peeling;948;0;11;1,363479;1,059917;0;0;0
Task2_Peeling;86;0;11;1,319242;1,143242;0;0;0
Task2_Peeling;404;0;11;1,256191;1,433801;0;0;0
Task2_Peeling;594;0;11;1,236830;1,779959;0;0;0
Task2_Peeling;353;0;11;1,222619;1,915229;0;0;0
Task2_Peeling;649;0;11;1,157012;1,941603;0;0;0
Task2_Peeling;476;0;11;0,971549;2,060362;0;0;0
Task2_Peeling;351;0;11;0,586158;2,132983;0;0;0
Task2_Peeling;59;0;11;0,545573;2,202646;0;0;0
Task2_Peeling;94;0;11;0,250412;2,211559;0;0;0
Task2_Peeling;923;0;12;1,278146;0,612571;0;0;0
Task2_Peeling;169;0;12;1,256228;0,694544;0;0;0
Task2_Peeling;63;0;12;1,229268;1,507116;0;0;0
Task2_Peeling;207;0;12;1,209907;1,853274;0;0;0
Task2_Peeling;760;0;12;1,135642;1,884653;0;0;0
Task2_Peeling;206;0;12;0,970198;2,038042;0;0;0
Task2_Peeling;543;0;13;1,219003;1,189635;0;0;0
Task2_Peeling;652;0;13;1,201140;1,338567;0;0;0
Task2_Peeling;742;0;13;1,185578;1,451518;0;0;0
Task2_Peeling;154;0;13;1,160263;1,847320;0;0;0
Task2_Peeling;9;0;13;0,827219;1,970535;0;0;0
Task2_Peeling;75;0;14;1,174656;0,753248;0;0;0
Task2_Peeling;528;0;14;1,169104;0,883514;0;0;0
Task2_Peeling;532;0;14;1,158108;1,663757;0;0;0
Task2_Peeling;727;0;14;1,122528;1,742077;0;0;0
Task2_Peeling;848;0;14;1,107916;1,796726;0;0;0
Task2_Peeling;930;0;14;1,104263;1,810388;0;0;0
Task2_Peeling;725;0;14;0,818160;1,894918;0;0;0
Task2_Peeling;815;0;14;0,776224;1,942261;0;0;0
Task2_Peeling;333;0;14;0,772571;1,955923;0;0;0
Task2_Peeling;189;0;15;1,174401;0,453081;0;0;0
Task2_Peeling;875;0;15;1,155040;0,799239;0;0;0
Task2_Peeling;509;0;15;1,141889;1,395919;0;0;0
Task2_Peeling;669;0;15;1,113468;1,666460;0;0;0
Task2_Peeling;885;0;15;1,086546;1,739775;0;0;0
Task2_Peeling;717;0;15;1,084244;1,775757;0;0;0
Task2_Peeling;115;0;15;0,902033;1,800232;0;0;0
Task2_Peeling;497;0;15;0,579546;1,801840;0;0;0
Task2_Peeling;60;0;15;0,433317;1,828616;0;0;0
Task2_Peeling;31;0;15;0,230138;1,876762;0;0;0
Task2_Peeling;61;0;16;1,152081;0,454433;0;0;0
Task2_Peeling;635;0;16;1,112957;1,066127;0;0;0
Task2_Peeling;101;0;16;1,102802;1,268357;0;0;0
Task2_Peeling;759;0;16;1,101706;1,546203;0;0;0
Task2_Peeling;323;0;16;1,058418;1,571226;0;0;0
Task2_Peeling;882;0;16;1,030545;1,702844;0;0;0
Task2_Peeling;703;0;16;1,013230;1,712853;0;0;0
Task2_Peeling;515;0;16;0,952627;1,747885;0;0;0
Task2_Peeling;270;0;16;0,751749;1,760049;0;0;0
Task2_Peeling;728;0;16;0,406943;1,763008;0;0;0
Task2_Peeling;135;0;16;0,375965;1,769364;0;0;0
Task2_Peeling;342;0;16;0,187799;1,843483;0;0;0
Task2_Peeling;5;0;17;1,134510;0,164276;0;0;0
Task2_Peeling;926;0;17;1,094583;0,614726;0;0;0
Task2_Peeling;984;0;17;1,091989;1,089798;0;0;0
Task2_Peeling;934;0;17;1,074527;1,319352;0;0;0
Task2_Peeling;747;0;17;1,066272;1,404979;0;0;0
Task2_Peeling;384;0;17;1,048007;1,473290;0;0;0
Task2_Peeling;465;0;17;1,001066;1,511975;0;0;0
Task2_Peeling;247;0;17;0,938563;1,663610;0;0;0
Task2_Peeling;942;0;17;0,860644;1,708652;0;0;0
Task2_Peeling;810;0;17;0,844681;1,740981;0;0;0
Task2_Peeling;658;0;17;0,083506;1,822917;0;0;0
Task2_Peeling;514;0;18;1,077158;0,105024;0;0;0
Task2_Peeling;762;0;18;1,050199;0,917596;0;0;0
Task2_Peeling;182;0;18;1,036792;1,214110;0;0;0
Task2_Peeling;622;0;18;1,025285;1,394020;0;0;0
Task2_Peeling;121;0;18;0,966033;1,451372;0;0;0
Task2_Peeling;433;0;18;0,945065;1,475043;0;0;0
Task2_Peeling;482;0;18;0,936408;1,480048;0;0;0
Task2_Peeling;35;0;18;0,928152;1,565674;0;0;0
Task2_Peeling;245;0;18;0,857539;1,583391;0;0;0
Task2_Peeling;380;0;18;0,825612;1,648049;0;0;0
Task2_Peeling;283;0;18;0,781374;1,731373;0;0;0
Task2_Peeling;14;0;19;1,032482;0,846984;0;0;0
Task2_Peeling;48;0;19;1,003513;1,256448;0;0;0
Task2_Peeling;817;0;19;0,956024;1,434056;0;0;0
Task2_Peeling;931;0;19;0,910435;1,495061;0;0;0
Task2_Peeling;116;0;19;0,882161;1,546057;0;0;0
Task2_Peeling;417;0;19;0,822909;1,603409;0;0;0
Task2_Peeling;484;0;19;0,680333;1,616523;0;0;0
Task2_Peeling;997;0;19;0,621081;1,673875;0;0;0
Task2_Peeling;44;0;19;0,560478;1,708907;0;0;0
Task2_Peeling;888;0;19;0,503528;1,730277;0;0;0
Task2_Peeling;766;0;20;1,032080;0,766362;0;0;0
Task2_Peeling;159;0;20;0,998801;0,808700;0;0;0
Task2_Peeling;892;0;20;0,987294;0,988610;0;0;0
Task2_Peeling;410;0;20;0,961321;1,003624;0;0;0
Task2_Peeling;79;0;20;0,955221;1,272813;0;0;0
Task2_Peeling;992;0;20;0,942910;1,291480;0;0;0
Task2_Peeling;542;0;20;0,941960;1,349782;0;0;0
Task2_Peeling;909;0;20;0,804389;1,371554;0;0;0
Task2_Peeling;620;0;20;0,787877;1,542806;0;0;0
Task2_Peeling;920;0;20;0,756899;1,549162;0;0;0
Task2_Peeling;256;0;20;0,701301;1,592852;0;0;0
Task2_Peeling;267;0;20;0,575090;1,654259;0;0;0
Task2_Peeling;562;0;20;0,498523;1,721620;0;0;0
Task2_Peeling;731;0;21;1,023313;0,251655;0;0;0
Task2_Peeling;383;0;21;1,019112;0,404241;0;0;0
Task2_Peeling;492;0;21;1,017614;0,601466;0;0;0
Task2_Peeling;458;0;21;0,985943;0,966291;0;0;0
Task2_Peeling;335;0;21;0,932097;1,112922;0;0;0
Task2_Peeling;22;0;21;0,916535;1,225872;0;0;0
Task2_Peeling;883;0;21;0,899622;1,316503;0;0;0
Task2_Peeling;877;0;21;0,694141;1,400631;0;0;0
Task2_Peeling;81;0;21;0,692242;1,517235;0;0;0
Task2_Peeling;188;0;21;0,519090;1,617327;0;0;0
Task2_Peeling;155;0;21;0,364203;1,649108;0;0;0
Task2_Peeling;168;0;22;0,963915;0,528552;0;0;0
Task2_Peeling;11;0;22;0,941449;0,749449;0;0;0
Task2_Peeling;89;0;22;0,911275;0,917048;0;0;0
Task2_Peeling;67;0;22;0,905723;1,047314;0;0;0
Task2_Peeling;812;0;22;0,878252;1,259553;0;0;0
Task2_Peeling;673;0;22;0,870946;1,286877;0;0;0
Task2_Peeling;429;0;22;0,678178;1,432960;0;0;0
Task2_Peeling;287;0;22;0,657209;1,456632;0;0;0
Task2_Peeling;852;0;22;0,651255;1,506276;0;0;0
Task2_Peeling;767;0;22;0,479053;1,548066;0;0;0
Task2_Peeling;474;0;22;0,463089;1,580395;0;0;0
Task2_Peeling;832;0;23;0,940098;0,727129;0;0;0
Task2_Peeling;338;0;23;0,893157;0,765814;0;0;0
Task2_Peeling;236;0;23;0,883549;0,829121;0;0;0
Task2_Peeling;92;0;23;0,863238;1,233580;0;0;0
Task2_Peeling;91;0;23;0,773959;1,238986;0;0;0
Task2_Peeling;234;0;23;0,691036;1,275370;0;0;0
Task2_Peeling;789;0;23;0,656406;1,295389;0;0;0
Task2_Peeling;508;0;23;0,611218;1,437015;0;0;0
Task2_Peeling;499;0;23;0,383016;1,441873;0;0;0
Task2_Peeling;225;0;23;0,362449;1,546166;0;0;0
Task2_Peeling;38;0;24;0,916426;0,706161;0;0;0
Task2_Peeling;138;0;24;0,841613;0,876463;0;0;0
Task2_Peeling;799;0;24;0,828206;1,172977;0;0;0
Task2_Peeling;23;0;24;0,766251;1,185689;0;0;0
Task2_Peeling;148;0;24;0,750288;1,218018;0;0;0
Task2_Peeling;985;0;24;0,635036;1,238438;0;0;0
Task2_Peeling;692;0;24;0,598104;1,294439;0;0;0
Task2_Peeling;671;0;24;0,531546;1,379115;0;0;0
Task2_Peeling;457;0;24;0,429957;1,403188;0;0;0
Task2_Peeling;29;0;24;0,353390;1,470549;0;0;0
Task2_Peeling;917;0;25;0,897248;0,093517;0;0;0
Task2_Peeling;40;0;25;0,878034;0,220130;0;0;0
Task2_Peeling;986;0;25;0,846362;0,584954;0;0;0
Task2_Peeling;76;0;25;0,824699;0,967094;0;0;0
Task2_Peeling;123;0;25;0,815092;1,030400;0;0;0
Task2_Peeling;286;0;25;0,712552;1,112775;0;0;0
Task2_Peeling;187;0;25;0,582688;1,187844;0;0;0
Task2_Peeling;502;0;25;0,418194;1,282932;0;0;0
Task2_Peeling;389;0;25;0,281974;1,327023;0;0;0
Task2_Peeling;910;0;25;0,279672;1,363005;0;0;0
Task2_Peeling;530;0;25;0,114776;1,377471;0;0;0
Task2_Peeling;348;0;26;0,896043;-0,148348;0;0;0
Task2_Peeling;805;0;26;0,836353;0,567639;0;0;0
Task2_Peeling;896;0;26;0,819695;0,958436;0;0;0
Task2_Peeling;421;0;26;0,807384;0,977103;0;0;0
Task2_Peeling;478;0;26;0,683876;1,083150;0;0;0
Task2_Peeling;506;0;26;0,581337;1,165525;0;0;0
Task2_Peeling;425;0;26;0,402778;1,176337;0;0;0
Task2_Peeling;110;0;26;0,385865;1,266968;0;0;0
Task2_Peeling;366;0;26;0,154010;1,285489;0;0;0
Task2_Peeling;129;0;26;0,140749;1,362457;0;0;0
Task2_Peeling;1000;0;27;0,889833;-0,398870;0;0;0
Task2_Peeling;302;0;27;0,824481;-0,072329;0;0;0
Task2_Peeling;590;0;27;0,820937;0,461045;0;0;0
Task2_Peeling;554;0;27;0,818489;0,716572;0;0;0
Task2_Peeling;859;0;27;0,806581;0,815860;0;0;0
Task2_Peeling;706;0;27;0,743676;0,886874;0;0;0
Task2_Peeling;124;0;27;0,680771;0,957888;0;0;0
Task2_Peeling;227;0;27;0,668863;1,057177;0;0;0
Task2_Peeling;408;0;27;0,611912;1,078547;0;0;0
Task2_Peeling;93;0;27;0,567273;1,081250;0;0;0
Task2_Peeling;922;0;27;0,488003;1,103972;0;0;0
Task2_Peeling;212;0;27;0,443363;1,106675;0;0;0
Task2_Peeling;65;0;27;0,343527;1,233689;0;0;0
Task2_Peeling;151;0;27;0,133991;1,250858;0;0;0
Task2_Peeling;576;0;28;0,815531;0,371766;0;0;0
Task2_Peeling;111;0;28;0,806873;0,376770;0;0;0
Task2_Peeling;24;0;28;0,800224;0,784883;0;0;0
Task2_Peeling;618;0;28;0,751932;0,801248;0;0;0
Task2_Peeling;41;0;28;0,671712;0,882271;0;0;0
Task2_Peeling;306;0;28;0,589191;0,999277;0;0;0
Task2_Peeling;957;0;28;0,583236;1,048921;0;0;0
Task2_Peeling;827;0;28;0,452021;1,101670;0;0;0
Task2_Peeling;309;0;28;0,371399;1,102072;0;0;0
Task2_Peeling;578;0;28;0,326760;1,104775;0;0;0
Task2_Peeling;970;0;28;0,322157;1,176739;0;0;0
Task2_Peeling;106;0;28;0,047013;1,220283;0;0;0
Task2_Peeling;953;0;28;-0,279126;1,235552;0;0;0
Task2_Peeling;518;0;29;0,814509;-0,828900;0;0;0
Task2_Peeling;634;0;29;0,809869;-0,017680;0;0;0
Task2_Peeling;854;0;29;0,805668;0,134906;0;0;0
Task2_Peeling;763;0;29;0,805120;0,273829;0;0;0
Task2_Peeling;891;0;29;0,766142;0,665978;0;0;0
Task2_Peeling;107;0;29;0,734215;0,730636;0;0;0
Task2_Peeling;734;0;29;0,666707;0,873614;0;0;0
Task2_Peeling;313;0;29;0,658050;0,878618;0;0;0
Task2_Peeling;980;0;29;0,531839;0,940025;0;0;0
Task2_Peeling;746;0;29;0,468934;1,011039;0;0;0
Task2_Peeling;113;0;29;0,415637;1,018747;0;0;0
Task2_Peeling;749;0;29;0,406979;1,023752;0;0;0
Task2_Peeling;548;0;29;0,284422;1,071496;0;0;0
Task2_Peeling;858;0;29;0,215161;1,111533;0;0;0
Task2_Peeling;375;0;29;0,114923;1,157926;0;0;0
Task2_Peeling;462;0;29;0,052968;1,170638;0;0;0
Task2_Peeling;96;0;29;-0,285482;1,204575;0;0;0
Task2_Peeling;856;0;30;0,795257;0,036969;0;0;0
Task2_Peeling;904;0;30;0,748425;0,595365;0;0;0
Task2_Peeling;902;0;30;0,685520;0,666380;0;0;0
Task2_Peeling;899;0;30;0,675913;0,729686;0;0;0
Task2_Peeling;959;0;30;0,572022;0,789741;0;0;0
Task2_Peeling;571;0;30;0,554707;0,799750;0;0;0
Task2_Peeling;505;0;30;0,538743;0,832079;0;0;0
Task2_Peeling;781;0;30;0,488149;0,884427;0;0;0
Task2_Peeling;745;0;30;0,457172;0,890783;0;0;0
Task2_Peeling;567;0;30;0,451217;0,940427;0;0;0
Task2_Peeling;939;0;30;0,447564;0,954089;0;0;0
Task2_Peeling;430;0;30;0,371947;0,963149;0;0;0
Task2_Peeling;695;0;30;0,320002;0,993176;0;0;0
Task2_Peeling;691;0;30;0,299034;1,016848;0;0;0
Task2_Peeling;299;0;30;0,276714;1,018199;0;0;0
Task2_Peeling;363;0;30;0,242083;1,038218;0;0;0
Task2_Peeling;37;0;30;0,242083;1,038218;0;0;0
Task2_Peeling;326;0;30;0,026593;1,105031;0;0;0
Task2_Peeling;246;0;30;-0,056330;1,141414;0;0;0
Task2_Peeling;435;0;30;-0,340131;1,189963;0;0;0
Task2_Peeling;291;0;31;0,747621;0,434122;0;0;0
Task2_Peeling;50;0;31;0,702032;0,495127;0;0;0
Task2_Peeling;232;0;31;0,675511;0,649064;0;0;0
Task2_Peeling;407;0;31;0,675511;0,649064;0;0;0
Task2_Peeling;369;0;31;0,560661;0,750106;0;0;0
Task2_Peeling;193;0;31;0,523729;0,806106;0;0;0
Task2_Peeling;322;0;31;0,444459;0,828828;0;0;0
Task2_Peeling;344;0;31;0,419838;0,866162;0;0;0
Task2_Peeling;199;0;31;0,371546;0,882527;0;0;0
Task2_Peeling;298;0;31;0,325956;0,943532;0;0;0
Task2_Peeling;558;0;31;0,234376;0,984920;0;0;0
Task2_Peeling;563;0;31;0,060822;1,004391;0;0;0
Task2_Peeling;876;0;31;0,011579;1,079058;0;0;0
Task2_Peeling;434;0;32;0,733302;0,049681;0;0;0
Task2_Peeling;592;0;32;0,730854;0,305208;0;0;0
Task2_Peeling;233;0;32;0,672954;0,384880;0;0;0
Task2_Peeling;391;0;32;0,670653;0,420862;0;0;0
Task2_Peeling;397;0;32;0,661849;0,645411;0;0;0
Task2_Peeling;427;0;32;0,550250;0,652169;0;0;0
Task2_Peeling;242;0;32;0,505611;0,654873;0;0;0
Task2_Peeling;640;0;32;0,496003;0,718179;0;0;0
Task2_Peeling;254;0;32;0,434048;0,730891;0;0;0
Task2_Peeling;874;0;32;0,407126;0,804207;0;0;0
Task2_Peeling;390;0;32;0,386158;0,827878;0;0;0
Task2_Peeling;684;0;32;0,370194;0,860207;0;0;0
Task2_Peeling;144;0;32;0,289572;0,860609;0;0;0
Task2_Peeling;604;0;32;0,235325;0,926619;0;0;0
Task2_Peeling;483;0;32;0,174722;0,961651;0;0;0
Task2_Peeling;846;0;32;0,099105;0,970710;0;0;0
Task2_Peeling;775;0;32;-0,022101;1,040774;0;0;0
Task2_Peeling;468;0;33;0,698014;-0,311089;0;0;0
Task2_Peeling;463;0;33;0,685959;0,007745;0;0;0
Task2_Peeling;582;0;33;0,636826;0,602123;0;0;0
Task2_Peeling;255;0;33;0,419984;0,646617;0;0;0
Task2_Peeling;176;0;33;0,379801;0,796901;0;0;0
Task2_Peeling;633;0;33;0,365189;0,851550;0;0;0
Task2_Peeling;128;0;33;-0,088513;0,905906;0;0;0
Task2_Peeling;345;0;33;-0,161426;0,959605;0;0;0
Task2_Peeling;354;0;33;-0,235692;0,990984;0;0;0
Task2_Peeling;769;0;33;-0,296295;1,026016;0;0;0
Task2_Peeling;265;0;34;0,636571;0,301957;0;0;0
Task2_Peeling;228;0;34;0,607347;0,411254;0;0;0
Task2_Peeling;774;0;34;0,584479;0,551529;0;0;0
Task2_Peeling;712;0;34;0,567164;0,561539;0;0;0
Task2_Peeling;732;0;34;0,546195;0,585210;0;0;0
Task2_Peeling;936;0;34;0,396313;0,625648;0;0;0
Task2_Peeling;688;0;34;0,378998;0,635658;0;0;0
Task2_Peeling;450;0;34;0,356678;0,637009;0;0;0
Task2_Peeling;718;0;34;0,340714;0,669338;0;0;0
Task2_Peeling;866;0;34;0,248184;0,769028;0;0;0
Task2_Peeling;991;0;34;0,158905;0,774435;0;0;0
Task2_Peeling;602;0;34;0,144293;0,829084;0;0;0
Task2_Peeling;149;0;34;-0,142212;0,832992;0;0;0
Task2_Peeling;494;0;34;-0,222833;0,833394;0;0;0
Task2_Peeling;643;0;34;-0,372715;0,873832;0;0;0
Task2_Peeling;870;0;35;0,627548;-0,512917;0;0;0
Task2_Peeling;167;0;35;0,623456;0,159380;0;0;0
Task2_Peeling;940;0;35;0,595986;0,371619;0;0;0
Task2_Peeling;301;0;35;0,572716;0,431273;0;0;0
Task2_Peeling;412;0;35;0,560406;0,449940;0;0;0
Task2_Peeling;873;0;35;0,503857;0,551931;0;0;0
Task2_Peeling;811;0;35;0,275655;0,556789;0;0;0
Task2_Peeling;961;0;35;0,251033;0,594123;0;0;0
Task2_Peeling;735;0;35;0,175416;0,603182;0;0;0
Task2_Peeling;152;0;35;0,138485;0,659183;0;0;0
Task2_Peeling;955;0;35;0,120621;0,808115;0;0;0
Task2_Peeling;626;0;36;0,623055;0,078759;0;0;0
Task2_Peeling;995;0;36;0,590981;0,362962;0;0;0
Task2_Peeling;729;0;36;0,535383;0,406652;0;0;0
Task2_Peeling;362;0;36;0,492496;0,512296;0;0;0
Task2_Peeling;396;0;36;0,310285;0,536771;0;0;0
Task2_Peeling;683;0;36;0,150393;0,559894;0;0;0
Task2_Peeling;979;0;36;0,096146;0,625904;0;0;0
Task2_Peeling;292;0;36;-0,017352;0,749266;0;0;0
Task2_Peeling;825;0;36;-0,097974;0,749667;0;0;0
Task2_Peeling;173;0;36;-0,159928;0,762380;0;0;0
Task2_Peeling;525;0;37;0,579767;0,103782;0;0;0
Task2_Peeling;316;0;37;0,554999;0,360660;0;0;0
Task2_Peeling;631;0;37;0,534031;0,384332;0;0;0
Task2_Peeling;495;0;37;0,530378;0,397994;0;0;0
Task2_Peeling;282;0;37;0,486140;0,481319;0;0;0
Task2_Peeling;711;0;37;0,286614;0,515803;0;0;0
Task2_Peeling;51;0;37;0,083434;0,563949;0;0;0
Task2_Peeling;941;0;37;-0,031818;0,584369;0;0;0
Task2_Peeling;296;0;37;-0,042777;0,625356;0;0;0
Task2_Peeling;999;0;37;-0,147618;0,743713;0;0;0
Task2_Peeling;963;0;37;-0,276532;0,760480;0;0;0
Task2_Peeling;593;0;38;0,556095;0,082814;0;0;0
Task2_Peeling;720;0;38;0,554196;0,199417;0;0;0
Task2_Peeling;967;0;38;0,536332;0,348350;0;0;0
Task2_Peeling;258;0;38;0,416076;0,360112;0;0;0
Task2_Peeling;783;0;38;0,360477;0,403802;0;0;0
Task2_Peeling;205;0;38;0,333555;0,477118;0;0;0
Task2_Peeling;443;0;38;0,311235;0,478469;0;0;0
Task2_Peeling;666;0;38;0,221956;0,483876;0;0;0
Task2_Peeling;733;0;38;0,084384;0,505647;0;0;0
Task2_Peeling;675;0;38;0,073425;0,546634;0;0;0
Task2_Peeling;33;0;38;-0,007197;0,547036;0;0;0
Task2_Peeling;112;0;38;-0,092421;0,619402;0;0;0
Task2_Peeling;621;0;38;-0,249609;0,687165;0;0;0
Task2_Peeling;160;0;39;0,551492;0,154778;0;0;0
Task2_Peeling;452;0;39;0,515912;0,233098;0;0;0
Task2_Peeling;627;0;39;0,491291;0,270431;0;0;0
Task2_Peeling;190;0;39;0,371034;0,282194;0;0;0
Task2_Peeling;547;0;39;0,368733;0,318176;0;0;0
Task2_Peeling;277;0;39;0,320440;0,334541;0;0;0
Task2_Peeling;250;0;39;0,309883;0,456150;0;0;0
Task2_Peeling;646;0;39;0,252933;0,477520;0;0;0
Task2_Peeling;371;0;39;0,057059;0,498341;0;0;0
Task2_Peeling;134;0;39;0,048402;0,503346;0;0;0
Task2_Peeling;139;0;39;-0,198066;0,576515;0;0;0
Task2_Peeling;399;0;39;-0,609831;0,583529;0;0;0
Task2_Peeling;913;0;40;0,551237;-0,145389;0;0;0
Task2_Peeling;659;0;40;0,546086;0,065498;0;0;0
Task2_Peeling;838;0;40;0,538780;0,092823;0;0;0
Task2_Peeling;278;0;40;0,413921;0,176549;0;0;0
Task2_Peeling;403;0;40;0,392003;0,258523;0;0;0
Task2_Peeling;739;0;40;0,295819;0,371875;0;0;0
Task2_Peeling;912;0;40;0,242522;0,379583;0;0;0
Task2_Peeling;252;0;40;0,189225;0,387291;0;0;0
Task2_Peeling;784;0;40;0,185572;0,400953;0;0;0
Task2_Peeling;178;0;40;0,176914;0,405957;0;0;0
Task2_Peeling;750;0;40;0,169608;0,433282;0;0;0
Task2_Peeling;915;0;40;0,116311;0,440989;0;0;0
Task2_Peeling;536;0;40;0,019726;0,473720;0;0;0
Task2_Peeling;962;0;40;-0,014904;0,493739;0;0;0
Task2_Peeling;935;0;40;-0,023562;0,498743;0;0;0
Task2_Peeling;52;0;40;-0,354706;0,505355;0;0;0
Task2_Peeling;303;0;40;-0,394341;0,516716;0;0;0
Task2_Peeling;72;0;41;0,531218;-0,180019;0;0;0
Task2_Peeling;244;0;41;0,486031;-0,038393;0;0;0
Task2_Peeling;793;0;41;0,477373;-0,033388;0;0;0
Task2_Peeling;127;0;41;0,451400;-0,018374;0;0;0
Task2_Peeling;368;0;41;0,430834;0,085919;0;0;0
Task2_Peeling;566;0;41;0,372934;0,165590;0;0;0
Task2_Peeling;798;0;41;0,363327;0,228897;0;0;0
Task2_Peeling;867;0;41;0,293116;0,327235;0;0;0
Task2_Peeling;529;0;41;0,246175;0,365921;0;0;0
Task2_Peeling;103;0;41;0,150941;0,420971;0;0;0
Task2_Peeling;966;0;41;0,097644;0,428679;0;0;0
Task2_Peeling;414;0;41;-0,000292;0,439090;0;0;0
Task2_Peeling;864;0;41;-0,028567;0,490086;0;0;0
Task2_Peeling;636;0;42;0,516497;-0,645082;0;0;0
Task2_Peeling;608;0;42;0,515803;-0,286614;0;0;0
Task2_Peeling;887;0;42;0,470615;-0,144987;0;0;0
Task2_Peeling;416;0;42;0,350614;0,166942;0;0;0
Task2_Peeling;836;0;42;0,313682;0,222942;0;0;0
Task2_Peeling;524;0;42;0,199782;0,265682;0;0;0
Task2_Peeling;911;0;42;0,139581;0,381336;0;0;0
Task2_Peeling;685;0;42;0,039343;0,427729;0;0;0
Task2_Peeling;552;0;42;-0,089572;0,444496;0;0;0
Task2_Peeling;668;0;42;-0,192513;0,446250;0;0;0
Task2_Peeling;676;0;42;-0,208477;0,478579;0;0;0
Task2_Peeling;651;0;43;0,443839;-0,291216;0;0;0
Task2_Peeling;374;0;43;0,410962;-0,168257;0;0;0
Task2_Peeling;572;0;43;0,338450;-0,033936;0;0;0
Task2_Peeling;222;0;43;0,274997;0,176001;0;0;0
Task2_Peeling;777;0;43;0,150138;0,259728;0;0;0
Task2_Peeling;71;0;43;0,115508;0,279746;0;0;0
Task2_Peeling;221;0;43;0,112256;0,374030;0;0;0
Task2_Peeling;98;0;43;-0,213883;0,389299;0;0;0
Task2_Peeling;551;0;43;-0,242157;0,440295;0;0;0
Task2_Peeling;370;0;44;0,438433;-0,380496;0;0;0
Task2_Peeling;156;0;44;0,359564;-0,277152;0;0;0
Task2_Peeling;699;0;44;0,314377;-0,135526;0;0;0
Task2_Peeling;605;0;44;0,302468;-0,036238;0;0;0
Task2_Peeling;845;0;44;0,247673;0,168695;0;0;0
Task2_Peeling;170;0;44;0,137426;0,197773;0;0;0
Task2_Peeling;533;0;44;0,121462;0,230102;0;0;0
Task2_Peeling;829;0;44;0,104147;0,240111;0;0;0
Task2_Peeling;423;0;44;0,053955;0,373080;0;0;0
Task2_Peeling;512;0;44;-0,414761;0,401464;0;0;0
Task2_Peeling;77;0;45;0,427510;-1,078765;0;0;0
Task2_Peeling;792;0;45;0,395291;-0,575018;0;0;0
Task2_Peeling;453;0;45;0,365117;-0,407418;0;0;0
Task2_Peeling;664;0;45;0,307619;-0,247125;0;0;0
Task2_Peeling;964;0;45;0,281646;-0,232111;0;0;0
Task2_Peeling;549;0;45;0,272039;-0,168805;0;0;0
Task2_Peeling;696;0;45;0,241317;0,137718;0;0;0
Task2_Peeling;898;0;45;0,118759;0,185463;0;0;0
Task2_Peeling;569;0;45;0,050850;0,247819;0;0;0
Task2_Peeling;467;0;45;0,016621;0,348459;0;0;0
Task2_Peeling;773;0;45;-0,112293;0,365226;0;0;0
Task2_Peeling;901;0;45;-0,295856;0,367381;0;0;0
Task2_Peeling;600;0;46;0,316423;-0,471674;0;0;0
Task2_Peeling;238;0;46;0,295454;-0,448003;0;0;0
Task2_Peeling;690;0;46;0,271235;-0,330048;0;0;0
Task2_Peeling;662;0;46;0,212385;-0,192074;0;0;0
Task2_Peeling;224;0;46;0,211435;-0,133773;0;0;0
Task2_Peeling;43;0;46;0,188568;0,006502;0;0;0
Task2_Peeling;147;0;46;0,185316;0,100786;0;0;0
Task2_Peeling;285;0;46;0,147033;0,134467;0;0;0
Task2_Peeling;517;0;46;0,062758;0,148531;0;0;0
Task2_Peeling;253;0;46;0,055452;0,175855;0;0;0
Task2_Peeling;603;0;46;0,016219;0,267838;0;0;0
Task2_Peeling;587;0;46;-0,097681;0,310577;0;0;0
Task2_Peeling;274;0;46;-0,106339;0,315582;0;0;0
Task2_Peeling;329;0;46;-0,194266;0,343308;0;0;0
Task2_Peeling;504;0;47;0,310359;-0,941742;0;0;0
Task2_Peeling;461;0;47;0,285993;-0,604242;0;0;0
Task2_Peeling;790;0;47;0,265025;-0,580570;0;0;0
Task2_Peeling;996;0;47;0,219436;-0,519565;0;0;0
Task2_Peeling;878;0;47;0,201974;-0,290011;0;0;0
Task2_Peeling;263;0;47;0,180458;-0,127416;0;0;0
Task2_Peeling;537;0;47;0,179508;-0,069115;0;0;0
Task2_Peeling;714;0;47;0,153535;-0,054101;0;0;0
Task2_Peeling;163;0;47;0,152987;0,084823;0;0;0
Task2_Peeling;650;0;47;0,142028;0,125809;0;0;0
Task2_Peeling;973;0;47;0,004858;0,228203;0;0;0
Task2_Peeling;184;0;47;-0,102686;0,301920;0;0;0
Task2_Peeling;388;0;47;-0,266230;0,338705;0;0;0
Task2_Peeling;574;0;48;0,279017;-1,755263;0;0;0
Task2_Peeling;471;0;48;0,255016;-0,597885;0;0;0
Task2_Peeling;39;0;48;0,189408;-0,571511;0;0;0
Task2_Peeling;981;0;48;0,142723;-0,232659;0;0;0
Task2_Peeling;785;0;48;0,139471;-0,138375;0;0;0
Task2_Peeling;440;0;48;0,138923;0,000548;0;0;0
Task2_Peeling;331;0;48;0,110649;0,051544;0;0;0
Task2_Peeling;97;0;48;0,088329;0,052895;0;0;0
Task2_Peeling;469;0;48;0,009059;0,075617;0;0;0
Task2_Peeling;211;0;48;-0,002849;0,174905;0;0;0
Task2_Peeling;83;0;48;-0,006502;0,188568;0;0;0
Task2_Peeling;778;0;48;-0,165992;0,292312;0;0;0
Task2_Peeling;34;0;48;-0,271235;0,330048;0;0;0
Task2_Peeling;487;0;49;0,242851;-0,798764;0;0;0
Task2_Peeling;595;0;49;0,184403;-0,580168;0;0;0
Task2_Peeling;271;0;49;0,133919;-0,008110;0;0;0
Task2_Peeling;195;0;49;0,109298;0,029224;0;0;0
Task2_Peeling;428;0;49;-0,006904;0,107946;0;0;0
Task2_Peeling;45;0;49;-0,149481;0,121060;0;0;0
Task2_Peeling;321;0;49;-0,156787;0,148385;0;0;0
Task2_Peeling;341;0;49;-0,200075;0,173408;0;0;0
Task2_Peeling;479;0;49;-0,207381;0,200732;0;0;0
Task2_Peeling;843;0;49;-0,332642;0,203837;0;0;0
Task2_Peeling;120;0;49;-0,619146;0,207745;0;0;0
Task2_Peeling;192;0;49;-0,764974;0,315143;0;0;0
Task2_Peeling;293;0;50;0,180349;-0,647128;0;0;0
Task2_Peeling;201;0;50;0,129207;-0,455857;0;0;0
Task2_Peeling;220;0;50;0,124604;-0,383893;0;0;0
Task2_Peeling;740;0;50;0,091727;-0,260933;0;0;0
Task2_Peeling;241;0;50;0,072914;-0,053699;0;0;0
Task2_Peeling;545;0;50;0,054649;0,014612;0;0;0
Task2_Peeling;577;0;50;0,023671;0,020968;0;0;0
Task2_Peeling;165;0;50;-0,015964;0,032329;0;0;0
Task2_Peeling;520;0;50;-0,050594;0,052347;0;0;0
Task2_Peeling;623;0;50;-0,054247;0,066010;0;0;0
Task2_Peeling;8;0;50;-0,066558;0,084676;0;0;0
Task2_Peeling;977;0;50;-0,114850;0,101042;0;0;0
Task2_Peeling;526;0;50;-0,176805;0,113754;0;0;0
Task2_Peeling;971;0;50;-0,309372;0,144183;0;0;0
Task2_Peeling;550;0;50;-0,352660;0,169206;0;0;0
Task2_Peeling;736;0;50;-0,836938;0,310541;0;0;0
Task2_Peeling;607;0;51;0,160878;-0,820682;0;0;0
Task2_Peeling;269;0;51;0,125700;-0,661740;0;0;0
Task2_Peeling;46;0;51;0,098229;-0,449501;0;0;0
Task2_Peeling;70;0;51;0,065754;-0,245920;0;0;0
Task2_Peeling;418;0;51;0,062503;-0,151636;0;0;0
Task2_Peeling;118;0;51;0,057900;-0,079672;0;0;0
Task2_Peeling;721;0;51;0,051946;-0,030028;0;0;0
Task2_Peeling;686;0;51;-0,001352;-0,022320;0;0;0
Task2_Peeling;7;0;51;-0,044640;0,002703;0;0;0
Task2_Peeling;884;0;51;-0,113900;0,042740;0;0;0
Task2_Peeling;470;0;51;-0,165846;0,072768;0;0;0
Task2_Peeling;392;0;51;-0,348057;0,097243;0;0;0
Task2_Peeling;819;0;51;-0,696516;0,113863;0;0;0
Task2_Peeling;104;0;51;-0,884280;0,268604;0;0;0
Task2_Peeling;185;0;52;0,114230;-1,221086;0;0;0
Task2_Peeling;432;0;52;0,095526;-0,494140;0;0;0
Task2_Peeling;324;0;52;0,079562;-0,461811;0;0;0
Task2_Peeling;693;0;52;0,053845;-0,146631;0;0;0
Task2_Peeling;583;0;52;0,045589;-0,061005;0;0;0
Task2_Peeling;539;0;52;-0,088329;-0,052895;0;0;0
Task2_Peeling;477;0;52;-0,172604;-0,038831;0;0;0
Task2_Peeling;897;0;52;-0,184513;0,060457;0;0;0
Task2_Peeling;641;0;52;-0,486981;0,096694;0;0;0
Task2_Peeling;420;0;53;0,090266;-0,802965;0;0;0
Task2_Peeling;540;0;53;0,087965;-0,766983;0;0;0
Task2_Peeling;406;0;53;0,077407;-0,645374;0;0;0
Task2_Peeling;776;0;53;0,023562;-0,498743;0;0;0
Task2_Peeling;376;0;53;0,016512;-0,171252;0;0;0
Task2_Peeling;382;0;53;0,001900;-0,116604;0;0;0
Task2_Peeling;624;0;53;-0,015416;-0,106594;0;0;0
Task2_Peeling;809;0;53;-0,101992;-0,056548;0;0;0
Task2_Peeling;426;0;53;-0,220897;-0,022466;0;0;0
Task2_Peeling;349;0;53;-0,242815;0,059507;0;0;0
Task2_Peeling;670;0;53;-0,658233;0,080183;0;0;0
Task2_Peeling;804;0;54;0,072841;-1,312667;0;0;0
Task2_Peeling;332;0;54;0,056037;-0,702325;0;0;0
Task2_Peeling;730;0;54;0,019507;-0,565703;0;0;0
Task2_Peeling;319;0;54;0,012055;-0,318833;0;0;0
Task2_Peeling;989;0;54;0,002448;-0,255527;0;0;0
Task2_Peeling;359;0;54;-0,070466;-0,201828;0;0;0
Task2_Peeling;490;0;54;-0,141079;-0,184111;0;0;0
Task2_Peeling;925;0;54;-0,159344;-0,115800;0;0;0
Task2_Peeling;36;0;54;-0,161645;-0,079818;0;0;0
Task2_Peeling;748;0;54;-0,244568;-0,043434;0;0;0
Task2_Peeling;456;0;54;-0,283801;0,048548;0;0;0
Task2_Peeling;204;0;54;-0,659585;0,057863;0;0;0
Task2_Peeling;387;0;55;0,029407;-1,068099;0;0;0
Task2_Peeling;738;0;55;0,023708;-0,718288;0;0;0
Task2_Peeling;95;0;55;-0,002411;-0,483729;0;0;0
Task2_Peeling;531;0;55;-0,032986;-0,396752;0;0;0
Task2_Peeling;868;0;55;-0,081827;-0,241463;0;0;0
Task2_Peeling;581;0;55;-0,133773;-0,211435;0;0;0
Task2_Peeling;808;0;55;-0,142430;-0,206431;0;0;0
Task2_Peeling;308;0;55;-0,190321;-0,109444;0;0;0
Task2_Peeling;523;0;55;-0,193974;-0,095782;0;0;0
Task2_Peeling;85;0;55;-0,224951;-0,089425;0;0;0
Task2_Peeling;330;0;55;-0,258230;-0,047087;0;0;0
Task2_Peeling;20;0;55;-0,327491;-0,007050;0;0;0
Task2_Peeling;813;0;55;-0,370779;0,017973;0;0;0
Task2_Peeling;73;0;55;-0,460058;0,023379;0;0;0
Task2_Peeling;648;0;56;0,022905;-0,879531;0;0;0
Task2_Peeling;849;0;56;-0,016475;-0,568004;0;0;0
Task2_Peeling;647;0;56;-0,043397;-0,494688;0;0;0
Task2_Peeling;580;0;56;-0,071671;-0,443693;0;0;0
Task2_Peeling;489;0;56;-0,088585;-0,353062;0;0;0
Task2_Peeling;464;0;56;-0,119562;-0,346706;0;0;0
Task2_Peeling;872;0;56;-0,181517;-0,333993;0;0;0
Task2_Peeling;788;0;56;-0,201134;-0,288002;0;0;0
Task2_Peeling;500;0;56;-0,206686;-0,157736;0;0;0
Task2_Peeling;12;0;56;-0,273646;-0,153682;0;0;0
Task2_Peeling;754;0;56;-0,310577;-0,097681;0;0;0
Task2_Peeling;488;0;56;-0,354815;-0,014356;0;0;0
Task2_Peeling;982;0;57;0,010192;-0,941486;0;0;0
Task2_Peeling;158;0;57;-0,023634;-0,760225;0;0;0
Task2_Peeling;413;0;57;-0,025534;-0,643621;0;0;0
Task2_Peeling;279;0;57;-0,082484;-0,622251;0;0;0
Task2_Peeling;513;0;57;-0,098448;-0,589922;0;0;0
Task2_Peeling;339;0;57;-0,109005;-0,468314;0;0;0
Task2_Peeling;584;0;57;-0,233864;-0,384587;0;0;0
Task2_Peeling;100;0;57;-0,269993;-0,167344;0;0;0
Task2_Peeling;863;0;57;-0,318285;-0,150978;0;0;0
Task2_Peeling;276;0;57;-0,355217;-0,094978;0;0;0
Task2_Peeling;334;0;57;-0,369829;-0,040329;0;0;0
Task2_Peeling;131;0;58;0,003982;-1,192008;0;0;0
Task2_Peeling;724;0;58;-0,026886;-0,665941;0;0;0
Task2_Peeling;409;0;58;-0,102503;-0,656881;0;0;0
Task2_Peeling;975;0;58;-0,125772;-0,597228;0;0;0
Task2_Peeling;871;0;58;-0,127672;-0,480624;0;0;0
Task2_Peeling;142;0;58;-0,172311;-0,477921;0;0;0
Task2_Peeling;311;0;58;-0,247928;-0,468862;0;0;0
Task2_Peeling;938;0;58;-0,250230;-0,432880;0;0;0
Task2_Peeling;791;0;58;-0,258887;-0,427875;0;0;0
Task2_Peeling;268;0;58;-0,274047;-0,234303;0;0;0
Task2_Peeling;559;0;58;-0,344660;-0,216586;0;0;0
Task2_Peeling;444;0;58;-0,401208;-0,114595;0;0;0
Task2_Peeling;419;0;58;-0,460460;-0,057243;0;0;0
Task2_Peeling;771;0;59;-0,014538;-1,423864;0;0;0
Task2_Peeling;851;0;59;-0,028895;-1,069049;0;0;0
Task2_Peeling;355;0;59;-0,042703;-0,853157;0;0;0
Task2_Peeling;312;0;59;-0,046356;-0,839495;0;0;0
Task2_Peeling;772;0;59;-0,051909;-0,709229;0;0;0
Task2_Peeling;84;0;59;-0,067872;-0,676900;0;0;0
Task2_Peeling;869;0;59;-0,130375;-0,525264;0;0;0
Task2_Peeling;713;0;59;-0,187325;-0,503894;0;0;0
Task2_Peeling;655;0;59;-0,256586;-0,463857;0;0;0
Task2_Peeling;823;0;59;-0,279856;-0,404204;0;0;0
Task2_Peeling;318;0;59;-0,283107;-0,309920;0;0;0
Task2_Peeling;218;0;59;-0,295417;-0,291253;0;0;0
Task2_Peeling;796;0;59;-0,381993;-0,241207;0;0;0
Task2_Peeling;364;0;59;-0,634817;-0,199015;0;0;0
Task2_Peeling;786;0;59;-0,720042;-0,126650;0;0;0
Task2_Peeling;816;0;59;-1,062144;-0,079051;0;0;0
Task2_Peeling;708;0;60;-0,040620;-1,928562;0;0;0
Task2_Peeling;88;0;60;-0,045406;-0,897796;0;0;0
Task2_Peeling;200;0;60;-0,062721;-0,887787;0;0;0
Task2_Peeling;446;0;60;-0,074630;-0,788499;0;0;0
Task2_Peeling;449;0;60;-0,109261;-0,768480;0;0;0
Task2_Peeling;481;0;60;-0,135781;-0,614543;0;0;0
Task2_Peeling;965;0;60;-0,213700;-0,569502;0;0;0
Task2_Peeling;180;0;60;-0,258339;-0,566799;0;0;0
Task2_Peeling;108;0;60;-0,270650;-0,548132;0;0;0
Task2_Peeling;946;0;60;-0,300276;-0,519456;0;0;0
Task2_Peeling;850;0;60;-0,324093;-0,320879;0;0;0
Task2_Peeling;857;0;60;-0,377391;-0,313171;0;0;0
Task2_Peeling;950;0;60;-0,394706;-0,303162;0;0;0
Task2_Peeling;30;0;60;-0,403363;-0,298158;0;0;0
Task2_Peeling;415;0;60;-0,549593;-0,271381;0;0;0
Task2_Peeling;140;0;60;-0,575566;-0,256367;0;0;0
Task2_Peeling;907;0;60;-0,620205;-0,253664;0;0;0
Task2_Peeling;235;0;60;-0,802015;-0,148568;0;0;0
Task2_Peeling;822;0;61;-0,086100;-1,347845;0;0;0
Task2_Peeling;386;0;61;-0,089644;-0,814472;0;0;0
Task2_Peeling;719;0;61;-0,152147;-0,662836;0;0;0
Task2_Peeling;865;0;61;-0,227764;-0,653776;0;0;0
Task2_Peeling;535;0;61;-0,340861;-0,449793;0;0;0
Task2_Peeling;937;0;61;-0,342760;-0,333190;0;0;0
Task2_Peeling;49;0;61;-0,449355;-0,317774;0;0;0
Task2_Peeling;145;0;61;-0,678507;-0,254614;0;0;0
Task2_Peeling;835;0;61;-0,960956;-0,183746;0;0;0
Task2_Peeling;472;0;62;-0,099909;-1,131953;0;0;0
Task2_Peeling;18;0;62;-0,116968;-0,821778;0;0;0
Task2_Peeling;69;0;62;-0,188531;-0,745759;0;0;0
Task2_Peeling;498;0;62;-0,206796;-0,677448;0;0;0
Task2_Peeling;826;0;62;-0,309737;-0,675694;0;0;0
Task2_Peeling;949;0;62;-0,347619;-0,561392;0;0;0
Task2_Peeling;304;0;62;-0,352221;-0,489428;0;0;0
Task2_Peeling;352;0;62;-0,367783;-0,376478;0;0;0
Task2_Peeling;924;0;62;-0,378742;-0,335491;0;0;0
Task2_Peeling;401;0;62;-0,708535;-0,306560;0;0;0
Task2_Peeling;343;0;62;-0,918070;-0,289391;0;0;0
Task2_Peeling;28;0;63;-0,103817;-1,418458;0;0;0
Task2_Peeling;834;0;63;-0,127781;-1,000336;0;0;0
Task2_Peeling;99;0;63;-0,145644;-0,851403;0;0;0
Task2_Peeling;288;0;63;-0,201243;-0,807714;0;0;0
Task2_Peeling;114;0;63;-0,214503;-0,730745;0;0;0
Task2_Peeling;442;0;63;-0,267801;-0,723037;0;0;0
Task2_Peeling;637;0;63;-0,381299;-0,599676;0;0;0
Task2_Peeling;847;0;63;-0,385098;-0,366469;0;0;0
Task2_Peeling;840;0;64;-0,121936;-1,569692;0;0;0
Task2_Peeling;394;0;64;-0,133041;-1,309160;0;0;0
Task2_Peeling;54;0;64;-0,150357;-1,299151;0;0;0
Task2_Peeling;358;0;64;-0,174174;-1,100574;0;0;0
Task2_Peeling;853;0;64;-0,190686;-0,929322;0;0;0
Task2_Peeling;378;0;64;-0,264951;-0,897943;0;0;0
Task2_Peeling;237;0;64;-0,265499;-0,759019;0;0;0
Task2_Peeling;496;0;64;-0,291472;-0,744005;0;0;0
Task2_Peeling;990;0;64;-0,291472;-0,744005;0;0;0
Task2_Peeling;307;0;64;-0,390907;-0,536369;0;0;0
Task2_Peeling;677;0;64;-0,400514;-0,473063;0;0;0
Task2_Peeling;860;0;64;-0,407820;-0,445739;0;0;0
Task2_Peeling;454;0;64;-0,416478;-0,440734;0;0;0
Task2_Peeling;534;0;64;-0,453409;-0,384734;0;0;0
Task2_Peeling;214;0;65;-0,196348;-1,318767;0;0;0
Task2_Peeling;493;0;65;-0,260604;-1,270073;0;0;0
Task2_Peeling;357;0;65;-0,274011;-0,973560;0;0;0
Task2_Peeling;239;0;65;-0,324203;-0,840591;0;0;0
Task2_Peeling;356;0;65;-0,356130;-0,775933;0;0;0
Task2_Peeling;894;0;65;-0,404971;-0,620644;0;0;0
Task2_Peeling;958;0;65;-0,410925;-0,571000;0;0;0
Task2_Peeling;175;0;65;-0,458816;-0,474013;0;0;0
Task2_Peeling;943;0;65;-0,777247;-0,405446;0;0;0
Task2_Peeling;202;0;66;-0,220421;-1,420357;0;0;0
Task2_Peeling;889;0;66;-0,281974;-1,327023;0;0;0
Task2_Peeling;758;0;66;-0,290631;-1,322019;0;0;0
Task2_Peeling;795;0;66;-0,306741;-1,070145;0;0;0
Task2_Peeling;702;0;66;-0,332714;-1,055131;0;0;0
Task2_Peeling;630;0;66;-0,359235;-0,901194;0;0;0
Task2_Peeling;914;0;66;-0,406322;-0,642964;0;0;0
Task2_Peeling;613;0;66;-0,459218;-0,554634;0;0;0
Task2_Peeling;74;0;66;-0,558104;-0,485922;0;0;0
Task2_Peeling;555;0;66;-0,990838;-0,455237;0;0;0
Task2_Peeling;460;0;66;-0,999495;-0,450232;0;0;0
Task2_Peeling;186;0;66;-1,132063;-0,419803;0;0;0
Task2_Peeling;956;0;67;-0,279124;-1,501929;0;0;0
Task2_Peeling;325;0;67;-0,319454;-1,132100;0;0;0
Task2_Peeling;208;0;67;-0,401025;-1,073396;0;0;0
Task2_Peeling;588;0;67;-0,418888;-0,924463;0;0;0
Task2_Peeling;437;0;67;-0,426742;-0,758216;0;0;0
Task2_Peeling;251;0;67;-0,481939;-0,633904;0;0;0
Task2_Peeling;818;0;67;-0,497903;-0,601575;0;0;0
Task2_Peeling;544;0;67;-0,517519;-0,555584;0;0;0
Task2_Peeling;722;0;67;-0,802672;-0,529356;0;0;0
Task2_Peeling;510;0;68;-0,324969;-1,741090;0;0;0
Task2_Peeling;26;0;68;-0,335125;-1,538860;0;0;0
Task2_Peeling;617;0;68;-0,348130;-1,161725;0;0;0
Task2_Peeling;844;0;68;-0,392769;-1,159022;0;0;0
Task2_Peeling;78;0;68;-0,421043;-1,108026;0;0;0
Task2_Peeling;726;0;68;-0,450816;-0,859805;0;0;0
Task2_Peeling;741;0;68;-0,461775;-0,818819;0;0;0
Task2_Peeling;297;0;68;-0,509665;-0,721832;0;0;0
Task2_Peeling;1;0;68;-0,525629;-0,689503;0;0;0
Task2_Peeling;466;0;68;-0,525629;-0,689503;0;0;0
Task2_Peeling;978;0;68;-0,536186;-0,567895;0;0;0
Task2_Peeling;665;0;69;-0,369901;-1,299297;0;0;0
Task2_Peeling;988;0;69;-0,376806;-1,191351;0;0;0
Task2_Peeling;19;0;69;-0,437409;-1,156319;0;0;0
Task2_Peeling;109;0;69;-0,499108;-0,843440;0;0;0
Task2_Peeling;66;0;69;-0,553355;-0,777430;0;0;0
Task2_Peeling;177;0;69;-0,557008;-0,763768;0;0;0
Task2_Peeling;680;0;69;-0,557556;-0,624845;0;0;0
Task2_Peeling;682;0;69;-0,700132;-0,611731;0;0;0
Task2_Peeling;262;0;69;-0,757083;-0,590361;0;0;0
Task2_Peeling;284;0;69;-0,832700;-0,581301;0;0;0
Task2_Peeling;638;0;69;-0,877339;-0,578598;0;0;0
Task2_Peeling;903;0;70;-0,386522;-1,647756;0;0;0
Task2_Peeling;25;0;70;-0,412495;-1,632742;0;0;0
Task2_Peeling;968;0;70;-0,424806;-1,614076;0;0;0
Task2_Peeling;310;0;70;-0,480003;-1,489764;0;0;0
Task2_Peeling;645;0;70;-0,495966;-1,457435;0;0;0
Task2_Peeling;768;0;70;-0,498414;-1,201908;0;0;0
Task2_Peeling;377;0;70;-0,526834;-0,931368;0;0;0
Task2_Peeling;861;0;70;-0,553757;-0,858052;0;0;0
Task2_Peeling;905;0;70;-0,562962;-0,714124;0;0;0
Task2_Peeling;439;0;70;-0,572570;-0,650818;0;0;0
Task2_Peeling;203;0;70;-0,800772;-0,645959;0;0;0
Task2_Peeling;709;0;71;-0,399637;-1,790333;0;0;0
Task2_Peeling;611;0;71;-0,464843;-1,683336;0;0;0
Task2_Peeling;639;0;71;-0,500423;-1,605016;0;0;0
Task2_Peeling;350;0;71;-0,514231;-1,389124;0;0;0
Task2_Peeling;422;0;71;-0,534944;-1,065286;0;0;0
Task2_Peeling;830;0;71;-0,554159;-0,938674;0;0;0
Task2_Peeling;87;0;71;-0,568771;-0,884025;0;0;0
Task2_Peeling;166;0;71;-0,592040;-0,824371;0;0;0
Task2_Peeling;480;0;71;-0,652242;-0,708718;0;0;0
Task2_Peeling;194;0;71;-0,691877;-0,697357;0;0;0
Task2_Peeling;761;0;71;-0,748827;-0,675987;0;0;0
Task2_Peeling;707;0;71;-0,927385;-0,665174;0;0;0
Task2_Peeling;794;0;72;-0,401097;-2,332364;0;0;0
Task2_Peeling;522;0;72;-0,441025;-1,881913;0;0;0
Task2_Peeling;475;0;72;-0,524094;-1,625984;0;0;0
Task2_Peeling;16;0;72;-0,535346;-1,145908;0;0;0
Task2_Peeling;289;0;72;-0,549958;-1,091259;0;0;0
Task2_Peeling;755;0;72;-0,596899;-1,052574;0;0;0
Task2_Peeling;347;0;72;-0,602049;-0,841687;0;0;0
Task2_Peeling;360;0;72;-0,668607;-0,757010;0;0;0
Task2_Peeling;209;0;72;-0,672260;-0,743348;0;0;0
Task2_Peeling;801;0;72;-0,694580;-0,741997;0;0;0
Task2_Peeling;527;0;72;-0,803476;-0,690599;0;0;0
Task2_Peeling;216;0;72;-0,964719;-0,689795;0;0;0
Task2_Peeling;855;0;73;-0,482267;-2,193039;0;0;0
Task2_Peeling;511;0;73;-0,504331;-1,891521;0;0;0
Task2_Peeling;4;0;73;-0,538049;-1,190548;0;0;0
Task2_Peeling;615;0;73;-0,563620;-1,094912;0;0;0
Task2_Peeling;609;0;73;-0,604205;-1,025250;0;0;0
Task2_Peeling;57;0;73;-0,661155;-1,003880;0;0;0
Task2_Peeling;697;0;73;-0,682671;-0,841285;0;0;0
Task2_Peeling;694;0;73;-0,715950;-0,798947;0;0;0
Task2_Peeling;157;0;73;-0,769247;-0,791239;0;0;0
Task2_Peeling;261;0;73;-0,800224;-0,784883;0;0;0
Task2_Peeling;257;0;73;-0,828499;-0,733887;0;0;0
Task2_Peeling;689;0;73;-1,226602;-0,723220;0;0;0
Task2_Peeling;272;0;74;-0,514340;-1,908836;0;0;0
Task2_Peeling;663;0;74;-0,554268;-1,458385;0;0;0
Task2_Peeling;687;0;74;-0,565227;-1,417398;0;0;0
Task2_Peeling;300;0;74;-0,618670;-1,190146;0;0;0
Task2_Peeling;921;0;74;-0,651547;-1,067186;0;0;0
Task2_Peeling;260;0;74;-0,653849;-1,031204;0;0;0
Task2_Peeling;589;0;74;-0,689429;-0,952884;0;0;0
Task2_Peeling;753;0;74;-0,733667;-0,869559;0;0;0
Task2_Peeling;770;0;74;-0,858928;-0,866454;0;0;0
Task2_Peeling;586;0;74;-0,933193;-0,835075;0;0;0
Task2_Peeling;136;0;74;-0,980134;-0,796390;0;0;0
Task2_Peeling;839;0;74;-1,003404;-0,736736;0;0;0
Task2_Peeling;447;0;75;-0,570085;-1,645601;0;0;0
Task2_Peeling;340;0;75;-0,574286;-1,493015;0;0;0
Task2_Peeling;890;0;75;-0,622579;-1,476650;0;0;0
Task2_Peeling;393;0;75;-0,628132;-1,346384;0;0;0
Task2_Peeling;756;0;75;-0,678726;-1,294037;0;0;0
Task2_Peeling;521;0;75;-0,718909;-1,143753;0;0;0
Task2_Peeling;6;0;75;-0,727164;-1,058127;0;0;0
Task2_Peeling;820;0;75;-0,783311;-0,875513;0;0;0
Task2_Peeling;752;0;75;-0,974180;-0,846034;0;0;0
Task2_Peeling;598;0;75;-1,107697;-0,757303;0;0;0
Task2_Peeling;929;0;75;-1,236611;-0,740536;0;0;0
Task2_Peeling;625;0;76;-0,580752;-2,043704;0;0;0
Task2_Peeling;994;0;76;-0,596862;-1,791830;0;0;0
Task2_Peeling;919;0;76;-0,619328;-1,570934;0;0;0
Task2_Peeling;143;0;76;-0,622981;-1,557272;0;0;0
Task2_Peeling;320;0;76;-0,648954;-1,542258;0;0;0
Task2_Peeling;782;0;76;-0,653155;-1,389672;0;0;0
Task2_Peeling;398;0;76;-0,664114;-1,348686;0;0;0
Task2_Peeling;501;0;76;-0,815348;-1,330567;0;0;0
Task2_Peeling;337;0;76;-0,816297;-1,272265;0;0;0
Task2_Peeling;455;0;76;-0,877595;-0,878765;0;0;0
Task2_Peeling;610;0;76;-1,033833;-0,869304;0;0;0
Task2_Peeling;987;0;77;-0,599820;-2,136636;0;0;0
Task2_Peeling;916;0;77;-0,643108;-2,111613;0;0;0
Task2_Peeling;119;0;77;-0,654908;-1,492614;0;0;0
Task2_Peeling;196;0;77;-0,665867;-1,451627;0;0;0
Task2_Peeling;361;0;77;-0,691438;-1,355992;0;0;0
Task2_Peeling;372;0;77;-0,820352;-1,339225;0;0;0
Task2_Peeling;983;0;77;-0,843622;-1,279571;0;0;0
Task2_Peeling;553;0;77;-0,945906;-0,897030;0;0;0
Task2_Peeling;606;0;78;-0,666780;-2,132582;0;0;0
Task2_Peeling;862;0;78;-0,701447;-1,373307;0;0;0
Task2_Peeling;612;0;78;-0,883658;-1,348832;0;0;0
Task2_Peeling;780;0;78;-0,909631;-1,333818;0;0;0
Task2_Peeling;153;0;78;-0,951568;-1,286475;0;0;0
Task2_Peeling;564;0;78;-1,004609;-0,978601;0;0;0
Task2_Peeling;68;0;78;-1,081176;-0,911240;0;0;0
Task2_Peeling;405;0;79;-0,701849;-1,453929;0;0;0
Task2_Peeling;47;0;79;-0,738781;-1,397928;0;0;0
Task2_Peeling;402;0;79;-0,756096;-1,387919;0;0;0
Task2_Peeling;58;0;79;-0,840370;-1,373855;0;0;0
Task2_Peeling;918;0;79;-1,002563;-1,314750;0;0;0
Task2_Peeling;507;0;79;-1,031787;-1,205452;0;0;0
Task2_Peeling;591;0;79;-1,061961;-1,037853;0;0;0
Task2_Peeling;2;0;79;-1,112555;-0,985505;0;0;0
Task2_Peeling;80;0;79;-1,179515;-0,981451;0;0;0
Task2_Peeling;814;0;80;-0,709812;-1,807392;0;0;0
Task2_Peeling;441;0;80;-0,711310;-1,610167;0;0;0
Task2_Peeling;365;0;80;-0,769210;-1,530495;0;0;0
Task2_Peeling;229;0;80;-0,770160;-1,472194;0;0;0
Task2_Peeling;411;0;80;-0,809795;-1,460833;0;0;0
Task2_Peeling;373;0;80;-0,907732;-1,450422;0;0;0
Task2_Peeling;240;0;80;-0,911385;-1,436760;0;0;0
Task2_Peeling;557;0;80;-0,923695;-1,418093;0;0;0
Task2_Peeling;459;0;80;-0,954673;-1,411737;0;0;0
Task2_Peeling;281;0;80;-1,008920;-1,345727;0;0;0
Task2_Peeling;62;0;80;-1,075075;-1,180429;0;0;0
Task2_Peeling;367;0;80;-1,235515;-1,018382;0;0;0
Task2_Peeling;215;0;81;-0,710323;-2,407725;0;0;0
Task2_Peeling;226;0;81;-0,714671;-2,035595;0;0;0
Task2_Peeling;932;0;81;-0,716570;-1,918991;0;0;0
Task2_Peeling;556;0;81;-0,737538;-1,895320;0;0;0
Task2_Peeling;632;0;81;-0,754050;-1,724067;0;0;0
Task2_Peeling;644;0;81;-0,802343;-1,707702;0;0;0
Task2_Peeling;945;0;81;-0,831567;-1,598404;0;0;0
Task2_Peeling;191;0;81;-0,863494;-1,533747;0;0;0
Task2_Peeling;317;0;81;-0,904079;-1,464084;0;0;0
Task2_Peeling;231;0;81;-0,959677;-1,420394;0;0;0
Task2_Peeling;55;0;81;-1,021632;-1,407682;0;0;0
Task2_Peeling;998;0;81;-1,111459;-1,263352;0;0;0
Task2_Peeling;704;0;81;-1,194382;-1,226968;0;0;0
Task2_Peeling;181;0;81;-1,254182;-1,030693;0;0;0
Task2_Peeling;213;0;82;-0,726579;-1,936306;0;0;0
Task2_Peeling;656;0;82;-0,792735;-1,771008;0;0;0
Task2_Peeling;716;0;82;-0,841576;-1,615720;0;0;0
Task2_Peeling;105;0;82;-0,927750;-1,485052;0;0;0
Task2_Peeling;42;0;82;-1,143240;-1,418239;0;0;0
Task2_Peeling;503;0;82;-1,281506;-1,037999;0;0;0
Task2_Peeling;585;0;83;-0,742945;-1,984599;0;0;0
Task2_Peeling;661;0;83;-0,846982;-1,704999;0;0;0
Task2_Peeling;879;0;83;-0,949522;-1,622624;0;0;0
Task2_Peeling;259;0;83;-0,955476;-1,572980;0;0;0
Task2_Peeling;654;0;83;-0,962782;-1,545655;0;0;0
Task2_Peeling;601;0;83;-1,042052;-1,522934;0;0;0
Task2_Peeling;927;0;83;-1,066673;-1,485600;0;0;0
Task2_Peeling;280;0;83;-1,231570;-1,471134;0;0;0
Task2_Peeling;164;0;83;-1,341160;-1,061269;0;0;0
Task2_Peeling;954;0;83;-1,430439;-1,055862;0;0;0
Task2_Peeling;764;0;84;-0,764570;-2,341716;0;0;0
Task2_Peeling;223;0;84;-0,867001;-1,739629;0;0;0
Task2_Peeling;451;0;84;-1,069377;-1,530240;0;0;0
Task2_Peeling;657;0;84;-1,144994;-1,521180;0;0;0
Task2_Peeling;15;0;84;-1,341817;-1,442057;0;0;0
Task2_Peeling;217;0;84;-1,382000;-1,291772;0;0;0
Task2_Peeling;314;0;84;-1,443151;-1,117817;0;0;0
Task2_Peeling;243;0;85;-0,790652;-2,846413;0;0;0
Task2_Peeling;628;0;85;-0,946672;-1,797529;0;0;0
Task2_Peeling;174;0;85;-1,002271;-1,753839;0;0;0
Task2_Peeling;516;0;85;-1,079788;-1,628177;0;0;0
Task2_Peeling;951;0;85;-1,102107;-1,626825;0;0;0
Task2_Peeling;485;0;85;-1,200994;-1,558112;0;0;0
Task2_Peeling;969;0;85;-1,510512;-1,194384;0;0;0
Task2_Peeling;797;0;86;-0,969796;-1,957421;0;0;0
Task2_Peeling;146;0;86;-1,009431;-1,946060;0;0;0
Task2_Peeling;90;0;86;-1,088299;-1,842717;0;0;0
Task2_Peeling;705;0;86;-1,180428;-1,662405;0;0;0
Task2_Peeling;161;0;86;-1,488850;-1,576523;0;0;0
Task2_Peeling;616;0;86;-1,580029;-1,454513;0;0;0
Task2_Peeling;698;0;86;-1,695829;-1,295170;0;0;0
Task2_Peeling;629;0;87;-0,985613;-2,144637;0;0;0
Task2_Peeling;133;0;87;-1,120080;-1,997604;0;0;0
Task2_Peeling;336;0;87;-1,126984;-1,889658;0;0;0
Task2_Peeling;672;0;87;-1,184482;-1,729365;0;0;0
Task2_Peeling;974;0;87;-1,277415;-1,710296;0;0;0
Task2_Peeling;928;0;87;-1,330712;-1,702588;0;0;0
Task2_Peeling;568;0;87;-1,726112;-1,647282;0;0;0
Task2_Peeling;290;0;88;-1,024956;-2,572366;0;0;0
Task2_Peeling;599;0;88;-1,073394;-2,336456;0;0;0
Task2_Peeling;197;0;88;-1,084901;-2,156546;0;0;0
Task2_Peeling;993;0;88;-1,165669;-1,936599;0;0;0
Task2_Peeling;538;0;88;-1,165669;-1,936599;0;0;0
Task2_Peeling;126;0;88;-1,252793;-1,747630;0;0;0
Task2_Peeling;400;0;89;-1,126545;-2,548293;0;0;0
Task2_Peeling;183;0;89;-1,183240;-2,226756;0;0;0
Task2_Peeling;579;0;89;-1,222071;-2,054152;0;0;0
Task2_Peeling;294;0;89;-1,261706;-2,042791;0;0;0
Task2_Peeling;141;0;89;-1,419443;-1,836105;0;0;0
Task2_Peeling;828;0;89;-1,435406;-1,803776;0;0;0
Task2_Peeling;653;0;90;-1,183897;-2,607544;0;0;0
Task2_Peeling;900;0;90;-1,203258;-2,261387;0;0;0
Task2_Peeling;787;0;90;-1,328520;-2,258282;0;0;0
Task2_Peeling;842;0;90;-1,334072;-2,128016;0;0;0
Task2_Peeling;886;0;90;-1,451626;-2,071614;0;0;0
Task2_Peeling;431;0;90;-1,579736;-1,893603;0;0;0
Task2_Peeling;438;0;91;-1,192007;-2,741463;0;0;0
Task2_Peeling;102;0;91;-1,265615;-2,329296;0;0;0
Task2_Peeling;137;0;91;-1,336775;-2,172655;0;0;0
Task2_Peeling;117;0;91;-1,596102;-1,941896;0;0;0
Task2_Peeling;219;0;92;-1,280081;-2,494192;0;0;0
Task2_Peeling;445;0;92;-1,338127;-2,194975;0;0;0
Task2_Peeling;424;0;92;-1,472046;-2,186866;0;0;0
Task2_Peeling;56;0;92;-1,489361;-2,176856;0;0;0
Task2_Peeling;264;0;92;-1,762203;-2,169295;0;0;0
Task2_Peeling;17;0;93;-1,348647;-2,812623;0;0;0
Task2_Peeling;171;0;93;-1,366510;-2,663691;0;0;0
Task2_Peeling;561;0;93;-1,367059;-2,524768;0;0;0
Task2_Peeling;436;0;93;-1,439972;-2,471069;0;0;0
Task2_Peeling;906;0;93;-1,536557;-2,438338;0;0;0
Task2_Peeling;328;0;93;-1,576741;-2,288054;0;0;0
Task2_Peeling;807;0;93;-1,581343;-2,216090;0;0;0
Task2_Peeling;806;0;94;-1,377177;-3,061794;0;0;0
Task2_Peeling;803;0;94;-1,466602;-2,836843;0;0;0
Task2_Peeling;132;0;94;-1,581051;-2,655180;0;0;0
Task2_Peeling;315;0;94;-1,593106;-2,336346;0;0;0
Task2_Peeling;824;0;94;-1,615024;-2,254373;0;0;0
Task2_Peeling;10;0;94;-1,680632;-2,227998;0;0;0
Task2_Peeling;275;0;95;-1,610823;-2,406959;0;0;0
Task2_Peeling;162;0;96;-1,629599;-2,938981;0;0;0
Task2_Peeling;395;0;96;-1,654220;-2,901647;0;0;0
Task2_Peeling;385;0;96;-1,672083;-2,752715;0;0;0
Task2_Peeling;744;0;96;-1,903939;-2,734194;0;0;0
Task2_Peeling;751;0;96;-2,118224;-2,425516;0;0;0
Task2_Peeling;841;0;96;-2,166516;-2,409151;0;0;0
Task2_Peeling;448;0;97;-1,707773;-3,194106;0;0;0
Task2_Peeling;575;0;97;-1,759061;-2,783290;0;0;0
Task2_Peeling;667;0;98;-1,846696;-3,194654;0;0;0
Task2_Peeling;597;0;98;-1,892834;-2,994725;0;0;0
Task2_Peeling;519;0;99;-2,107739;-3,806092;0;0;0
Task2_Peeling;944;0;99;-2,127100;-3,459934;0;0;0
Task2_Peeling;560;0;100;-2,455905;-4,228561;0;0;0
